id;X.id;addr.city;addr.city.ca;addr.city.en;addr.city.es;addr.floor;addr.housenumber;addr.postcode;addr.street;addr.street.ca;addr.street.es;addr.unit;alt_name;alt_name.ca;alt_name.en;alt_name.es;amenity;atm;atm.network;atm.operator;branch;brand;brand..2021;brand.ca;brand.en;brand.es;brand.website;brand.wikidata;brand.wikidata..2021;brand.wikipedia;brand.wikipedia..2021;building;building.floor;building.levels.underground;check_date;check_date.opening_hours;contact.email;contact.phone;contact.website;drive_through;level;name;name..2021;name.1926.2010;name.1991.2010;name.2010.2018;name.2011.2016;name.ca;name.en;name.es;network;nohousenumber;note;official_name;old_name;opening_hours;operator;operator..2021;operator.wikidata;operator.wikidata..2021;operator.wikipedia;operator.wikipedia..2021;phone;ref;short_name;source;website;wheelchair;wikidata;wikipedia;longitud;latitud
way/416210389;way/416210389;NA;NA;NA;NA;NA;NA;NA;NA;NA;NA;NA;NA;NA;NA;NA;bank;NA;NA;NA;NA;Caixabank;NA;NA;NA;NA;NA;Q847225;NA;NA;NA;yes;NA;5;NA;NA;NA;NA;NA;NA;NA;Caixabank;NA;NA;NA;NA;NA;NA;NA;NA;NA;NA;NA;NA;NA;NA;La Caixa;NA;NA;NA;NA;NA;NA;NA;NA;NA;NA;NA;NA;NA;-0,375512793;39,47012067
way/492626775;way/492626775;NA;NA;NA;NA;NA;NA;NA;NA;NA;NA;NA;NA;NA;NA;NA;bank;NA;NA;NA;NA;NA;NA;NA;NA;NA;NA;NA;NA;NA;NA;yes;NA;NA;NA;NA;NA;NA;NA;NA;NA;Edifici Banc de València;NA;NA;NA;NA;NA;NA;NA;NA;NA;NA;NA;NA;NA;NA;NA;NA;NA;NA;NA;NA;NA;NA;NA;NA;NA;NA;Q8772089;es:Edificio del Banco de Valencia;-0,373487883;39,47052973
node/106914680;node/106914680;NA;NA;NA;NA;NA;NA;NA;NA;NA;NA;NA;NA;NA;NA;NA;bank;NA;Telebanco 4B;Banco Santander;NA;Banco Santander;NA;NA;Santander Bank;Banco Santander;NA;Q6496310;NA;es:Banco Santander;NA;NA;NA;NA;NA;NA;NA;NA;NA;NA;NA;Banco Santander;NA;NA;NA;NA;NA;Banc Santander;Santander Bank;Banco Santander;Telebanco 4B;NA;NA;Santander Group;NA;NA;Banco Santander;NA;NA;NA;NA;NA;NA;NA;NA;NA;NA;NA;NA;NA;-0,3743822;39,4530108
node/106914688;node/106914688;NA;NA;NA;NA;NA;NA;NA;NA;NA;NA;NA;NA;NA;NA;NA;bank;NA;NA;NA;NA;Caixabank;NA;NA;NA;NA;https://caixabank.es;Q847225;NA;es:CaixaBank;NA;NA;NA;NA;NA;NA;NA;NA;https://www.caixabank.es;NA;NA;Caixabank;NA;NA;NA;NA;NA;NA;NA;NA;NA;NA;NA;NA;NA;NA;NA;NA;NA;NA;NA;NA;NA;NA;NA;NA;NA;NA;NA;NA;-0,374966;39,4530454
node/365242577;node/365242577;NA;NA;NA;NA;NA;NA;NA;NA;NA;NA;NA;NA;NA;NA;NA;bank;yes;NA;NA;NA;Caixabank;Bankia;NA;NA;NA;https://caixabank.es;Q847225;Q806807;es:CaixaBank;es:Bankia;NA;NA;NA;18/12/2024;NA;NA;NA;https://www.caixabank.es;NA;NA;Caixabank;Bankia;NA;NA;NA;NA;NA;NA;NA;NA;NA;NA;NA;NA;NA;Caixabank;Bankia;Q847225;Q806807;es:CaixaBank;es:Bankia;NA;NA;NA;NA;NA;NA;NA;NA;-0,3857276;39,4708155
node/431064243;node/431064243;NA;NA;NA;NA;NA;NA;46001;NA;NA;NA;NA;NA;NA;NA;NA;bank;yes;Telebanco 4B;Banco Santander;NA;Banco Santander;NA;NA;Santander Bank;Banco Santander;NA;Q6496310;NA;es:Banco Santander;NA;NA;NA;NA;22/10/2025;NA;NA;NA;NA;NA;NA;Banco Santander;NA;NA;NA;NA;NA;Banc Santander;Santander Bank;Banco Santander;NA;NA;NA;Santander Group;NA;"Mo-Th 09:00-14:00,16:00-18:30; Fr 09:00-14:00; Sa-Su off";Banco Santander;NA;NA;NA;NA;NA;NA;NA;NA;survey;NA;NA;NA;NA;-0,3799646;39,4728924
node/530289977;node/530289977;NA;NA;NA;NA;NA;NA;NA;NA;NA;NA;NA;NA;NA;NA;NA;bank;yes;NA;NA;NA;Unicaja Banco;NA;NA;NA;NA;NA;Q2891018;NA;es:Unicaja_Banco;NA;NA;NA;NA;NA;NA;NA;NA;NA;NA;NA;Unicaja Banco;NA;NA;NA;NA;NA;NA;NA;NA;NA;NA;NA;NA;NA;NA;NA;NA;NA;NA;NA;NA;NA;NA;NA;NA;NA;NA;NA;NA;-0,3969893;39,485648
node/530289978;node/530289978;NA;NA;NA;NA;NA;NA;NA;NA;NA;NA;NA;NA;NA;NA;NA;bank;yes;NA;NA;NA;Caixabank;Bankia;NA;NA;NA;https://caixabank.es;Q847225;Q806807;es:CaixaBank;es:Bankia;NA;NA;NA;NA;NA;NA;NA;https://www.caixabank.es;NA;NA;Caixabank;Bankia;NA;NA;NA;NA;NA;NA;NA;NA;NA;NA;NA;NA;NA;Caixabank;Bankia;Q847225;Q806807;es:CaixaBank;es:Bankia;NA;NA;NA;NA;NA;NA;NA;NA;-0,3975932;39,4854018
node/850179220;node/850179220;NA;NA;NA;NA;NA;NA;NA;Carrer de Cotanda;NA;NA;NA;NA;NA;NA;NA;bank;yes;NA;NA;NA;Banco Sabadell;NA;Banc Sabadell;NA;Banco Sabadell;NA;Q762330;NA;es:Banco Sabadell;NA;NA;NA;NA;27/03/2024;NA;NA;NA;NA;no;NA;Banco Sabadell;NA;NA;NA;NA;NA;Banc Sabadell;NA;Banco Sabadell;NA;NA;NA;Banco de Sabadell, S.A.;Caja Mediterranea;NA;NA;NA;NA;NA;NA;NA;NA;NA;NA;survey;NA;NA;NA;NA;-0,3773816;39,4712948
node/850179246;node/850179246;NA;NA;NA;NA;NA;NA;NA;NA;NA;NA;NA;NA;NA;NA;NA;bank;NA;NA;NA;NA;Caixabank;Bankia;NA;NA;NA;https://caixabank.es;Q847225;Q806807;es:CaixaBank;es:Bankia;NA;NA;NA;NA;NA;NA;NA;https://www.caixabank.es;NA;NA;Caixabank;Bankia;NA;NA;NA;NA;NA;NA;NA;NA;NA;NA;NA;NA;NA;Caixabank;Bankia;Q847225;Q806807;es:CaixaBank;es:Bankia;NA;NA;NA;NA;NA;NA;NA;NA;-0,371654;39,4954047
node/850179248;node/850179248;NA;NA;NA;NA;NA;NA;NA;NA;NA;NA;NA;Banco Popular;Banc Popular;Popular Bank;Banco Popular;bank;NA;NA;NA;NA;Banco Santander;NA;NA;Santander Bank;Banco Santander;NA;Q6496310;NA;es:Banco Santander;NA;NA;NA;NA;31/03/2024;NA;NA;NA;NA;NA;NA;Banco Santander;NA;NA;NA;NA;NA;Banc Santander;Santander Bank;Banco Santander;NA;NA;NA;Santander Group;Banco Popular Español;NA;NA;NA;NA;NA;NA;NA;NA;NA;BPPR;NA;NA;NA;NA;NA;-0,3754761;39,4705459
node/850179251;node/850179251;NA;NA;NA;NA;NA;NA;NA;NA;NA;NA;NA;NA;NA;NA;NA;bank;NA;NA;NA;NA;NA;NA;NA;NA;NA;NA;NA;NA;NA;NA;NA;NA;NA;NA;NA;NA;NA;NA;NA;NA;NA;NA;NA;NA;NA;NA;NA;NA;NA;NA;NA;NA;NA;Banco Madrid;NA;NA;NA;NA;NA;NA;NA;NA;NA;NA;NA;NA;NA;NA;NA;-0,3776116;39,4713212
node/850179262;node/850179262;NA;NA;NA;NA;NA;NA;NA;NA;NA;NA;NA;NA;NA;NA;NA;bank;NA;NA;NA;NA;BBVA;NA;NA;NA;NA;NA;Q806189;NA;en:Banco Bilbao Vizcaya Argentaria;NA;NA;NA;NA;NA;NA;NA;NA;NA;NA;NA;BBVA;NA;Caixa Catalunya;NA;NA;CatalunyaCaixa;BBVA;NA;NA;NA;NA;NA;Banco Bilbao Vizcaya Argentaria;NA;NA;NA;NA;NA;NA;NA;NA;NA;NA;NA;NA;NA;NA;NA;NA;-0,3718504;39,4951051
node/850179263;node/850179263;NA;NA;NA;NA;NA;NA;NA;NA;NA;NA;NA;NA;NA;NA;NA;bank;NA;NA;NA;NA;NA;NA;NA;NA;NA;NA;NA;NA;NA;NA;NA;NA;NA;NA;NA;NA;NA;NA;NA;NA;Bancaja;NA;NA;NA;NA;NA;NA;NA;NA;NA;NA;NA;NA;NA;NA;NA;NA;NA;NA;NA;NA;NA;NA;NA;NA;NA;NA;NA;NA;-0,3788727;39,4697562
node/850179265;node/850179265;NA;NA;NA;NA;NA;NA;NA;NA;NA;NA;NA;NA;NA;NA;NA;bank;NA;NA;NA;NA;BBVA;NA;NA;NA;NA;NA;Q806189;NA;en:Banco Bilbao Vizcaya Argentaria;NA;NA;NA;NA;NA;NA;NA;NA;NA;NA;NA;BBVA;NA;Caixa Catalunya;NA;NA;CatalunyaCaixa;BBVA;NA;NA;NA;NA;NA;Banco Bilbao Vizcaya Argentaria;NA;NA;NA;NA;NA;NA;NA;NA;NA;NA;NA;NA;NA;NA;NA;NA;-0,3782673;39,4705239
node/850179268;node/850179268;NA;NA;NA;NA;NA;NA;NA;NA;NA;NA;NA;NA;NA;NA;NA;bank;NA;NA;NA;NA;NA;NA;NA;NA;NA;NA;NA;NA;NA;NA;NA;NA;NA;NA;NA;NA;NA;NA;NA;NA;Citybank;NA;NA;NA;NA;NA;NA;NA;NA;NA;NA;NA;NA;NA;NA;NA;NA;NA;NA;NA;NA;NA;NA;NA;NA;NA;NA;NA;NA;-0,3771916;39,4715412
node/1189715317;node/1189715317;NA;NA;NA;NA;NA;NA;NA;NA;NA;NA;NA;NA;NA;NA;NA;bank;yes;Servired;BBVA;NA;BBVA;NA;NA;NA;NA;NA;Q806189;NA;en:Banco Bilbao Vizcaya Argentaria;NA;NA;NA;NA;NA;NA;NA;NA;NA;NA;NA;BBVA;NA;NA;NA;NA;NA;BBVA;NA;NA;NA;NA;NA;Banco Bilbao Vizcaya Argentaria;NA;NA;BBVA;NA;NA;NA;NA;NA;NA;NA;NA;survey;NA;NA;NA;NA;-0,3897417;39,4534639
node/1189718230;node/1189718230;NA;NA;NA;NA;NA;NA;NA;NA;NA;NA;NA;NA;NA;NA;NA;bank;yes;NA;NA;NA;NA;NA;NA;NA;NA;NA;NA;NA;NA;NA;NA;NA;NA;NA;NA;NA;NA;NA;NA;NA;NA;NA;NA;NA;NA;NA;NA;NA;NA;NA;NA;NA;NA;NA;"Mo-Fr 08:30-14:30; Sa 09:30-13:00";Caixa Popular;NA;NA;NA;NA;NA;NA;NA;NA;survey;NA;NA;NA;NA;-0,3890819;39,4525551
node/1236696537;node/1236696537;NA;NA;NA;NA;NA;NA;NA;NA;NA;NA;NA;NA;NA;NA;NA;bank;yes;Servired;Barclays;NA;Barclays;NA;NA;NA;NA;NA;Q245343;NA;en:Barclays;NA;NA;NA;NA;NA;NA;NA;NA;NA;NA;NA;Barclays;NA;NA;NA;NA;NA;NA;NA;NA;NA;NA;NA;NA;NA;NA;NA;NA;NA;NA;NA;NA;NA;NA;NA;NA;NA;NA;NA;NA;-0,3634481;39,4771476
node/1310095070;node/1310095070;NA;NA;NA;NA;NA;NA;NA;NA;NA;NA;NA;NA;NA;NA;NA;bank;yes;NA;NA;NA;NA;NA;NA;NA;NA;NA;NA;NA;NA;NA;NA;NA;NA;NA;NA;NA;NA;NA;NA;NA;NA;NA;NA;NA;NA;NA;NA;NA;NA;NA;NA;NA;NA;NA;NA;Caja de Ingenieros;NA;NA;NA;NA;NA;NA;NA;NA;NA;NA;NA;NA;NA;-0,3724307;39,4662522
node/1443922606;node/1443922606;NA;NA;NA;NA;NA;13;46015;Calle del Valle de la Ballestera;NA;NA;NA;NA;NA;NA;NA;bank;yes;Euro 6000;NA;NA;Ibercaja;NA;NA;NA;NA;NA;Q5907815;NA;es:Ibercaja;NA;NA;NA;NA;NA;NA;NA;NA;NA;NA;NA;Ibercaja;NA;NA;NA;NA;NA;NA;NA;NA;NA;NA;NA;NA;NA;NA;NA;NA;NA;NA;NA;NA;NA;NA;NA;survey;NA;NA;NA;NA;-0,3944782;39,4804942
node/1443922611;node/1443922611;NA;NA;NA;NA;NA;94;46015;Avenida de Campanar;NA;NA;NA;NA;NA;NA;NA;bank;yes;Servired;NA;NA;Caixabank;NA;NA;NA;NA;https://caixabank.es;Q847225;NA;es:CaixaBank;NA;NA;NA;NA;NA;NA;NA;NA;https://www.caixabank.es;NA;NA;Caixabank;NA;NA;NA;NA;NA;NA;NA;NA;NA;NA;NA;NA;NA;NA;NA;NA;NA;NA;NA;NA;NA;NA;NA;survey;NA;NA;NA;NA;-0,393595;39,4804283
node/1452105323;node/1452105323;NA;NA;NA;NA;NA;5;46015;Calle del Marqués de San Juan;NA;NA;NA;NA;NA;NA;NA;bank;yes;Servired;BBVA;NA;BBVA;NA;NA;NA;NA;NA;Q806189;NA;en:Banco Bilbao Vizcaya Argentaria;NA;NA;NA;NA;NA;NA;NA;NA;NA;NA;NA;BBVA;NA;NA;NA;NA;NA;BBVA;NA;NA;NA;NA;NA;Banco Bilbao Vizcaya Argentaria;NA;Mo-Fr 08:30-14:00;BBVA;NA;NA;NA;NA;NA;NA;NA;NA;survey;NA;NA;NA;NA;-0,3949996;39,4787225
node/1452635835;node/1452635835;NA;NA;NA;NA;NA;13;46015;Calle de Rascaña;NA;NA;NA;NA;NA;NA;NA;bank;yes;NA;NA;NA;Caixabank;NA;NA;NA;NA;NA;Q847225;NA;NA;NA;NA;NA;NA;NA;NA;NA;NA;NA;NA;NA;Caixabank;NA;NA;NA;NA;NA;NA;NA;NA;NA;NA;NA;NA;NA;NA;NA;NA;NA;NA;NA;NA;NA;NA;NA;"survey;local knowledge";NA;NA;NA;NA;-0,3949329;39,480656
node/1452635854;node/1452635854;NA;NA;NA;NA;NA;4;46015;Carrer del Doctor Calatayud Baya;NA;NA;NA;NA;NA;NA;NA;bank;yes;NA;NA;NA;Kutxabank;NA;NA;NA;NA;NA;Q5139377;NA;en:Kutxabank;NA;NA;NA;NA;NA;NA;NA;NA;NA;NA;NA;Kutxabank;NA;NA;NA;NA;NA;NA;NA;NA;NA;NA;NA;NA;NA;"Mo-Fr 08:30-14:00; Th 16:45-19:15";Caja Guipuzcua San Sebastian;NA;NA;NA;NA;NA;NA;NA;NA;survey;http://www.kutxa.net;NA;NA;NA;-0,3959078;39,4801997
node/1613639591;node/1613639591;NA;NA;NA;NA;NA;126;46023;Islas Canarias;NA;NA;NA;NA;NA;NA;NA;bank;yes;Servired;NA;NA;Caixabank;Bankia;NA;NA;NA;https://caixabank.es;Q847225;Q806807;es:CaixaBank;es:Bankia;NA;NA;NA;NA;NA;NA;NA;https://www.caixabank.es;NA;NA;Caixabank;Bankia;NA;NA;NA;NA;NA;NA;NA;NA;NA;NA;NA;NA;NA;Caixabank;Bankia;Q847225;Q806807;es:CaixaBank;es:Bankia;NA;NA;NA;NA;NA;NA;NA;NA;-0,3442098;39,4627216
node/1613640209;node/1613640209;NA;NA;NA;NA;NA;NA;NA;NA;NA;NA;NA;NA;NA;NA;NA;bank;yes;Servired;NA;NA;Caixabank;NA;NA;NA;NA;https://caixabank.es;Q847225;NA;es:CaixaBank;NA;NA;NA;NA;NA;NA;NA;NA;https://www.caixabank.es;NA;NA;Caixabank;NA;NA;NA;NA;NA;NA;NA;NA;NA;NA;NA;NA;NA;NA;NA;NA;NA;NA;NA;NA;NA;NA;NA;NA;NA;NA;NA;NA;-0,3441532;39,4628755
node/1615884826;node/1615884826;NA;NA;NA;NA;NA;NA;46019;Camí de Montcada;NA;NA;NA;NA;NA;NA;NA;bank;yes;Euro 6000;NA;NA;Ibercaja;NA;NA;NA;NA;NA;Q5907815;NA;es:Ibercaja;NA;NA;NA;NA;NA;NA;NA;NA;NA;NA;NA;Ibercaja;NA;NA;NA;NA;NA;NA;NA;NA;NA;NA;NA;NA;NA;NA;NA;NA;NA;NA;NA;NA;NA;NA;NA;NA;NA;NA;NA;NA;-0,3795986;39,4932732
node/1615892131;node/1615892131;NA;NA;NA;NA;NA;NA;NA;NA;NA;NA;NA;NA;NA;NA;NA;bank;yes;Servired;NA;NA;Caixabank;NA;NA;NA;NA;https://caixabank.es;Q847225;NA;es:CaixaBank;NA;NA;NA;NA;NA;NA;NA;NA;https://www.caixabank.es;NA;NA;Caixabank;NA;NA;NA;NA;NA;NA;NA;NA;NA;NA;NA;NA;NA;NA;NA;NA;NA;NA;NA;NA;NA;NA;NA;NA;NA;NA;NA;NA;-0,3771337;39,4966697
node/1615901442;node/1615901442;NA;NA;NA;NA;NA;NA;NA;NA;NA;NA;NA;NA;NA;NA;NA;bank;yes;Telebanco 4B;Banco Santander;NA;Banco Santander;NA;NA;Santander Bank;Banco Santander;NA;Q6496310;NA;es:Banco Santander;NA;NA;NA;NA;NA;NA;NA;NA;NA;NA;NA;Banco Santander;NA;NA;NA;NA;NA;Banc Santander;Santander Bank;Banco Santander;NA;NA;NA;Santander Group;NA;NA;Banco Santander;NA;NA;NA;NA;NA;NA;NA;NA;NA;NA;NA;NA;NA;-0,3833267;39,4941485
node/1615910656;node/1615910656;NA;NA;NA;NA;NA;NA;46019;Avinguda Joan XXIII;NA;NA;NA;NA;NA;NA;NA;bank;yes;Servired;NA;NA;Caixabank;NA;NA;NA;NA;https://caixabank.es;Q847225;NA;es:CaixaBank;NA;NA;NA;NA;NA;NA;NA;NA;https://www.caixabank.es;NA;NA;Caixabank;NA;NA;NA;NA;NA;NA;NA;NA;NA;NA;NA;NA;NA;NA;NA;NA;NA;NA;NA;NA;NA;NA;NA;NA;NA;NA;NA;NA;-0,3827312;39,4923229
node/1616009784;node/1616009784;NA;NA;NA;NA;NA;NA;46019;Pedro Cabanes;NA;NA;NA;NA;NA;NA;NA;bank;yes;NA;NA;NA;NA;NA;NA;NA;NA;NA;NA;NA;NA;NA;NA;NA;NA;NA;NA;NA;NA;NA;NA;NA;CAM;NA;NA;NA;NA;NA;NA;NA;NA;NA;NA;NA;NA;NA;NA;NA;NA;NA;NA;NA;NA;NA;NA;NA;NA;NA;NA;NA;NA;-0,3740141;39,4952828
node/1616019725;node/1616019725;NA;NA;NA;NA;NA;NA;46019;Avenida de la Constitución;NA;NA;NA;Banco Popular;Banc Popular;Popular Bank;Banco Popular;bank;yes;Telebanco 4B;NA;NA;Banco Santander;NA;NA;Santander Bank;Banco Santander;NA;Q6496310;NA;es:Banco Santander;NA;NA;NA;NA;NA;NA;NA;NA;NA;NA;NA;Banco Santander;NA;NA;NA;NA;NA;Banc Santander;Santander Bank;Banco Santander;Telebanco 4B;NA;NA;Santander Group;Banco Popular Español;NA;Banco Popular;NA;NA;NA;NA;NA;NA;NA;BPPR;NA;NA;NA;NA;NA;-0,3737351;39,4928031
node/1616024408;node/1616024408;NA;NA;NA;NA;NA;2;46019;Avinguda Doctor Peset Aleixandre;NA;NA;NA;NA;NA;NA;NA;bank;NA;NA;NA;NA;Caixabank;NA;NA;NA;NA;https://caixabank.es;Q847225;NA;es:CaixaBank;NA;NA;NA;NA;NA;NA;NA;NA;https://www.caixabank.es;NA;NA;Caixabank;NA;NA;NA;NA;NA;NA;NA;NA;NA;NA;NA;NA;NA;NA;NA;NA;NA;NA;NA;NA;NA;NA;NA;NA;NA;NA;NA;NA;-0,3740636;39,4921987
node/1616042430;node/1616042430;NA;NA;NA;NA;NA;172;46019;Avenida de la Constitución;NA;NA;NA;NA;NA;NA;NA;bank;yes;Servired;BBVA;NA;BBVA;NA;NA;NA;NA;NA;Q806189;NA;en:Banco Bilbao Vizcaya Argentaria;NA;NA;NA;NA;NA;NA;NA;NA;NA;NA;NA;BBVA;NA;NA;NA;NA;NA;BBVA;NA;NA;NA;NA;NA;Banco Bilbao Vizcaya Argentaria;NA;NA;BBVA;NA;NA;NA;NA;NA;NA;NA;NA;NA;NA;NA;NA;NA;-0,3735688;39,4924636
node/1616053772;node/1616053772;NA;NA;NA;NA;NA;NA;46009;Avenida de la Constitución;NA;NA;NA;NA;NA;NA;NA;bank;yes;Telebanco 4B;Banco Santander;NA;Banco Santander;NA;NA;Santander Bank;Banco Santander;NA;Q6496310;NA;es:Banco Santander;NA;NA;NA;NA;03/10/2024;NA;NA;NA;NA;NA;NA;Banco Santander;NA;NA;NA;NA;NA;Banc Santander;Santander Bank;Banco Santander;NA;NA;NA;Santander Group;NA;NA;NA;NA;NA;NA;NA;NA;NA;NA;NA;NA;NA;NA;NA;NA;-0,3752243;39,4901074
node/1616065537;node/1616065537;NA;NA;NA;NA;NA;NA;46019;Avinguda Doctor Peset Alexandre;NA;NA;NA;NA;NA;NA;NA;bank;NA;NA;NA;NA;Caixabank;NA;NA;NA;NA;https://caixabank.es;Q847225;NA;es:CaixaBank;NA;NA;NA;NA;NA;NA;NA;NA;https://www.caixabank.es;NA;NA;Caixabank;NA;NA;NA;NA;NA;NA;NA;NA;NA;NA;NA;NA;NA;NA;NA;NA;NA;NA;NA;NA;NA;NA;NA;NA;NA;NA;NA;NA;-0,3813885;39,493738
node/1616071524;node/1616071524;NA;NA;NA;NA;NA;6;46019;Carrer Domingo Gómez;NA;NA;NA;NA;NA;NA;NA;bank;NA;NA;NA;NA;Caja Rural;NA;NA;NA;NA;NA;Q3649971;NA;es:Caja Rural;NA;NA;NA;NA;NA;NA;NA;NA;NA;NA;NA;Caja Rural;NA;NA;NA;NA;NA;NA;NA;NA;NA;NA;NA;NA;NA;NA;NA;NA;NA;NA;NA;NA;NA;NA;NA;NA;NA;NA;NA;NA;-0,378717;39,4931957
node/1616072386;node/1616072386;NA;NA;NA;NA;NA;NA;NA;NA;NA;NA;NA;NA;NA;NA;NA;bank;NA;NA;NA;NA;Banco Santander;NA;NA;Santander Bank;Banco Santander;NA;Q6496310;NA;es:Banco Santander;NA;NA;NA;NA;NA;NA;NA;NA;NA;NA;NA;Banco Santander;NA;NA;NA;NA;NA;Banc Santander;Santander Bank;Banco Santander;NA;NA;NA;Santander Group;Banco Popular Español;NA;NA;NA;NA;NA;NA;NA;NA;NA;NA;NA;NA;NA;NA;NA;-0,377966;39,4944045
node/1708719158;node/1708719158;NA;NA;NA;NA;NA;NA;NA;NA;NA;NA;NA;NA;NA;NA;NA;bank;NA;NA;NA;NA;Banco Santander;NA;NA;Santander Bank;Banco Santander;NA;Q6496310;NA;es:Banco Santander;NA;NA;NA;NA;NA;NA;NA;NA;NA;NA;NA;Banco Santander;NA;NA;NA;NA;NA;Banc Santander;Santander Bank;Banco Santander;NA;NA;NA;Santander Group;Banco Popular Español;NA;NA;NA;NA;NA;NA;NA;NA;NA;NA;NA;NA;NA;NA;NA;-0,3443385;39,4619119
node/1708719178;node/1708719178;NA;NA;NA;NA;NA;NA;NA;NA;NA;NA;NA;NA;NA;NA;NA;bank;NA;NA;NA;NA;Banco Sabadell;NA;Banc Sabadell;NA;Banco Sabadell;NA;Q762330;NA;es:Banco Sabadell;NA;NA;NA;NA;NA;NA;NA;NA;NA;NA;NA;Banco Sabadell;NA;NA;NA;NA;NA;Banc Sabadell;NA;Banco Sabadell;NA;NA;NA;Banco de Sabadell, S.A.;NA;NA;NA;NA;NA;NA;NA;NA;NA;NA;NA;NA;NA;NA;NA;NA;-0,3451137;39,46332
node/1712738769;node/1712738769;NA;NA;NA;NA;NA;NA;NA;NA;NA;NA;NA;NA;NA;NA;NA;bank;yes;NA;NA;NA;Caixabank;Bankia;NA;NA;NA;https://caixabank.es;Q847225;Q806807;es:CaixaBank;es:Bankia;NA;NA;NA;NA;NA;NA;NA;https://www.caixabank.es;NA;NA;Caixabank;Bankia;NA;NA;NA;NA;NA;NA;NA;NA;NA;NA;NA;NA;NA;Caixabank;Bankia;Q847225;Q806807;es:CaixaBank;es:Bankia;NA;NA;NA;NA;NA;NA;NA;NA;-0,3505312;39,4596882
node/1889271727;node/1889271727;NA;NA;NA;NA;NA;NA;NA;NA;NA;NA;NA;NA;NA;NA;NA;bank;yes;NA;NA;NA;Banco Santander;NA;NA;Santander Bank;Banco Santander;NA;Q6496310;NA;es:Banco Santander;NA;NA;NA;NA;NA;NA;NA;NA;NA;NA;NA;Banco Santander;NA;NA;NA;NA;NA;Banc Santander;Santander Bank;Banco Santander;NA;NA;NA;Santander Group;NA;NA;Banco Santander, S.A.;NA;NA;NA;NA;NA;NA;NA;NA;NA;NA;NA;NA;NA;-0,3464565;39,4642205
node/1889271740;node/1889271740;NA;NA;NA;NA;NA;NA;NA;NA;NA;NA;NA;NA;NA;NA;NA;bank;yes;Servired;NA;NA;Caixabank;NA;NA;NA;NA;https://caixabank.es;Q847225;NA;es:CaixaBank;NA;NA;NA;NA;NA;NA;NA;NA;https://www.caixabank.es;NA;NA;Caixabank;NA;NA;NA;NA;NA;NA;NA;NA;NA;NA;NA;NA;NA;NA;NA;NA;NA;NA;NA;NA;NA;NA;NA;NA;NA;no;NA;NA;-0,3459734;39,4593067
node/2288371259;node/2288371259;NA;NA;NA;NA;NA;NA;NA;NA;NA;NA;NA;NA;NA;NA;NA;bank;yes;Servired;NA;NA;Caixabank;Bankia;NA;NA;NA;https://caixabank.es;Q847225;Q806807;es:CaixaBank;es:Bankia;NA;NA;NA;NA;NA;NA;NA;https://www.caixabank.es;NA;NA;Caixabank;Bankia;NA;NA;NA;NA;NA;NA;NA;NA;NA;NA;NA;NA;NA;Caixabank;Bankia;Q847225;Q806807;es:CaixaBank;es:Bankia;NA;NA;NA;NA;NA;NA;NA;NA;-0,3745594;39,4604118
node/2475527911;node/2475527911;NA;NA;NA;NA;NA;NA;NA;NA;NA;NA;NA;NA;NA;NA;NA;bank;yes;Servired;BBVA;NA;BBVA;NA;NA;NA;NA;NA;Q806189;NA;en:Banco Bilbao Vizcaya Argentaria;NA;NA;NA;NA;NA;NA;NA;NA;NA;NA;NA;BBVA;NA;NA;NA;NA;NA;BBVA;NA;NA;NA;NA;NA;Banco Bilbao Vizcaya Argentaria;NA;NA;BBVA;NA;NA;NA;NA;NA;NA;NA;NA;NA;NA;NA;NA;NA;-0,3792412;39,4679214
node/2475527912;node/2475527912;NA;NA;NA;NA;NA;NA;NA;NA;NA;NA;NA;NA;NA;NA;NA;bank;yes;Servired;NA;NA;Caixabank;Bankia;NA;NA;NA;https://caixabank.es;Q847225;Q806807;es:CaixaBank;es:Bankia;NA;NA;NA;NA;NA;NA;NA;https://www.caixabank.es;NA;NA;Caixabank;Bankia;NA;NA;NA;NA;NA;NA;NA;NA;NA;NA;NA;NA;NA;Caixabank;Bankia;Q847225;Q806807;es:CaixaBank;es:Bankia;NA;NA;NA;NA;NA;NA;NA;NA;-0,3783999;39,4677001
node/2475527913;node/2475527913;NA;NA;NA;NA;NA;NA;NA;NA;NA;NA;NA;NA;NA;NA;NA;bank;yes;Servired;NA;NA;Caixabank;Bankia;NA;NA;NA;https://caixabank.es;Q847225;Q806807;es:CaixaBank;es:Bankia;NA;NA;NA;NA;NA;NA;NA;https://www.caixabank.es;NA;NA;Caixabank;Bankia;NA;NA;NA;NA;NA;NA;NA;NA;NA;NA;NA;NA;NA;Caixabank;Bankia;Q847225;Q806807;es:CaixaBank;es:Bankia;NA;NA;NA;NA;NA;NA;NA;NA;-0,380385;39,4682103
node/2506451016;node/2506451016;NA;NA;NA;NA;NA;NA;NA;NA;NA;NA;NA;NA;NA;NA;NA;bank;yes;Euro 6000;NA;NA;Abanca;NA;NA;NA;NA;NA;Q9598744;NA;NA;NA;NA;NA;NA;01/04/2024;NA;NA;NA;NA;NA;NA;Abanca;NA;NA;NA;NA;NA;NA;NA;NA;NA;NA;NA;ABANCA Corporación Bancaria;NA;NA;NA;NA;NA;NA;NA;NA;34963343698;NA;NA;NA;NA;NA;NA;NA;-0,3763102;39,469064
node/2506451020;node/2506451020;NA;NA;NA;NA;NA;NA;NA;NA;NA;NA;NA;NA;NA;NA;NA;bank;yes;Euro 6000;NA;NA;Unicaja Banco;NA;NA;NA;NA;NA;Q20908850;NA;en:Unicaja;NA;NA;NA;NA;01/04/2024;NA;NA;NA;NA;NA;NA;Unicaja Banco;NA;NA;Caja Duero;NA;NA;NA;NA;NA;NA;NA;NA;NA;NA;NA;NA;NA;NA;NA;NA;NA;NA;NA;Unicaja;NA;NA;NA;NA;NA;-0,3765173;39,4690548
node/2506451024;node/2506451024;NA;NA;NA;NA;NA;NA;NA;NA;NA;NA;NA;NA;NA;NA;NA;bank;yes;Servired;Cajamar;NA;Cajamar;NA;NA;NA;NA;NA;Q8254971;NA;es:Cajamar;NA;NA;NA;NA;29/05/2025;NA;NA;NA;NA;NA;NA;Cajamar;NA;NA;NA;NA;NA;NA;NA;NA;NA;NA;NA;NA;NA;"Sep-Jun: Mo-Fr 09:00-14:00; Jul-Aug: Mo-Fr 08:30-14:00";Cajamar;NA;NA;NA;NA;NA;NA;NA;NA;NA;NA;NA;NA;NA;-0,3768399;39,4679484
node/2506470158;node/2506470158;València;València;NA;NA;NA;NA;NA;NA;NA;NA;NA;NA;NA;NA;NA;bank;yes;Telebanco 4B;Banco Santander;NA;Banco Santander;NA;NA;Santander Bank;Banco Santander;NA;Q6496310;NA;es:Banco Santander;NA;NA;NA;NA;NA;NA;NA;NA;NA;NA;NA;Banco Santander;NA;NA;NA;NA;NA;Banc Santander;Santander Bank;Banco Santander;NA;NA;NA;Santander Group;NA;NA;Banco Santander;NA;NA;NA;NA;NA;NA;NA;NA;NA;NA;NA;NA;NA;-0,3687289;39,4716596
node/2506470168;node/2506470168;València;NA;NA;NA;NA;NA;46003;Carrer del Justícia;NA;NA;NA;NA;NA;NA;NA;bank;yes;NA;NA;NA;NA;NA;NA;NA;NA;NA;NA;NA;NA;NA;NA;NA;NA;NA;NA;NA;NA;NA;NA;NA;Triodos Bank;NA;NA;NA;NA;NA;NA;NA;NA;NA;NA;NA;NA;NA;"Mo 10:00-15:00; Tu-We,Fr 09:00-15:00; Th 09:00-17:30; PH,Sa-Su closed";NA;NA;NA;NA;NA;NA;NA;NA;NA;NA;NA;NA;NA;NA;-0,3678626;39,4724345
node/2506490499;node/2506490499;NA;NA;NA;NA;NA;NA;NA;NA;NA;NA;NA;NA;NA;NA;NA;bank;yes;Servired;Sabadell CAM;NA;Banco Sabadell;NA;Banc Sabadell;NA;Banco Sabadell;NA;Q762330;NA;es:Banco Sabadell;NA;NA;NA;NA;NA;NA;NA;NA;NA;NA;NA;Banco Sabadell;NA;NA;NA;NA;NA;Banc Sabadell;NA;Banco Sabadell;NA;NA;NA;Banco de Sabadell, S.A.;NA;"Oct-Mar: Mo-We,Fr 08:15-14:00; Oct-Mar: Th 08:15-18:30; Apr-Sep: Mo-Fr 08:15-14:00";NA;NA;NA;NA;NA;NA;NA;NA;NA;NA;NA;limited;NA;NA;-0,3478893;39,4731963
node/2508406541;node/2508406541;València;NA;NA;NA;NA;118;46021;Avinguda de Blasco Ibáñez;NA;NA;NA;NA;NA;NA;NA;bank;yes;Servired;BBVA;NA;BBVA;NA;NA;NA;NA;NA;Q806189;NA;en:Banco Bilbao Vizcaya Argentaria;NA;NA;NA;NA;NA;NA;NA;NA;NA;NA;NA;BBVA;NA;NA;NA;NA;NA;BBVA;NA;NA;NA;NA;NA;Banco Bilbao Vizcaya Argentaria;NA;Mo-Fr 07:30-13:15;NA;NA;NA;NA;NA;NA;34963568240;6525;NA;NA;https://www.bbva.es/general/oficinas/valencia/valencia/valencia-valencia-b.iba%C3%B1ez/6525;yes;NA;NA;-0,3471236;39,4732686
node/2508922298;node/2508922298;NA;NA;NA;NA;NA;NA;NA;NA;NA;NA;NA;NA;NA;NA;NA;bank;yes;Euro 6000;NA;NA;Kutxabank;NA;NA;NA;NA;NA;Q5139377;NA;en:Kutxabank;NA;NA;NA;NA;NA;NA;NA;NA;NA;NA;NA;Kutxabank;NA;NA;NA;NA;NA;NA;NA;NA;NA;NA;NA;NA;NA;"Jan-Dec Mo-Fr 08:30-14:00; Oct-Apr Th 16:45-19:15";NA;NA;NA;NA;NA;NA;NA;NA;NA;NA;NA;yes;NA;NA;-0,3456981;39,4738349
node/2508922299;node/2508922299;NA;NA;NA;NA;NA;NA;NA;NA;NA;NA;NA;NA;NA;NA;NA;bank;yes;Servired;La Caixa;NA;Caixabank;NA;NA;NA;NA;https://caixabank.es;Q847225;NA;es:CaixaBank;NA;NA;NA;NA;NA;NA;NA;NA;https://www.caixabank.es;NA;NA;Caixabank;NA;NA;NA;NA;NA;NA;NA;NA;NA;NA;NA;NA;NA;Mo-Fr 08:15-14:15;NA;NA;NA;NA;NA;NA;NA;NA;NA;NA;NA;yes;NA;NA;-0,3469333;39,4741959
node/2508922320;node/2508922320;NA;NA;NA;NA;NA;NA;NA;NA;NA;NA;NA;NA;NA;NA;NA;bank;NA;NA;NA;NA;Kutxabank;NA;NA;NA;NA;NA;Q5139377;NA;NA;NA;NA;NA;NA;NA;NA;NA;NA;NA;NA;NA;Kutxabank;NA;NA;NA;NA;NA;NA;NA;NA;NA;NA;NA;NA;NA;NA;NA;NA;NA;NA;NA;NA;NA;NA;NA;NA;NA;NA;NA;NA;-0,3435915;39,4732237
node/3014161762;node/3014161762;NA;NA;NA;NA;NA;NA;NA;NA;NA;NA;NA;NA;NA;NA;NA;bank;NA;NA;NA;NA;Caixabank;Bankia;NA;NA;NA;https://caixabank.es;Q847225;Q806807;es:CaixaBank;es:Bankia;NA;NA;NA;NA;NA;NA;NA;https://www.caixabank.es;NA;NA;Caixabank;Bankia;NA;NA;NA;NA;NA;NA;NA;NA;NA;NA;NA;NA;NA;Caixabank;Bankia;Q847225;Q806807;es:CaixaBank;es:Bankia;NA;NA;NA;NA;NA;NA;NA;NA;-0,3863746;39,4661881
node/3394592693;node/3394592693;València;NA;NA;NA;NA;NA;46010;Avinguda de Blasco Ibáñez;NA;NA;NA;NA;NA;NA;NA;bank;yes;Telebanco 4B;Banco Santander;NA;Banco Santander;NA;NA;Santander Bank;Banco Santander;NA;Q6496310;NA;es:Banco Santander;NA;NA;NA;NA;NA;NA;NA;NA;NA;NA;NA;Banco Santander;NA;NA;NA;NA;NA;Banc Santander;Santander Bank;Banco Santander;NA;yes;Dentro de la facultad de Psicología;Santander Group;NA;NA;NA;NA;NA;NA;NA;NA;+34 963934833;NA;NA;NA;NA;NA;NA;NA;-0,358892;39,4783885
node/3540455758;node/3540455758;NA;NA;NA;NA;NA;NA;NA;NA;NA;NA;NA;NA;NA;NA;NA;bank;NA;NA;NA;NA;Caixabank;Bankia;NA;NA;NA;https://caixabank.es;Q847225;Q806807;es:CaixaBank;es:Bankia;NA;NA;NA;NA;NA;NA;NA;https://www.caixabank.es;NA;NA;Caixabank;Bankia;NA;NA;NA;NA;NA;NA;NA;NA;NA;NA;NA;NA;"Oct-Apr: Mo-Fr 08:15-14:30; Oct-Apr: Th 16:15-18:30; May-Sep: Mo-Fr 08:15-14:30";Caixabank;Bankia;Q847225;Q806807;es:CaixaBank;es:Bankia;NA;NA;NA;NA;NA;NA;NA;NA;-0,4192543;39,5017258
node/3657800507;node/3657800507;NA;NA;NA;NA;NA;NA;NA;NA;NA;NA;NA;NA;NA;NA;NA;bank;NA;NA;NA;NA;Banco Sabadell;NA;Banc Sabadell;NA;Banco Sabadell;NA;Q762330;NA;es:Banco Sabadell;NA;NA;NA;NA;NA;NA;NA;NA;NA;NA;NA;Banco Sabadell;NA;NA;NA;NA;NA;Banc Sabadell;NA;Banco Sabadell;NA;NA;NA;Banco de Sabadell, S.A.;NA;NA;NA;NA;NA;NA;NA;NA;NA;NA;NA;NA;NA;NA;NA;NA;-0,3728395;39,4711938
node/3657800511;node/3657800511;NA;NA;NA;NA;NA;NA;NA;NA;NA;NA;NA;NA;NA;NA;NA;bank;NA;NA;NA;NA;BBVA;NA;NA;NA;NA;NA;Q806189;NA;en:Banco Bilbao Vizcaya Argentaria;NA;NA;NA;NA;31/03/2024;NA;NA;NA;NA;NA;NA;BBVA;NA;NA;NA;NA;NA;BBVA;NA;NA;NA;NA;NA;Banco Bilbao Vizcaya Argentaria;NA;NA;NA;NA;NA;NA;NA;NA;NA;NA;NA;NA;NA;NA;NA;NA;-0,3740036;39,4706982
node/3657800514;node/3657800514;NA;NA;NA;NA;NA;NA;NA;NA;NA;NA;NA;NA;NA;NA;NA;bank;NA;NA;NA;NA;NA;NA;NA;NA;NA;NA;NA;NA;NA;NA;NA;NA;NA;NA;NA;NA;NA;NA;NA;NA;CCM;NA;NA;NA;NA;NA;NA;NA;NA;NA;NA;NA;NA;NA;NA;NA;NA;NA;NA;NA;NA;NA;NA;NA;NA;NA;NA;NA;NA;-0,3735799;39,4708171
node/3657800522;node/3657800522;NA;NA;NA;NA;NA;NA;NA;NA;NA;NA;NA;NA;NA;NA;NA;bank;NA;NA;NA;NA;Kutxabank;NA;NA;NA;NA;NA;Q5139377;NA;en:Kutxabank;NA;NA;NA;NA;NA;NA;NA;NA;NA;NA;NA;Kutxabank;NA;NA;NA;NA;NA;NA;NA;NA;NA;NA;NA;NA;NA;NA;NA;NA;NA;NA;NA;NA;NA;NA;NA;NA;NA;NA;NA;NA;-0,3730157;39,4710786
node/3657800523;node/3657800523;NA;NA;NA;NA;NA;NA;NA;NA;NA;NA;NA;NA;NA;NA;NA;bank;NA;NA;NA;NA;Banco Santander;NA;NA;Santander Bank;Banco Santander;NA;Q6496310;NA;es:Banco Santander;NA;NA;NA;NA;NA;NA;NA;NA;NA;NA;NA;Banco Santander;NA;NA;NA;NA;NA;Banc Santander;Santander Bank;Banco Santander;NA;NA;NA;Santander Group;NA;NA;NA;NA;NA;NA;NA;NA;NA;NA;NA;NA;NA;NA;NA;NA;-0,3726566;39,4712811
node/3657800628;node/3657800628;NA;NA;NA;NA;NA;NA;NA;NA;NA;NA;NA;NA;NA;NA;NA;bank;NA;NA;NA;NA;Caixabank;NA;NA;NA;NA;NA;Q847225;NA;NA;NA;NA;NA;NA;31/03/2024;NA;NA;NA;NA;NA;NA;Caixabank;NA;NA;NA;NA;NA;NA;NA;NA;NA;NA;NA;NA;NA;NA;NA;NA;NA;NA;NA;NA;NA;NA;NA;NA;NA;NA;NA;NA;-0,3737029;39,4704903
node/3657800631;node/3657800631;NA;NA;NA;NA;NA;NA;NA;NA;NA;NA;NA;NA;NA;NA;NA;bank;NA;NA;NA;NA;Unicaja Banco;NA;NA;NA;NA;NA;Q2543704;NA;en:Unicaja;NA;NA;NA;NA;NA;NA;NA;NA;NA;NA;NA;Unicaja Banco;NA;NA;NA;NA;NA;NA;NA;NA;NA;NA;NA;NA;NA;NA;NA;NA;NA;NA;NA;NA;NA;NA;Unicaja;NA;NA;NA;NA;NA;-0,3722068;39,4713312
node/3657800636;node/3657800636;NA;NA;NA;NA;NA;NA;NA;NA;NA;NA;NA;NA;NA;NA;NA;bank;NA;NA;NA;NA;Caixabank;Bankia;NA;NA;NA;https://caixabank.es;Q847225;Q806807;es:CaixaBank;es:Bankia;NA;NA;NA;NA;NA;NA;NA;https://www.caixabank.es;NA;NA;Caixabank;Bankia;NA;NA;NA;NA;NA;NA;NA;NA;NA;NA;NA;NA;NA;Caixabank;Bankia;Q847225;Q806807;es:CaixaBank;es:Bankia;NA;NA;NA;NA;NA;NA;NA;NA;-0,3728156;39,470966
node/3657800640;node/3657800640;NA;NA;NA;NA;NA;10;NA;Carrer de les Barques;NA;NA;NA;NA;NA;NA;NA;bank;NA;NA;NA;NA;Banco Mediolanum;NA;NA;NA;NA;NA;NA;NA;NA;NA;NA;NA;NA;31/03/2024;NA;info@mediolanum.es;+34 900 800 310;https://bancomediolanum.es;NA;NA;Banco Mediolanum;NA;NA;NA;NA;NA;NA;NA;NA;NA;NA;NA;NA;NA;Mo-Fr 09:00-14:00,16:00-19:00;NA;NA;NA;NA;NA;NA;NA;NA;NA;NA;NA;NA;Q16489448;NA;-0,374073;39,4703237
node/3657800662;node/3657800662;NA;NA;NA;NA;NA;NA;NA;NA;NA;NA;NA;NA;NA;NA;NA;bank;NA;NA;NA;NA;Cajamar;NA;NA;NA;NA;NA;Q8254971;NA;es:Cajamar;NA;NA;NA;NA;NA;NA;NA;NA;NA;NA;NA;Cajamar;NA;NA;NA;NA;NA;NA;NA;NA;NA;NA;NA;NA;NA;NA;NA;NA;NA;NA;NA;NA;NA;NA;NA;NA;NA;NA;NA;NA;-0,3723978;39,4711676
node/3657800672;node/3657800672;NA;NA;NA;NA;NA;8;NA;Carrer de les Barques;NA;NA;NA;NA;NA;NA;NA;bank;yes;NA;NA;NA;Banco Santander;NA;NA;Santander Bank;Banco Santander;NA;Q6496310;NA;es:Banco Santander;NA;NA;NA;NA;31/03/2024;NA;NA;NA;NA;NA;NA;Banco Santander;NA;NA;NA;NA;NA;Banc Santander;Santander Bank;Banco Santander;NA;NA;NA;Santander Group;NA;NA;NA;NA;NA;NA;NA;NA;NA;NA;NA;NA;NA;NA;NA;NA;-0,3742823;39,4702934
node/3658278555;node/3658278555;NA;NA;NA;NA;NA;NA;NA;NA;NA;NA;NA;NA;NA;NA;NA;bank;NA;NA;NA;NA;Caixabank;NA;NA;NA;NA;https://caixabank.es;Q847225;NA;es:CaixaBank;NA;NA;NA;NA;NA;NA;NA;NA;https://www.caixabank.es;NA;NA;Caixabank;NA;NA;NA;NA;NA;NA;NA;NA;NA;NA;NA;NA;NA;NA;NA;NA;NA;NA;NA;NA;NA;NA;NA;NA;NA;NA;NA;NA;-0,373754;39,4646221
node/3658278556;node/3658278556;NA;NA;NA;NA;NA;NA;NA;NA;NA;NA;NA;Banco Popular;Banc Popular;Popular Bank;Banco Popular;bank;NA;NA;NA;NA;Banco Santander;NA;NA;Santander Bank;Banco Santander;NA;Q6496310;NA;es:Banco Santander;NA;NA;NA;NA;NA;NA;NA;NA;NA;NA;NA;Banco Santander;NA;NA;NA;NA;NA;Banc Santander;Santander Bank;Banco Santander;NA;NA;NA;Santander Group;Banco Popular Español;NA;NA;NA;NA;NA;NA;NA;NA;NA;BPPR;NA;NA;NA;NA;NA;-0,3719903;39,4634799
node/3699314138;node/3699314138;València;NA;NA;NA;NA;17;46010;Calle Alboraya;NA;NA;NA;NA;NA;NA;NA;bank;yes;Servired;NA;NA;Caixabank;Bankia;NA;NA;NA;https://caixabank.es;Q847225;Q806807;es:CaixaBank;es:Bankia;NA;NA;NA;NA;NA;NA;NA;https://www.caixabank.es;no;NA;Caixabank;Bankia;NA;NA;NA;NA;NA;NA;NA;NA;NA;NA;NA;NA;Mo-Fr 08:15-14:15;Caixabank;Bankia;Q847225;Q806807;es:CaixaBank;es:Bankia;+34 963612650;NA;NA;NA;NA;NA;NA;NA;-0,3709894;39,4814575
node/4165872391;node/4165872391;València;NA;NA;NA;NA;22;46002;Carrer de Sant Vicent Màrtir;NA;NA;NA;NA;NA;NA;NA;bank;yes;NA;NA;NA;ING;NA;NA;NA;NA;NA;Q645708;NA;en:ING Group;NA;NA;NA;NA;22/10/2025;NA;NA;NA;NA;NA;NA;ING;NA;NA;NA;NA;NA;NA;NA;NA;NA;NA;NA;NA;NA;"Mo-Th 08:00-19:00; Fr 08:00-14:30";ING Bank NV, Sucursal en España;NA;NA;NA;NA;NA;+34 91 206 66 55;NA;NA;survey;https://www.ing.es/oficinas-cajeros/valencia/oficina-san-vicente-martir;yes;NA;NA;-0,3772565;39,4718834
node/4225859792;node/4225859792;NA;NA;NA;NA;NA;NA;46008;Gran Via Ferran 'el Catòlic';NA;NA;NA;NA;NA;NA;NA;bank;NA;NA;NA;NA;NA;NA;NA;NA;NA;NA;NA;NA;NA;NA;NA;NA;NA;NA;NA;NA;NA;NA;NA;NA;NA;NA;NA;NA;NA;NA;NA;NA;NA;NA;NA;NA;NA;NA;NA;NA;NA;NA;NA;NA;NA;NA;NA;NA;NA;NA;NA;NA;NA;-0,3869307;39,4742663
node/4366597895;node/4366597895;NA;NA;NA;NA;NA;NA;NA;NA;NA;NA;NA;NA;NA;NA;NA;bank;NA;NA;NA;NA;Caixabank;Bankia;NA;NA;NA;https://caixabank.es;Q847225;Q806807;es:CaixaBank;es:Bankia;NA;NA;NA;NA;NA;NA;NA;https://www.caixabank.es;NA;NA;Caixabank;Bankia;NA;NA;NA;NA;NA;NA;NA;NA;NA;NA;NA;NA;NA;Caixabank;Bankia;Q847225;Q806807;es:CaixaBank;es:Bankia;NA;NA;NA;NA;NA;NA;NA;NA;-0,4038858;39,4546979
node/4366640489;node/4366640489;NA;NA;NA;NA;NA;NA;NA;NA;NA;NA;NA;NA;NA;NA;NA;bank;NA;NA;NA;NA;Cajamar;NA;NA;NA;NA;NA;Q8254971;NA;es:Cajamar;NA;NA;NA;NA;NA;NA;NA;NA;NA;NA;NA;Cajamar;NA;NA;NA;NA;NA;NA;NA;NA;NA;NA;NA;NA;NA;NA;NA;NA;NA;NA;NA;NA;NA;NA;NA;NA;NA;NA;NA;NA;-0,4025425;39,4555493
node/4663518763;node/4663518763;València;NA;NA;NA;NA;92;46026;Carrera de Malilla;NA;NA;NA;NA;NA;NA;NA;bank;yes;NA;NA;NA;Caixabank;Bankia;NA;NA;NA;https://caixabank.es;Q847225;Q806807;es:CaixaBank;es:Bankia;NA;NA;NA;NA;NA;NA;NA;https://www.caixabank.es;NA;NA;Caixabank;Bankia;NA;NA;NA;NA;NA;NA;NA;NA;NA;NA;NA;NA;NA;Caixabank;Bankia;Q847225;Q806807;es:CaixaBank;es:Bankia;NA;NA;NA;NA;NA;NA;NA;NA;-0,3801118;39,4474057
node/4741567132;node/4741567132;NA;NA;NA;NA;NA;NA;NA;NA;NA;NA;NA;NA;NA;NA;NA;bank;NA;NA;NA;NA;NA;NA;NA;NA;NA;NA;NA;NA;NA;NA;NA;NA;NA;NA;NA;NA;NA;NA;NA;NA;Mapfre;NA;NA;NA;NA;NA;NA;NA;Mapfre;NA;NA;NA;NA;NA;NA;NA;NA;NA;NA;NA;NA;NA;NA;NA;NA;NA;NA;NA;NA;-0,3890355;39,4750198
node/4744208031;node/4744208031;NA;NA;NA;NA;NA;NA;NA;NA;NA;NA;NA;NA;NA;NA;NA;bank;NA;NA;NA;NA;NA;NA;NA;NA;NA;NA;NA;NA;NA;NA;NA;NA;NA;NA;NA;NA;NA;NA;NA;NA;Caja Castilla La Mancha;NA;NA;NA;NA;NA;NA;NA;Caja Castilla La Mancha;NA;NA;NA;NA;NA;NA;NA;NA;NA;NA;NA;NA;NA;NA;NA;NA;NA;NA;NA;NA;-0,3783957;39,468694
node/4816456621;node/4816456621;NA;NA;NA;NA;NA;14;46008;Gran Via de Ferran 'el Catòlic';NA;NA;NA;NA;NA;NA;NA;bank;yes;Servired;NA;NA;Banco Sabadell;NA;Banc Sabadell;NA;Banco Sabadell;NA;Q762330;NA;es:Banco Sabadell;NA;NA;NA;NA;NA;NA;NA;NA;NA;NA;NA;Banco Sabadell;NA;NA;NA;NA;NA;Banc Sabadell;NA;Banco Sabadell;NA;NA;NA;Banco de Sabadell, S.A.;NA;NA;NA;NA;NA;NA;NA;NA;+34 902323000;NA;NA;NA;https://www.bancsabadell.com/;NA;NA;NA;-0,3848742;39,4706318
node/4892909528;node/4892909528;NA;NA;NA;NA;NA;NA;NA;NA;NA;NA;NA;NA;NA;NA;NA;bank;NA;NA;NA;NA;NA;NA;NA;NA;NA;NA;NA;NA;NA;NA;NA;NA;NA;NA;NA;NA;NA;NA;NA;NA;Ocaso Seguros;NA;NA;NA;NA;NA;NA;NA;Ocaso Seguros;NA;NA;NA;NA;NA;NA;NA;NA;NA;NA;NA;NA;NA;NA;NA;NA;NA;NA;NA;NA;-0,3719351;39,4715155
node/4892914724;node/4892914724;NA;NA;NA;NA;NA;NA;NA;NA;NA;NA;NA;NA;NA;NA;NA;bank;NA;NA;NA;NA;NA;NA;NA;NA;NA;NA;NA;NA;NA;NA;NA;NA;NA;NA;NA;NA;NA;NA;NA;NA;Mutua Madrileña;NA;NA;NA;NA;NA;NA;NA;Mutua Madrileña;NA;NA;NA;NA;NA;NA;NA;NA;NA;NA;NA;NA;NA;NA;NA;NA;NA;NA;NA;NA;-0,3724356;39,4712343
node/4893668823;node/4893668823;NA;NA;NA;NA;NA;NA;NA;NA;NA;NA;NA;NA;NA;NA;NA;bank;NA;NA;NA;NA;Caixabank;Bankia;NA;NA;NA;https://caixabank.es;Q847225;Q806807;es:CaixaBank;es:Bankia;NA;NA;NA;NA;NA;NA;NA;https://www.caixabank.es;NA;NA;Caixabank;Bankia;NA;NA;NA;NA;NA;NA;NA;NA;NA;NA;NA;NA;NA;Caixabank;Bankia;Q847225;Q806807;es:CaixaBank;es:Bankia;NA;NA;NA;NA;NA;NA;NA;NA;-0,3897585;39,4695135
node/4893669125;node/4893669125;NA;NA;NA;NA;NA;NA;NA;NA;NA;NA;NA;NA;NA;NA;NA;bank;NA;NA;NA;NA;Banco Santander;NA;NA;Santander Bank;Banco Santander;NA;Q6496310;NA;es:Banco Santander;NA;NA;NA;NA;NA;NA;NA;NA;NA;NA;NA;Banco Santander;NA;NA;NA;NA;NA;Banc Santander;Santander Bank;Banco Santander;NA;NA;NA;Santander Group;NA;NA;NA;NA;NA;NA;NA;NA;NA;NA;NA;NA;NA;NA;NA;NA;-0,3902804;39,4694328
node/4907454029;node/4907454029;NA;NA;NA;NA;NA;NA;NA;NA;NA;NA;NA;NA;NA;NA;NA;bank;NA;NA;NA;NA;Banco Santander;NA;NA;Santander Bank;Banco Santander;NA;Q6496310;NA;es:Banco Santander;NA;NA;NA;NA;NA;NA;NA;NA;NA;NA;NA;Banco Santander;NA;NA;NA;NA;NA;Banc Santander;Santander Bank;Banco Santander;NA;NA;NA;Santander Group;NA;NA;NA;NA;NA;NA;NA;NA;NA;NA;NA;NA;NA;NA;NA;NA;-0,3804264;39,467205
node/4907454031;node/4907454031;NA;NA;NA;NA;NA;NA;NA;NA;NA;NA;NA;NA;NA;NA;NA;bank;NA;NA;NA;NA;Banco Santander;NA;NA;Santander Bank;Banco Santander;NA;Q6496310;NA;es:Banco Santander;NA;NA;NA;NA;NA;NA;NA;NA;NA;NA;NA;Banco Santander;NA;NA;NA;NA;NA;Banc Santander;Santander Bank;Banco Santander;NA;NA;NA;Santander Group;NA;NA;NA;NA;NA;NA;NA;NA;NA;NA;NA;NA;NA;NA;NA;NA;-0,3805272;39,4670559
node/4911702223;node/4911702223;NA;NA;NA;NA;NA;NA;NA;NA;NA;NA;NA;NA;NA;NA;NA;bank;NA;NA;NA;NA;Kutxabank;NA;NA;NA;NA;NA;Q5139377;NA;en:Kutxabank;NA;NA;NA;NA;NA;NA;NA;NA;NA;NA;NA;Kutxabank;NA;NA;NA;NA;NA;NA;NA;NA;NA;NA;NA;NA;NA;NA;NA;NA;NA;NA;NA;NA;NA;NA;NA;NA;NA;NA;NA;NA;-0,3627967;39,4759578
node/4989821189;node/4989821189;NA;NA;NA;NA;NA;NA;NA;NA;NA;NA;NA;NA;NA;NA;NA;bank;yes;NA;NA;NA;Ibercaja;NA;NA;NA;NA;NA;Q5907815;NA;es:Ibercaja;NA;NA;NA;NA;NA;NA;NA;NA;NA;NA;NA;Ibercaja;NA;NA;NA;NA;NA;NA;NA;NA;NA;NA;NA;NA;NA;NA;Ibercaja Banco, S.A.;NA;NA;NA;NA;NA;NA;9357;NA;NA;NA;NA;NA;NA;-0,3531785;39,4662422
node/4989832536;node/4989832536;NA;NA;NA;NA;NA;NA;NA;NA;NA;NA;NA;NA;NA;NA;NA;bank;yes;NA;NA;NA;Caixabank;NA;NA;NA;NA;https://caixabank.es;Q847225;NA;es:CaixaBank;NA;NA;NA;NA;NA;NA;NA;NA;https://www.caixabank.es;NA;NA;Caixabank;NA;NA;NA;NA;NA;NA;NA;NA;NA;NA;NA;NA;NA;NA;NA;NA;NA;NA;NA;NA;NA;NA;NA;NA;NA;NA;NA;NA;-0,3476796;39,4646421
node/4989867666;node/4989867666;NA;NA;NA;NA;NA;NA;NA;NA;NA;NA;NA;NA;NA;NA;NA;bank;NA;NA;NA;NA;Banco Santander;NA;NA;Santander Bank;Banco Santander;NA;Q6496310;NA;es:Banco Santander;NA;NA;NA;NA;NA;NA;NA;NA;NA;NA;NA;Banco Santander;NA;NA;NA;NA;NA;Banc Santander;Santander Bank;Banco Santander;NA;NA;NA;Santander Group;NA;NA;NA;NA;NA;NA;NA;NA;NA;NA;NA;NA;NA;NA;NA;NA;-0,3357049;39,4610614
node/4989867674;node/4989867674;València;NA;NA;NA;NA;249;46011;Avinguda del Port;NA;NA;NA;NA;NA;NA;NA;bank;yes;NA;NA;NA;Cajamar;NA;NA;NA;NA;NA;Q8254971;NA;NA;NA;NA;NA;NA;NA;NA;NA;NA;NA;NA;NA;Cajamar;NA;NA;NA;NA;NA;NA;NA;NA;NA;NA;NA;NA;NA;NA;NA;NA;NA;NA;NA;NA;NA;NA;NA;NA;NA;NA;NA;NA;-0,3366235;39,4613217
node/4989970385;node/4989970385;NA;NA;NA;NA;NA;NA;NA;NA;NA;NA;NA;NA;NA;NA;NA;bank;yes;NA;NA;NA;Caixabank;Bankia;NA;NA;NA;https://caixabank.es;Q847225;Q806807;es:CaixaBank;es:Bankia;NA;NA;NA;NA;NA;NA;NA;https://www.caixabank.es;NA;NA;Caixabank;Bankia;NA;NA;NA;NA;NA;NA;NA;NA;NA;NA;NA;NA;NA;Caixabank;Bankia;Q847225;Q806807;es:CaixaBank;es:Bankia;NA;NA;NA;NA;NA;NA;NA;NA;-0,3349805;39,4605449
node/5044808326;node/5044808326;NA;NA;NA;NA;NA;NA;NA;NA;NA;NA;NA;NA;NA;NA;NA;bank;NA;NA;NA;NA;Banco Santander;NA;NA;Santander Bank;Banco Santander;NA;Q6496310;NA;es:Banco Santander;NA;NA;NA;NA;NA;NA;NA;NA;NA;NA;NA;Banco Santander;NA;NA;NA;NA;NA;Banc Santander;Santander Bank;Banco Santander;NA;NA;NA;Santander Group;NA;NA;NA;NA;NA;NA;NA;NA;NA;NA;NA;NA;NA;NA;NA;NA;-0,3922183;39,4676072
node/5044810230;node/5044810230;NA;NA;NA;NA;NA;NA;NA;NA;NA;NA;NA;Banco Popular;Banc Popular;Popular Bank;Banco Popular;bank;NA;NA;NA;NA;Banco Santander;NA;NA;Santander Bank;Banco Santander;NA;Q6496310;NA;es:Banco Santander;NA;NA;NA;NA;01/04/2024;NA;NA;NA;NA;NA;NA;Banco Santander;NA;NA;NA;NA;NA;Banc Santander;Santander Bank;Banco Santander;NA;NA;NA;Santander Group;Banco Popular Español;NA;NA;NA;NA;NA;NA;NA;NA;NA;BPPR;NA;NA;NA;NA;NA;-0,3739364;39,4684596
node/5044810232;node/5044810232;NA;NA;NA;NA;NA;NA;NA;NA;NA;NA;NA;NA;NA;NA;NA;bank;yes;NA;NA;NA;Deutsche Bank;NA;NA;NA;NA;NA;Q66048;NA;NA;NA;NA;NA;NA;10/04/2025;NA;NA;NA;NA;NA;NA;Deutsche Bank;NA;NA;NA;NA;NA;NA;NA;NA;NA;NA;NA;NA;NA;"Jan-Jun, Sep-Dec Mo-We, Fr 08:30-14:15; Jan-Jun, Sep-Dec Th 08:30-17:30; Jul, Aug Mo-Fr 08:30-14:15";NA;NA;NA;NA;NA;NA;NA;NA;NA;NA;NA;NA;NA;NA;-0,3739842;39,4693254
node/5044810925;node/5044810925;NA;NA;NA;NA;NA;NA;NA;NA;NA;NA;NA;NA;NA;NA;NA;bank;yes;Servired;NA;NA;Cajamar;NA;NA;NA;NA;NA;Q8254971;NA;es:Cajamar;NA;NA;NA;NA;NA;NA;NA;NA;NA;NA;NA;Cajamar;NA;NA;NA;NA;NA;NA;NA;NA;NA;NA;NA;NA;NA;NA;NA;NA;NA;NA;NA;NA;NA;NA;NA;NA;NA;NA;NA;NA;-0,3893017;39,4667324
node/5044810926;node/5044810926;NA;NA;NA;NA;NA;NA;NA;NA;NA;NA;NA;NA;NA;NA;NA;bank;NA;NA;NA;NA;BBVA;NA;NA;NA;NA;NA;Q806189;NA;en:Banco Bilbao Vizcaya Argentaria;NA;NA;NA;NA;NA;NA;NA;NA;NA;NA;NA;BBVA;NA;NA;NA;NA;NA;BBVA;NA;NA;NA;NA;NA;Banco Bilbao Vizcaya Argentaria;NA;NA;NA;NA;NA;NA;NA;NA;NA;NA;NA;NA;NA;NA;NA;NA;-0,3813215;39,4656746
node/5044810938;node/5044810938;NA;NA;NA;NA;NA;NA;NA;NA;NA;NA;NA;NA;NA;NA;NA;bank;NA;NA;NA;NA;Ibercaja;NA;NA;NA;NA;NA;Q5907815;NA;es:Ibercaja (banco);NA;NA;NA;NA;02/12/2024;NA;NA;NA;NA;NA;NA;Ibercaja;NA;NA;NA;NA;NA;NA;NA;NA;NA;NA;NA;NA;NA;NA;NA;NA;NA;NA;NA;NA;NA;NA;NA;NA;NA;NA;NA;NA;-0,3748239;39,469092
node/5044811221;node/5044811221;NA;NA;NA;NA;NA;NA;NA;NA;NA;NA;NA;NA;NA;NA;NA;bank;NA;NA;NA;NA;Banco Santander;NA;NA;Santander Bank;Banco Santander;NA;Q6496310;NA;es:Banco Santander;NA;NA;NA;NA;NA;NA;NA;NA;NA;NA;NA;Banco Santander;NA;NA;NA;NA;NA;Banc Santander;Santander Bank;Banco Santander;NA;NA;NA;Santander Group;NA;NA;NA;NA;NA;NA;NA;NA;NA;NA;NA;NA;NA;NA;NA;NA;-0,4028152;39,4696892
node/5045106021;node/5045106021;València;NA;NA;NA;NA;6;46002;Avinguda del Marqués de Sotelo;NA;NA;NA;NA;NA;NA;NA;bank;yes;Euro 6000;NA;NA;Caixabank;Bankia;NA;NA;NA;https://caixabank.es;Q847225;Q806807;es:CaixaBank;es:Bankia;NA;NA;NA;NA;NA;NA;NA;https://www.caixabank.es;NA;NA;Caixabank;Bankia;NA;NA;BMN-Cajamurcia;NA;NA;NA;NA;NA;NA;NA;NA;NA;NA;Caixabank;Bankia;Q847225;Q806807;es:CaixaBank;es:Bankia;NA;NA;NA;NA;NA;NA;NA;NA;-0,3771099;39,4688645
node/5046860632;node/5046860632;NA;NA;NA;NA;NA;NA;NA;NA;NA;NA;NA;NA;NA;NA;NA;bank;NA;NA;NA;NA;NA;NA;NA;NA;NA;NA;NA;NA;NA;NA;NA;NA;NA;NA;NA;NA;NA;NA;NA;NA;Caja de Ahorros del Mediterráneo;NA;NA;NA;NA;NA;NA;NA;Caja de Ahorros del Mediterráneo;NA;NA;NA;NA;NA;NA;NA;NA;NA;NA;NA;NA;NA;NA;NA;NA;NA;NA;NA;NA;-0,3780767;39,473421
node/5046886422;node/5046886422;NA;NA;NA;NA;NA;NA;NA;NA;NA;NA;NA;NA;NA;NA;NA;bank;NA;NA;NA;NA;Caixabank;NA;NA;NA;NA;https://caixabank.es;Q847225;NA;es:CaixaBank;NA;NA;NA;NA;20/09/2024;NA;NA;NA;https://www.caixabank.es;NA;NA;Caixabank;NA;NA;NA;NA;NA;NA;NA;NA;NA;NA;NA;NA;NA;NA;NA;NA;NA;NA;NA;NA;NA;NA;NA;NA;NA;NA;NA;NA;-0,3779719;39,4737108
node/5167202845;node/5167202845;NA;NA;NA;NA;NA;NA;NA;NA;NA;NA;NA;NA;NA;NA;NA;bank;NA;NA;NA;NA;Caixabank;Bankia;NA;NA;NA;https://caixabank.es;Q847225;Q806807;es:CaixaBank;es:Bankia;NA;NA;NA;NA;NA;NA;NA;https://www.caixabank.es;NA;NA;Caixabank;Bankia;NA;NA;NA;NA;NA;NA;NA;NA;NA;NA;NA;NA;NA;Caixabank;Bankia;Q847225;Q806807;es:CaixaBank;es:Bankia;NA;NA;NA;survey;NA;NA;NA;NA;-0,3307767;39,4625689
node/5203171851;node/5203171851;NA;NA;NA;NA;NA;NA;NA;NA;NA;NA;NA;NA;NA;NA;NA;bank;NA;NA;NA;NA;Caixabank;Bankia;NA;NA;NA;https://caixabank.es;Q847225;Q806807;es:CaixaBank;es:Bankia;NA;NA;NA;NA;NA;NA;NA;https://www.caixabank.es;NA;NA;Caixabank;Bankia;NA;NA;NA;NA;NA;NA;NA;NA;NA;NA;NA;NA;"May-Sep: Mo-We,Fr 08:15-14:30; Oct-Apr: Mo-Fr 08:15-14:30";Caixabank;Bankia;Q847225;Q806807;es:CaixaBank;es:Bankia;NA;NA;NA;NA;NA;yes;NA;NA;-0,3401628;39,4210042
node/5245863499;node/5245863499;València;NA;NA;NA;NA;39;46015;Avinguda de les Corts Valencianes;NA;NA;NA;NA;NA;NA;NA;bank;yes;NA;NA;NA;Banco Santander;NA;NA;Santander Bank;Banco Santander;NA;Q6496310;NA;es:Banco Santander;NA;NA;NA;NA;23/09/2024;NA;NA;NA;NA;NA;NA;Banco Santander;NA;NA;NA;NA;NA;Banc Santander;Santander Bank;Banco Santander;NA;NA;NA;Santander Group;NA;Mo-Fr 08:30-14:30;Banco Santander;NA;NA;NA;NA;NA;NA;NA;NA;NA;NA;NA;NA;NA;-0,4014952;39,4921968
node/5382634208;node/5382634208;NA;NA;NA;NA;NA;NA;NA;NA;NA;NA;NA;NA;NA;NA;NA;bank;yes;NA;NA;NA;Caixabank;NA;NA;NA;NA;NA;Q847225;NA;NA;NA;NA;NA;NA;NA;NA;NA;NA;NA;NA;NA;Caixabank;NA;NA;NA;NA;NA;NA;NA;NA;NA;NA;NA;NA;NA;NA;NA;NA;NA;NA;NA;NA;NA;NA;NA;NA;NA;yes;NA;NA;-0,3736697;39,4877678
node/5457116363;node/5457116363;NA;NA;NA;NA;NA;NA;NA;NA;NA;NA;NA;NA;NA;NA;NA;bank;yes;NA;Euro6000;NA;Ibercaja;NA;NA;NA;NA;NA;Q5907815;NA;es:Ibercaja;NA;NA;NA;NA;NA;NA;NA;NA;NA;NA;NA;Ibercaja;NA;NA;NA;NA;NA;NA;NA;NA;NA;NA;NA;NA;NA;NA;NA;NA;NA;NA;NA;NA;NA;NA;NA;NA;NA;NA;NA;NA;-0,3708447;39,4608482
node/5457892434;node/5457892434;NA;NA;NA;NA;NA;NA;NA;NA;NA;NA;NA;NA;NA;NA;NA;bank;yes;Euro 6000;NA;NA;Kutxabank;NA;NA;NA;NA;NA;Q5139377;NA;en:Kutxabank;NA;NA;NA;NA;NA;NA;NA;NA;NA;NA;NA;Kutxabank;NA;NA;NA;NA;NA;NA;NA;NA;Euro 6000;NA;NA;NA;NA;NA;kutxabank;NA;NA;NA;NA;NA;NA;NA;NA;NA;NA;NA;NA;NA;-0,3845153;39,4690851
node/5457955862;node/5457955862;NA;NA;NA;NA;NA;NA;NA;NA;NA;NA;NA;Banco Popular;Banc Popular;Popular Bank;Banco Popular;bank;yes;Telebanco 4B;NA;NA;Banco Santander;NA;NA;Santander Bank;Banco Santander;NA;Q6496310;NA;es:Banco Santander;NA;NA;NA;NA;18/12/2024;NA;NA;NA;NA;NA;NA;Banco Santander;NA;NA;NA;NA;NA;Banc Santander;Santander Bank;Banco Santander;Telebanco 4B;NA;NA;Santander Group;Banco Popular Español;NA;Popular;NA;NA;NA;NA;NA;NA;NA;BPPR;NA;NA;NA;NA;NA;-0,3860985;39,4713453
node/5457955863;node/5457955863;NA;NA;NA;NA;NA;NA;NA;NA;NA;NA;NA;NA;NA;NA;NA;bank;yes;NA;NA;NA;Banco Santander;NA;NA;Santander Bank;Banco Santander;NA;Q6496310;NA;es:Banco Santander;NA;NA;NA;NA;18/12/2024;NA;NA;NA;NA;NA;NA;Banco Santander;NA;NA;NA;NA;NA;Banc Santander;Santander Bank;Banco Santander;NA;NA;NA;Santander Group;NA;NA;santander;NA;NA;NA;NA;NA;NA;NA;NA;NA;NA;NA;NA;NA;-0,3859227;39,4710844
node/5476101826;node/5476101826;NA;NA;NA;NA;NA;NA;NA;NA;NA;NA;NA;NA;NA;NA;NA;bank;yes;NA;NA;NA;Caixabank;Bankia;NA;NA;NA;https://caixabank.es;Q847225;Q806807;es:CaixaBank;es:Bankia;NA;NA;NA;NA;NA;NA;NA;https://www.caixabank.es;no;NA;Caixabank;Bankia;NA;NA;NA;NA;NA;NA;NA;NA;NA;NA;NA;NA;NA;Caixabank;Bankia;Q847225;Q806807;es:CaixaBank;es:Bankia;NA;NA;NA;NA;NA;NA;NA;NA;-0,3279541;39,4801706
node/5609473040;node/5609473040;NA;NA;NA;NA;NA;NA;NA;NA;NA;NA;NA;Banco Popular;Banc Popular;Popular Bank;Banco Popular;bank;yes;NA;NA;NA;Banco Santander;NA;NA;Santander Bank;Banco Santander;NA;Q6496310;NA;es:Banco Santander;NA;NA;NA;NA;NA;NA;NA;NA;NA;NA;NA;Banco Santander;NA;NA;NA;NA;NA;Banc Santander;Santander Bank;Banco Santander;NA;NA;NA;Santander Group;Banco Popular Español;Mo-Fr 08:30-15:00;4b;NA;NA;NA;NA;NA;NA;NA;BPPR;NA;NA;NA;NA;NA;-0,3868668;39,4476894
node/5609473041;node/5609473041;València;NA;NA;NA;NA;79;46017;Carrer dels Carters;NA;NA;NA;NA;NA;NA;NA;bank;yes;NA;NA;NA;BBVA;NA;NA;NA;NA;NA;Q806189;NA;en:Banco Bilbao Vizcaya Argentaria;NA;NA;NA;NA;NA;NA;NA;NA;NA;yes;NA;BBVA;NA;NA;NA;NA;NA;BBVA;NA;NA;NA;NA;NA;Banco Bilbao Vizcaya Argentaria;NA;Mo-Fr 08:30-14:15;Servired;NA;NA;NA;NA;NA;NA;NA;NA;NA;NA;NA;NA;NA;-0,3893999;39,4480786
node/5609473042;node/5609473042;València;NA;NA;NA;NA;80;46017;Carrer dels Carters;NA;NA;NA;NA;NA;NA;NA;bank;yes;NA;NA;NA;Caixabank;Bankia;NA;NA;NA;https://caixabank.es;Q847225;Q806807;es:CaixaBank;es:Bankia;NA;NA;NA;NA;NA;NA;NA;https://www.caixabank.es;yes;NA;Caixabank;Bankia;NA;NA;NA;NA;NA;NA;NA;NA;NA;NA;NA;NA;Mo-Fr 08:15-14:15;Caixabank;Bankia;Q847225;Q806807;es:CaixaBank;es:Bankia;NA;NA;NA;NA;NA;NA;NA;NA;-0,3896856;39,4484977
node/5835027871;node/5835027871;NA;NA;NA;NA;NA;NA;NA;NA;NA;NA;NA;NA;NA;NA;NA;bank;yes;NA;NA;NA;Banco Sabadell;NA;Banc Sabadell;NA;Banco Sabadell;NA;Q762330;NA;es:Banco Sabadell;NA;NA;NA;NA;NA;NA;NA;NA;NA;NA;NA;Banco Sabadell;NA;NA;NA;NA;NA;Banc Sabadell;NA;Banco Sabadell;NA;NA;NA;Banco de Sabadell, S.A.;NA;NA;NA;NA;NA;NA;NA;NA;NA;NA;NA;NA;NA;NA;NA;NA;-0,3279421;39,4780028
node/5912441854;node/5912441854;València;NA;NA;NA;NA;NA;46015;Av. de les Corts Valencianes;NA;NA;NA;NA;NA;NA;NA;bank;yes;NA;NA;NA;BBVA;NA;NA;NA;NA;NA;Q806189;NA;en:Banco Bilbao Vizcaya Argentaria;NA;NA;NA;NA;27/01/2024;NA;NA;NA;NA;NA;0;BBVA;NA;NA;NA;NA;NA;BBVA;NA;NA;NA;NA;NA;Banco Bilbao Vizcaya Argentaria;NA;Mo-Fr 08:30-14:15;NA;NA;NA;NA;NA;NA;NA;NA;NA;NA;NA;yes;NA;NA;-0,4016286;39,4924809
node/5960058002;node/5960058002;NA;NA;NA;NA;NA;NA;NA;NA;NA;NA;NA;NA;NA;NA;NA;bank;yes;NA;NA;NA;Caixabank;Bankia;NA;NA;NA;https://caixabank.es;Q847225;Q806807;es:CaixaBank;es:Bankia;NA;NA;NA;NA;NA;NA;NA;https://www.caixabank.es;NA;NA;Caixabank;Bankia;NA;NA;NA;NA;NA;NA;NA;NA;NA;NA;NA;NA;NA;Caixabank;Bankia;Q847225;Q806807;es:CaixaBank;es:Bankia;NA;NA;NA;NA;NA;NA;NA;NA;-0,3565117;39,4816693
node/5960058058;node/5960058058;NA;NA;NA;NA;NA;NA;NA;NA;NA;NA;NA;NA;NA;NA;NA;bank;yes;NA;NA;NA;Banco Santander;NA;NA;Santander Bank;Banco Santander;NA;Q6496310;NA;es:Banco Santander;NA;NA;NA;NA;NA;NA;NA;NA;NA;NA;NA;Banco Santander;NA;NA;NA;NA;NA;Banc Santander;Santander Bank;Banco Santander;NA;NA;NA;Santander Group;NA;NA;NA;NA;NA;NA;NA;NA;NA;NA;NA;NA;NA;NA;NA;NA;-0,3574249;39,4801199
node/5960058059;node/5960058059;NA;NA;NA;NA;NA;NA;NA;NA;NA;NA;NA;NA;NA;NA;NA;bank;yes;NA;NA;NA;Caixabank;NA;NA;NA;NA;https://caixabank.es;Q847225;NA;es:CaixaBank;NA;NA;NA;NA;NA;NA;NA;NA;https://www.caixabank.es;NA;NA;Caixabank;NA;NA;NA;NA;NA;NA;NA;NA;NA;NA;NA;NA;NA;NA;NA;NA;NA;NA;NA;NA;NA;NA;NA;NA;NA;NA;NA;NA;-0,3569761;39,4797941
node/6003222159;node/6003222159;València;NA;NA;NA;NA;15;46020;Carrer de Leonor Jovani;NA;NA;NA;NA;NA;NA;NA;bank;yes;NA;NA;NA;Cajamar;NA;NA;NA;NA;NA;Q8254971;NA;es:Cajamar Caja Rural;NA;NA;NA;NA;NA;NA;NA;NA;NA;no;NA;Cajamar;NA;NA;NA;NA;NA;NA;NA;NA;NA;NA;NA;NA;NA;Mo-Fr 08:30-14:00,14:30-19:30;NA;NA;NA;NA;NA;NA;NA;NA;NA;NA;NA;NA;NA;NA;-0,3604482;39,48555
node/6003222163;node/6003222163;València;NA;NA;NA;NA;11;46020;Carrer del Poeta Carles Salvador;NA;NA;NA;NA;NA;NA;NA;bank;NA;NA;NA;NA;Caixabank;Bankia;NA;NA;NA;https://caixabank.es;Q847225;Q806807;es:CaixaBank;es:Bankia;NA;NA;NA;NA;NA;NA;NA;https://www.caixabank.es;no;NA;Caixabank;Bankia;NA;NA;NA;NA;NA;NA;NA;NA;NA;NA;NA;NA;"Mo-We,Fr 08:15-14:15; Th 08:15-14:15,16:15-18:30; Sa,Su,PH off";Caixabank;Bankia;Q847225;Q806807;es:CaixaBank;es:Bankia;+34 963 69 53 25;NA;NA;NA;NA;NA;NA;NA;-0,359476;39,4859458
node/6003222164;node/6003222164;NA;NA;NA;NA;NA;NA;NA;NA;NA;NA;NA;NA;NA;NA;NA;bank;yes;NA;NA;NA;BBVA;NA;NA;NA;NA;NA;Q806189;NA;en:Banco Bilbao Vizcaya Argentaria;NA;NA;NA;NA;NA;NA;NA;NA;NA;no;NA;BBVA;NA;NA;NA;NA;NA;BBVA;NA;NA;NA;NA;NA;Banco Bilbao Vizcaya Argentaria;NA;NA;NA;NA;NA;NA;NA;NA;NA;NA;NA;NA;NA;NA;NA;NA;-0,3586963;39,4889592
node/6003284874;node/6003284874;NA;NA;NA;NA;NA;NA;NA;NA;NA;NA;NA;NA;NA;NA;NA;bank;yes;NA;NA;NA;Banco Santander;NA;NA;Santander Bank;Banco Santander;NA;Q6496310;NA;es:Banco Santander;NA;NA;NA;NA;NA;NA;NA;NA;NA;no;NA;Banco Santander;NA;NA;NA;NA;NA;Banc Santander;Santander Bank;Banco Santander;NA;NA;NA;Santander Group;NA;NA;NA;NA;NA;NA;NA;NA;NA;NA;NA;NA;NA;NA;NA;NA;-0,361679;39,4857383
node/6046696376;node/6046696376;NA;NA;NA;NA;NA;NA;NA;NA;NA;NA;NA;NA;NA;NA;NA;bank;NA;NA;NA;NA;Caixabank;Bankia;NA;NA;NA;https://caixabank.es;Q847225;Q806807;es:CaixaBank;es:Bankia;NA;NA;NA;NA;NA;NA;NA;https://www.caixabank.es;NA;NA;Caixabank;Bankia;NA;NA;NA;NA;NA;NA;NA;NA;NA;NA;NA;NA;NA;Caixabank;Bankia;Q847225;Q806807;es:CaixaBank;es:Bankia;NA;NA;NA;NA;NA;NA;NA;NA;-0,3669162;39,4675344
node/6316036475;node/6316036475;NA;NA;NA;NA;NA;NA;NA;NA;NA;NA;NA;NA;NA;NA;NA;bank;NA;NA;NA;NA;Banco Santander;NA;NA;Santander Bank;Banco Santander;NA;Q6496310;NA;es:Banco Santander;NA;NA;NA;NA;NA;NA;NA;NA;NA;NA;NA;Banco Santander;NA;NA;NA;NA;NA;Banc Santander;Santander Bank;Banco Santander;NA;NA;NA;Santander Group;Banco Popular Español;NA;NA;NA;NA;NA;NA;NA;NA;NA;NA;NA;NA;NA;NA;NA;-0,3604501;39,4889025
node/6329645165;node/6329645165;NA;NA;NA;NA;NA;NA;NA;NA;NA;NA;NA;NA;NA;NA;NA;bank;NA;NA;NA;NA;BBVA;NA;NA;NA;NA;NA;Q806189;NA;en:Banco Bilbao Vizcaya Argentaria;NA;NA;NA;NA;NA;NA;NA;NA;NA;NA;NA;BBVA;NA;NA;NA;NA;NA;BBVA;NA;NA;NA;NA;NA;Banco Bilbao Vizcaya Argentaria;NA;NA;NA;NA;NA;NA;NA;NA;NA;NA;NA;NA;NA;NA;NA;NA;-0,3658462;39,4912711
node/6329645166;node/6329645166;NA;NA;NA;NA;NA;NA;NA;NA;NA;NA;NA;NA;NA;NA;NA;bank;NA;NA;NA;NA;Caixabank;NA;NA;NA;NA;https://caixabank.es;Q847225;NA;es:CaixaBank;NA;NA;NA;NA;NA;NA;NA;NA;https://www.caixabank.es;NA;NA;Caixabank;NA;NA;NA;NA;NA;NA;NA;NA;NA;NA;NA;NA;NA;NA;NA;NA;NA;NA;NA;NA;NA;NA;NA;NA;NA;NA;NA;NA;-0,3664772;39,4918936
node/6411065159;node/6411065159;NA;NA;NA;NA;NA;NA;NA;NA;NA;NA;NA;NA;NA;NA;NA;bank;NA;NA;NA;NA;Caixabank;Bankia;NA;NA;NA;https://caixabank.es;Q847225;Q806807;es:CaixaBank;es:Bankia;NA;NA;NA;NA;NA;NA;NA;https://www.caixabank.es;NA;NA;Caixabank;Bankia;NA;NA;NA;NA;NA;NA;NA;NA;NA;NA;NA;NA;NA;Caixabank;Bankia;Q847225;Q806807;es:CaixaBank;es:Bankia;NA;NA;NA;NA;NA;NA;NA;NA;-0,3882924;39,459322
node/6425534325;node/6425534325;València;València;NA;NA;NA;51;46005;Avinguda del Regne de València;NA;NA;NA;NA;NA;NA;NA;bank;NA;NA;NA;NA;Banco Santander;NA;NA;Santander Bank;Banco Santander;NA;Q6496310;NA;es:Banco Santander;NA;NA;NA;NA;NA;NA;NA;NA;NA;NA;NA;Banco Santander;NA;NA;NA;NA;NA;Banc Santander;Santander Bank;Banco Santander;NA;NA;NA;Santander Group;NA;NA;NA;NA;NA;NA;NA;NA;NA;NA;NA;NA;NA;NA;NA;NA;-0,3663027;39,4635696
node/6425534326;node/6425534326;València;València;NA;NA;NA;53;46005;Avinguda del Regne de València;NA;NA;NA;NA;NA;NA;NA;bank;NA;NA;NA;NA;Banco Sabadell;NA;Banc Sabadell;NA;Banco Sabadell;NA;Q762330;NA;es:Banco Sabadell;NA;NA;NA;NA;NA;NA;NA;NA;NA;NA;NA;Banco Sabadell;NA;NA;NA;NA;NA;Banc Sabadell;NA;Banco Sabadell;NA;NA;NA;Banco de Sabadell, S.A.;NA;NA;NA;NA;NA;NA;NA;NA;NA;NA;NA;NA;NA;NA;NA;NA;-0,3658705;39,4634801
node/6436894204;node/6436894204;NA;NA;NA;NA;NA;NA;NA;NA;NA;NA;NA;NA;NA;NA;NA;bank;NA;NA;NA;NA;Banco Santander;NA;NA;Santander Bank;Banco Santander;NA;Q6496310;NA;es:Banco Santander;NA;NA;NA;NA;NA;NA;NA;NA;NA;NA;NA;Banco Santander;NA;NA;NA;NA;NA;Banc Santander;Santander Bank;Banco Santander;NA;NA;NA;Santander Group;NA;NA;NA;NA;NA;NA;NA;NA;NA;NA;NA;NA;NA;NA;NA;NA;-0,3864369;39,4630157
node/6439787527;node/6439787527;NA;NA;NA;NA;NA;63;NA;Gran Via de Ramón y Cajal;NA;NA;NA;NA;NA;NA;NA;bank;NA;NA;NA;NA;Banco Santander;NA;NA;Santander Bank;Banco Santander;NA;Q6496310;NA;es:Banco Santander;NA;NA;NA;NA;NA;NA;NA;NA;NA;NA;NA;Banco Santander;NA;NA;NA;NA;NA;Banc Santander;Santander Bank;Banco Santander;NA;NA;NA;Santander Group;NA;NA;NA;NA;NA;NA;NA;NA;NA;NA;NA;NA;NA;NA;NA;NA;-0,3843874;39,4686845
node/6439787531;node/6439787531;NA;NA;NA;NA;NA;NA;NA;NA;NA;NA;NA;NA;NA;NA;NA;bank;NA;NA;NA;NA;Cajamar;NA;NA;NA;NA;NA;Q8254971;NA;es:Cajamar;NA;NA;NA;NA;NA;NA;NA;NA;NA;NA;NA;Cajamar;NA;NA;NA;NA;NA;NA;NA;NA;NA;NA;NA;NA;NA;NA;NA;NA;NA;NA;NA;NA;NA;NA;NA;NA;NA;NA;NA;NA;-0,3828083;39,4666771
node/6440347693;node/6440347693;NA;NA;NA;NA;NA;NA;NA;NA;NA;NA;NA;NA;NA;NA;NA;bank;NA;NA;NA;NA;Banco Sabadell;NA;Banc Sabadell;NA;Banco Sabadell;NA;Q762330;NA;es:Banco Sabadell;NA;NA;NA;NA;NA;NA;NA;NA;NA;NA;NA;Banco Sabadell;NA;NA;NA;NA;NA;Banc Sabadell;NA;Banco Sabadell;NA;NA;NA;Banco de Sabadell, S.A.;NA;NA;NA;NA;NA;NA;NA;NA;NA;NA;NA;NA;NA;NA;NA;NA;-0,3898482;39,4711132
node/6443870731;node/6443870731;NA;NA;NA;NA;NA;NA;NA;NA;NA;NA;NA;NA;NA;NA;NA;bank;yes;NA;NA;NA;Caixabank;Bankia;NA;NA;NA;https://caixabank.es;Q847225;Q806807;es:CaixaBank;es:Bankia;NA;NA;NA;NA;NA;NA;NA;https://www.caixabank.es;NA;NA;Caixabank;Bankia;NA;NA;NA;NA;NA;NA;NA;NA;NA;NA;NA;NA;NA;Caixabank;Bankia;Q847225;Q806807;es:CaixaBank;es:Bankia;NA;NA;NA;NA;NA;NA;NA;NA;-0,3529699;39,4738107
node/6444763100;node/6444763100;València;NA;NA;NA;NA;19;46025;Carrer de Sant Josep de Pignatelli;NA;NA;NA;NA;NA;NA;NA;bank;NA;NA;NA;NA;Cajamar;NA;NA;NA;NA;NA;Q8254971;NA;es:Cajamar;NA;NA;NA;NA;NA;NA;NA;NA;NA;NA;NA;Cajamar;NA;NA;NA;NA;NA;NA;NA;NA;NA;NA;NA;NA;NA;NA;NA;NA;NA;NA;NA;NA;NA;NA;NA;NA;NA;NA;NA;NA;-0,3841317;39,4913482
node/6445298661;node/6445298661;NA;NA;NA;NA;NA;NA;NA;NA;NA;NA;NA;NA;NA;NA;NA;bank;NA;NA;NA;NA;Caixabank;Bankia;NA;NA;NA;https://caixabank.es;Q847225;Q806807;es:CaixaBank;es:Bankia;NA;NA;NA;NA;NA;NA;NA;https://www.caixabank.es;NA;NA;Caixabank;Bankia;NA;NA;NA;NA;NA;NA;NA;NA;NA;NA;NA;NA;NA;Caixabank;Bankia;Q847225;Q806807;es:CaixaBank;es:Bankia;NA;NA;NA;NA;NA;NA;NA;NA;-0,3945051;39,4927237
node/6445298662;node/6445298662;NA;NA;NA;NA;NA;NA;NA;NA;NA;NA;NA;NA;NA;NA;NA;bank;NA;NA;NA;NA;Cajamar;NA;NA;NA;NA;NA;Q8254971;NA;es:Cajamar;NA;NA;NA;NA;NA;NA;NA;NA;NA;NA;NA;Cajamar;NA;NA;NA;NA;NA;NA;NA;NA;NA;NA;NA;NA;NA;NA;NA;NA;NA;NA;NA;NA;NA;NA;NA;NA;NA;NA;NA;NA;-0,3941797;39,4929677
node/6446344500;node/6446344500;NA;NA;NA;NA;NA;NA;NA;NA;NA;NA;NA;NA;NA;NA;NA;bank;NA;NA;NA;NA;Caixabank;NA;NA;NA;NA;https://caixabank.es;Q847225;NA;es:CaixaBank;NA;NA;NA;NA;NA;NA;NA;NA;https://www.caixabank.es;NA;NA;Caixabank;NA;NA;NA;NA;NA;NA;NA;NA;NA;NA;NA;NA;NA;NA;NA;NA;NA;NA;NA;NA;NA;NA;NA;NA;NA;NA;NA;NA;-0,3437027;39,4698626
node/6450391221;node/6450391221;NA;NA;NA;NA;NA;NA;NA;NA;NA;NA;NA;NA;NA;NA;NA;bank;NA;NA;NA;NA;Caixabank;NA;NA;NA;NA;https://caixabank.es;Q847225;NA;es:CaixaBank;NA;NA;NA;NA;NA;NA;NA;NA;https://www.caixabank.es;NA;NA;Caixabank;NA;NA;NA;NA;NA;NA;NA;NA;NA;NA;NA;NA;NA;NA;NA;NA;NA;NA;NA;NA;NA;NA;NA;NA;NA;NA;NA;NA;-0,3509206;39,4597156
node/6473361745;node/6473361745;NA;NA;NA;NA;NA;NA;NA;NA;NA;NA;NA;NA;NA;NA;NA;bank;NA;NA;NA;NA;Banco Santander;NA;NA;Santander Bank;Banco Santander;NA;Q6496310;NA;es:Banco Santander;NA;NA;NA;NA;NA;NA;NA;NA;NA;NA;NA;Banco Santander;NA;NA;NA;NA;NA;Banc Santander;Santander Bank;Banco Santander;NA;NA;NA;Santander Group;NA;NA;NA;NA;NA;NA;NA;NA;NA;NA;NA;NA;NA;NA;NA;NA;-0,3466083;39,4698159
node/6473384822;node/6473384822;NA;NA;NA;NA;NA;NA;NA;NA;NA;NA;NA;NA;NA;NA;NA;bank;NA;NA;NA;NA;Caixabank;Bankia;NA;NA;NA;https://caixabank.es;Q847225;Q806807;es:CaixaBank;es:Bankia;NA;NA;NA;NA;NA;NA;NA;https://www.caixabank.es;NA;NA;Caixabank;Bankia;NA;NA;NA;NA;NA;NA;NA;NA;NA;NA;NA;NA;NA;Caixabank;Bankia;Q847225;Q806807;es:CaixaBank;es:Bankia;NA;NA;NA;NA;NA;NA;NA;NA;-0,345714;39,4691514
node/6473384824;node/6473384824;NA;NA;NA;NA;NA;NA;NA;NA;NA;NA;NA;NA;NA;NA;NA;bank;NA;NA;NA;NA;Banco Sabadell;NA;Banc Sabadell;NA;Banco Sabadell;NA;Q762330;NA;es:Banco Sabadell;NA;NA;NA;NA;NA;NA;NA;NA;NA;NA;NA;Banco Sabadell;NA;NA;NA;NA;NA;Banc Sabadell;NA;Banco Sabadell;NA;NA;NA;Banco de Sabadell, S.A.;NA;NA;NA;NA;NA;NA;NA;NA;NA;NA;NA;NA;NA;NA;NA;NA;-0,3475349;39,4684914
node/6473384827;node/6473384827;NA;NA;NA;NA;NA;NA;NA;NA;NA;NA;NA;NA;NA;NA;NA;bank;NA;NA;NA;NA;Caixabank;Bankia;NA;NA;NA;https://caixabank.es;Q847225;Q806807;es:CaixaBank;es:Bankia;NA;NA;NA;NA;NA;NA;NA;https://www.caixabank.es;NA;NA;Caixabank;Bankia;NA;NA;NA;NA;NA;NA;NA;NA;NA;NA;NA;NA;NA;Caixabank;Bankia;Q847225;Q806807;es:CaixaBank;es:Bankia;NA;NA;NA;NA;NA;NA;NA;NA;-0,3479167;39,4647076
node/6617346032;node/6617346032;València;NA;NA;NA;NA;54;46021;Carrer de Rodríguez de Cepeda;NA;NA;NA;NA;NA;NA;NA;bank;yes;NA;NA;Valencia-Manuel Candela;Cajamar;NA;NA;NA;NA;NA;Q8254971;NA;es:Cajamar Caja Rural;NA;NA;NA;NA;NA;NA;NA;NA;NA;NA;NA;Cajamar;NA;NA;NA;NA;NA;NA;NA;NA;NA;NA;NA;NA;NA;Mo-Fr 08:30-14:00;NA;NA;NA;NA;NA;NA;34963390685;2001;NA;NA;https://www.grupocooperativocajamar.es/es/comun/busquedas/busqueda-oficinas/cajamar_comunidad-valenciana_valencia_valencia_valencia-manuel-candela/;NA;NA;NA;-0,3507427;39,46741
node/6935539926;node/6935539926;València;València;Valencia;Valencia;NA;32;46010;Carrer d'Alboraia;Carrer d'Alboraia;Calle de Alboraya;NA;NA;NA;NA;NA;bank;NA;NA;NA;NA;Banco Santander;NA;NA;Santander Bank;Banco Santander;NA;Q6496310;NA;es:Banco Santander;NA;NA;NA;NA;NA;NA;NA;NA;NA;NA;NA;Banco Santander;NA;NA;NA;NA;NA;Banc Santander;Santander Bank;Banco Santander;NA;NA;NA;Santander Group;NA;NA;NA;NA;NA;NA;NA;NA;NA;NA;NA;NA;NA;NA;NA;NA;-0,3702605;39,4822163
node/6935539933;node/6935539933;València;València;Valencia;Valencia;NA;36;46010;Carrer d'Alboraia;Carrer d'Alboraia;Calle de Alboraya;NA;NA;NA;NA;NA;bank;NA;NA;NA;NA;Targobank;NA;NA;NA;NA;NA;Q1455437;NA;en:Targobank;NA;NA;NA;NA;NA;NA;NA;NA;NA;no;NA;Targobank;NA;NA;NA;NA;NA;NA;NA;NA;NA;NA;NA;NA;NA;NA;NA;NA;NA;NA;NA;NA;NA;NA;NA;NA;NA;NA;NA;NA;-0,3702094;39,4824948
node/6946240000;node/6946240000;NA;NA;NA;NA;NA;NA;NA;NA;NA;NA;NA;NA;NA;NA;NA;bank;NA;NA;NA;NA;BBVA;NA;NA;NA;NA;NA;Q806189;NA;en:Banco Bilbao Vizcaya Argentaria;NA;NA;NA;NA;NA;NA;NA;NA;NA;NA;NA;BBVA;NA;NA;NA;NA;NA;BBVA;NA;NA;NA;NA;NA;Banco Bilbao Vizcaya Argentaria;NA;NA;NA;NA;NA;NA;NA;NA;NA;NA;NA;NA;NA;yes;NA;NA;-0,3555466;39,4803011
node/6959529064;node/6959529064;NA;NA;NA;NA;NA;NA;NA;NA;NA;NA;NA;NA;NA;NA;NA;bank;NA;NA;NA;NA;Banco Sabadell;NA;Banc Sabadell;NA;Banco Sabadell;NA;Q762330;NA;es:Banco Sabadell;NA;NA;NA;NA;NA;NA;NA;NA;NA;NA;NA;Banco Sabadell;NA;NA;NA;NA;NA;Banc Sabadell;NA;Banco Sabadell;NA;NA;NA;Banco de Sabadell, S.A.;NA;NA;NA;NA;NA;NA;NA;NA;NA;NA;NA;NA;NA;NA;NA;NA;-0,3630122;39,4811043
node/6960375094;node/6960375094;València;València;NA;Valencia;NA;35;46010;Carrer d'Alboraia;Carrer d'Alboraia;Calle de Alboraya;NA;NA;NA;NA;NA;bank;NA;NA;NA;NA;Banco Sabadell;NA;Banc Sabadell;NA;Banco Sabadell;NA;Q762330;NA;es:Banco Sabadell;NA;NA;NA;NA;NA;NA;NA;NA;NA;NA;NA;Banco Sabadell;NA;NA;NA;NA;NA;Banc Sabadell;NA;Banco Sabadell;NA;NA;NA;Banco de Sabadell, S.A.;NA;"Apr-Sep: Mo-Fr 08:15-14:00; Oct-Mar: Mo-Fr 08:15-14:00; Oct-Mar: Th 08:15-18:30";NA;NA;NA;NA;NA;NA;NA;NA;NA;NA;NA;NA;NA;NA;-0,3699827;39,4834877
node/6960375098;node/6960375098;NA;NA;NA;NA;NA;NA;NA;NA;NA;NA;NA;NA;NA;NA;NA;bank;yes;NA;NA;NA;Caixabank;NA;NA;NA;NA;https://caixabank.es;Q847225;NA;es:CaixaBank;NA;NA;NA;NA;NA;NA;NA;NA;https://www.caixabank.es;no;NA;Caixabank;NA;NA;NA;NA;NA;NA;NA;NA;NA;NA;NA;NA;NA;"May-Sep: Mo-Fr 08:15-14:30; Oct-Mar: Mo-Fr 08:15-14:30; Oct-Mar: Th 08:15-14:30,16:15-18:30";NA;NA;NA;NA;NA;NA;NA;NA;NA;NA;NA;NA;NA;NA;-0,3698088;39,4837927
node/6960734662;node/6960734662;NA;NA;NA;NA;NA;NA;NA;NA;NA;NA;NA;NA;NA;NA;NA;bank;NA;NA;NA;NA;Banco Sabadell;NA;Banc Sabadell;NA;Banco Sabadell;NA;Q762330;NA;es:Banco Sabadell;NA;NA;NA;NA;NA;NA;NA;NA;NA;NA;NA;Banco Sabadell;NA;NA;NA;NA;NA;Banc Sabadell;NA;Banco Sabadell;NA;NA;NA;Banco de Sabadell, S.A.;NA;NA;NA;NA;NA;NA;NA;NA;NA;NA;NA;NA;NA;NA;NA;NA;-0,3618108;39,4862181
node/6973473955;node/6973473955;NA;NA;NA;NA;NA;NA;NA;NA;NA;NA;NA;NA;NA;NA;NA;bank;NA;NA;NA;NA;Banco Sabadell;NA;Banc Sabadell;NA;Banco Sabadell;NA;Q762330;NA;es:Banco Sabadell;NA;NA;NA;NA;31/07/2025;NA;NA;NA;NA;NA;NA;Banco Sabadell;NA;NA;NA;NA;NA;Banc Sabadell;NA;Banco Sabadell;NA;NA;NA;Banco de Sabadell, S.A.;NA;NA;NA;NA;NA;NA;NA;NA;NA;NA;NA;NA;NA;NA;NA;NA;-0,3626054;39,4618799
node/6994555069;node/6994555069;NA;NA;NA;NA;NA;NA;NA;NA;NA;NA;NA;NA;NA;NA;NA;bank;yes;NA;NA;NA;Caixabank;Bankia;NA;NA;NA;https://caixabank.es;Q847225;Q806807;es:CaixaBank;es:Bankia;NA;NA;NA;NA;NA;NA;NA;https://www.caixabank.es;NA;NA;Caixabank;Bankia;NA;NA;NA;NA;NA;NA;NA;NA;NA;NA;NA;NA;"Mo-Th 08:30-18:30; Fr,PH 08:30-14:30";Caixabank;Bankia;Q847225;Q806807;es:CaixaBank;es:Bankia;NA;NA;NA;NA;NA;NA;NA;NA;-0,3988037;39,4715126
node/7013453825;node/7013453825;NA;NA;NA;NA;NA;NA;NA;NA;NA;NA;NA;NA;NA;NA;NA;bank;yes;NA;NA;NA;BBVA;NA;NA;NA;NA;NA;Q806189;NA;en:Banco Bilbao Vizcaya Argentaria;NA;NA;NA;NA;NA;NA;NA;NA;NA;NA;NA;BBVA;NA;NA;NA;NA;NA;BBVA;NA;NA;NA;NA;NA;Banco Bilbao Vizcaya Argentaria;NA;Mo-Sa 08:30-14:15;NA;NA;NA;NA;NA;NA;NA;NA;NA;NA;NA;NA;NA;NA;-0,3989305;39,4718166
node/7013453828;node/7013453828;NA;NA;NA;NA;NA;NA;NA;NA;NA;NA;NA;NA;NA;NA;NA;bank;yes;NA;NA;NA;Banco Santander;NA;NA;Santander Bank;Banco Santander;NA;Q6496310;NA;es:Banco Santander;NA;NA;NA;NA;NA;NA;NA;NA;NA;NA;NA;Banco Santander;NA;NA;NA;NA;NA;Banc Santander;Santander Bank;Banco Santander;NA;NA;NA;Santander Group;NA;Mo-Fr 08:30-14:30;NA;NA;NA;NA;NA;NA;NA;NA;NA;NA;NA;NA;NA;NA;-0,3986874;39,4717945
node/7042234819;node/7042234819;València;València;NA;NA;NA;8;46005;Avinguda del Regne de València;NA;NA;NA;NA;NA;NA;NA;bank;yes;NA;NA;NA;Banco Pichincha;NA;NA;Pichincha Bank;Banco Pichincha;NA;Q4854135;NA;en:Banco Pichincha;NA;NA;NA;NA;NA;NA;NA;NA;NA;NA;NA;Banco Pichincha;NA;NA;NA;NA;NA;NA;Pichincha Bank;Banco Pichincha;NA;NA;NA;NA;NA;"Mo-Th 09:00-14:30,16:30-18:45; Fr 09:00-14:00";NA;NA;NA;NA;NA;NA;34963504826;NA;NA;NA;https://www.bancopichincha.es/;NA;NA;NA;-0,3728073;39,4646359
node/7256081191;node/7256081191;NA;NA;NA;NA;NA;NA;NA;NA;NA;NA;NA;NA;NA;NA;NA;bank;NA;NA;NA;NA;BBVA;NA;NA;NA;NA;NA;Q806189;NA;en:Banco Bilbao Vizcaya Argentaria;NA;NA;NA;NA;NA;NA;NA;NA;NA;NA;NA;BBVA;NA;NA;NA;NA;NA;BBVA;NA;NA;NA;NA;NA;Banco Bilbao Vizcaya Argentaria;NA;NA;NA;NA;NA;NA;NA;NA;NA;NA;NA;NA;NA;NA;NA;NA;-0,3759797;39,4522788
node/7383379719;node/7383379719;NA;NA;NA;NA;NA;NA;NA;NA;NA;NA;NA;NA;NA;NA;NA;bank;NA;NA;NA;NA;Banco Santander;NA;NA;Santander Bank;Banco Santander;NA;Q6496310;NA;es:Banco Santander;NA;NA;NA;NA;NA;NA;NA;NA;NA;NA;NA;Banco Santander;NA;NA;NA;NA;NA;Banc Santander;Santander Bank;Banco Santander;NA;NA;NA;Santander Group;NA;NA;Santander;NA;NA;NA;NA;NA;NA;NA;NA;NA;NA;NA;NA;NA;-0,3644098;39,4830102
node/7390735095;node/7390735095;NA;NA;NA;NA;NA;NA;NA;NA;NA;NA;NA;NA;NA;NA;NA;bank;NA;NA;NA;NA;Caixabank;Bankia;NA;NA;NA;https://caixabank.es;Q847225;Q806807;es:CaixaBank;es:Bankia;NA;NA;NA;NA;NA;NA;NA;https://www.caixabank.es;NA;NA;Caixabank;Bankia;NA;NA;NA;NA;NA;NA;NA;NA;NA;NA;NA;NA;NA;Caixabank;Bankia;Q847225;Q806807;es:CaixaBank;es:Bankia;NA;NA;NA;NA;NA;NA;NA;NA;-0,3881199;39,4741534
node/9312962984;node/9312962984;NA;NA;NA;NA;NA;NA;NA;NA;NA;NA;NA;NA;NA;NA;NA;bank;NA;NA;NA;NA;NA;NA;NA;NA;NA;NA;NA;NA;NA;NA;NA;NA;NA;NA;NA;NA;NA;NA;NA;NA;Unicaja Banco;NA;NA;NA;NA;NA;NA;NA;NA;NA;NA;NA;NA;NA;NA;NA;NA;NA;NA;NA;NA;NA;NA;NA;NA;NA;NA;NA;NA;-0,3783493;39,4686865
node/9312978013;node/9312978013;NA;NA;NA;NA;NA;NA;NA;NA;NA;NA;NA;NA;NA;NA;NA;bank;NA;NA;NA;NA;Cajamar;NA;NA;NA;NA;NA;Q8254971;NA;NA;NA;NA;NA;NA;NA;NA;NA;NA;NA;NA;NA;Cajamar;NA;NA;NA;NA;NA;NA;NA;NA;NA;NA;NA;NA;NA;NA;NA;NA;NA;NA;NA;NA;NA;NA;NA;NA;NA;NA;NA;NA;-0,3721212;39,4658733
node/9316270088;node/9316270088;NA;NA;NA;NA;NA;NA;NA;NA;NA;NA;NA;NA;NA;NA;NA;bank;yes;NA;NA;NA;Ibercaja;NA;NA;NA;NA;NA;Q5907815;NA;NA;NA;NA;NA;NA;03/04/2024;NA;NA;NA;NA;NA;NA;Ibercaja;NA;NA;NA;NA;NA;NA;NA;NA;NA;NA;NA;NA;NA;NA;NA;NA;NA;NA;NA;NA;NA;NA;NA;NA;NA;NA;NA;NA;-0,3795793;39,4729281
node/9422617656;node/9422617656;NA;NA;NA;NA;NA;NA;NA;NA;NA;NA;NA;NA;NA;NA;NA;bank;NA;NA;NA;NA;Cajamar;NA;NA;NA;NA;NA;Q8254971;NA;es:Cajamar Caja Rural;NA;NA;NA;NA;NA;NA;NA;NA;NA;NA;NA;Cajamar;NA;NA;NA;NA;NA;NA;NA;NA;NA;NA;NA;NA;NA;NA;Cajamar;NA;NA;NA;NA;NA;NA;NA;NA;NA;NA;NA;NA;NA;-0,371892;39,4507713
node/9764262641;node/9764262641;NA;NA;NA;NA;NA;NA;NA;NA;NA;NA;NA;NA;NA;NA;NA;bank;NA;NA;NA;NA;Bankinter;NA;NA;NA;NA;NA;Q806808;NA;NA;NA;NA;NA;NA;NA;NA;NA;NA;NA;NA;NA;Bankinter;NA;NA;NA;NA;NA;Bankinter;NA;NA;NA;NA;NA;NA;NA;NA;NA;NA;NA;NA;NA;NA;NA;NA;NA;NA;NA;NA;NA;NA;-0,371919;39,4713857
node/9862537297;node/9862537297;NA;NA;NA;NA;NA;NA;NA;NA;NA;NA;NA;NA;NA;NA;NA;bank;NA;NA;NA;NA;BBVA;NA;NA;NA;NA;NA;Q806189;NA;NA;NA;NA;NA;NA;NA;NA;NA;NA;NA;NA;NA;BBVA;NA;NA;NA;NA;NA;BBVA;NA;NA;NA;NA;NA;Banco Bilbao Vizcaya Argentaria;NA;NA;NA;NA;NA;NA;NA;NA;NA;NA;NA;NA;NA;NA;NA;NA;-0,3395449;39,4673892
node/10263422401;node/10263422401;NA;NA;NA;NA;NA;NA;NA;NA;NA;NA;NA;NA;NA;NA;NA;bank;NA;NA;NA;NA;Banco Sabadell;NA;Banc Sabadell;NA;Banco Sabadell;NA;Q762330;NA;NA;NA;NA;NA;NA;NA;NA;NA;NA;NA;NA;NA;Banco Sabadell;NA;NA;NA;NA;NA;Banc Sabadell;NA;Banco Sabadell;NA;NA;NA;Banco de Sabadell, S.A.;NA;NA;NA;NA;NA;NA;NA;NA;NA;NA;NA;NA;NA;NA;NA;NA;-0,3752436;39,4539286
node/10314702214;node/10314702214;NA;NA;NA;NA;NA;NA;NA;NA;NA;NA;NA;NA;NA;NA;NA;bank;NA;NA;NA;NA;Abanca;NA;NA;NA;NA;NA;Q9598744;NA;NA;NA;NA;NA;NA;NA;NA;NA;NA;NA;NA;NA;Abanca;NA;NA;NA;NA;NA;NA;NA;NA;NA;NA;NA;ABANCA Corporación Bancaria;NA;NA;NA;NA;NA;NA;NA;NA;+34 963 346 800;NA;NA;NA;NA;NA;NA;NA;-0,3635956;39,4626456
node/10314753626;node/10314753626;València;València;NA;NA;NA;10;NA;Gran Via del Marqués del Túria;NA;NA;NA;NA;NA;NA;NA;bank;yes;NA;NA;NA;NA;NA;NA;NA;NA;NA;NA;NA;NA;NA;NA;NA;NA;NA;NA;NA;NA;NA;NA;NA;Globalcaja;NA;NA;NA;NA;NA;NA;NA;NA;NA;NA;NA;NA;NA;NA;Globalcaja;NA;NA;NA;NA;NA;NA;NA;NA;NA;https://www.globalcaja.es/;NA;NA;NA;-0,3718475;39,4653941
node/10720648108;node/10720648108;NA;NA;NA;NA;NA;NA;NA;NA;NA;NA;NA;NA;NA;NA;NA;bank;NA;NA;NA;NA;Caixa Popular;NA;NA;NA;NA;NA;Q8254944;NA;NA;NA;NA;NA;NA;NA;NA;NA;NA;NA;NA;NA;Caixa Popular;NA;NA;NA;NA;NA;NA;NA;NA;NA;NA;NA;NA;NA;NA;NA;NA;NA;NA;NA;NA;NA;NA;NA;NA;NA;NA;NA;NA;-0,3840361;39,4714661
node/10746476206;node/10746476206;NA;NA;NA;NA;0;NA;46015;NA;NA;NA;NA;NA;NA;NA;NA;bank;yes;NA;NA;NA;Kutxabank;NA;NA;NA;NA;NA;Q5139377;NA;NA;NA;NA;NA;NA;25/05/2025;NA;NA;NA;NA;no;NA;Kutxabank;NA;NA;NA;NA;NA;NA;NA;NA;NA;NA;NA;NA;NA;Mo-Fr 08:30-14:00;NA;NA;NA;NA;NA;NA;NA;NA;NA;NA;NA;NA;NA;NA;-0,401028;39,4915678
node/10792337791;node/10792337791;València;NA;NA;NA;NA;50;NA;Carrer de l'Arxiduc Carles;NA;NA;NA;NA;NA;NA;NA;bank;NA;NA;NA;NA;BBVA;NA;NA;NA;NA;NA;Q806189;NA;NA;NA;NA;NA;NA;NA;NA;NA;NA;NA;NA;NA;BBVA;NA;NA;NA;NA;NA;NA;NA;NA;NA;NA;NA;Banco Bilbao Vizcaya Argentaria;NA;NA;NA;NA;NA;NA;NA;NA;NA;NA;NA;NA;NA;NA;NA;NA;-0,3983698;39,4620516
node/10860769886;node/10860769886;NA;NA;NA;NA;NA;02-jun;NA;Avinguda de Pius XII;NA;NA;NA;NA;NA;NA;NA;bank;NA;NA;NA;NA;Caixabank;NA;NA;NA;NA;NA;Q847225;NA;NA;NA;NA;0;NA;NA;NA;NA;NA;NA;NA;NA;Caixabank;NA;NA;NA;NA;NA;NA;NA;NA;NA;NA;NA;NA;NA;NA;caixa bank;NA;NA;NA;NA;NA;NA;NA;NA;NA;NA;NA;NA;NA;-0,3912181;39,4804506
node/11227961888;node/11227961888;València;NA;NA;NA;NA;39;46015;Carrer de la Vall de la Ballestera;NA;NA;NA;NA;NA;NA;NA;bank;NA;NA;NA;NA;Banco Sabadell;NA;Banc Sabadell;NA;Banco Sabadell;NA;Q762330;NA;NA;NA;NA;NA;NA;NA;NA;NA;NA;NA;no;NA;Banco Sabadell;NA;NA;NA;NA;NA;Banc Sabadell;NA;Banco Sabadell;NA;NA;NA;Banco de Sabadell, S.A.;NA;NA;NA;NA;NA;NA;NA;NA;NA;NA;NA;NA;NA;NA;NA;NA;-0,3982389;39,4788581
node/11253778078;node/11253778078;NA;NA;NA;NA;NA;NA;NA;NA;NA;NA;NA;NA;NA;NA;NA;bank;NA;NA;NA;NA;BBVA;NA;NA;NA;NA;NA;Q806189;NA;NA;NA;NA;NA;NA;NA;NA;NA;NA;NA;NA;NA;BBVA;NA;NA;NA;NA;NA;NA;NA;NA;NA;NA;NA;Banco Bilbao Vizcaya Argentaria;NA;Mo-Fr 07:30-14:15;BBVA;NA;Q806189;NA;NA;NA;NA;NA;NA;NA;NA;NA;NA;NA;-0,3576114;39,4701746
node/11253778079;node/11253778079;NA;NA;NA;NA;NA;NA;NA;NA;NA;NA;NA;NA;NA;NA;NA;bank;NA;NA;NA;NA;Caixa Ontinyent;NA;NA;NA;NA;NA;Q8254941;NA;NA;NA;NA;NA;NA;NA;NA;NA;NA;NA;NA;NA;Caixa Ontinyent;NA;NA;NA;NA;NA;Caixa Ontinyent;NA;NA;NA;NA;NA;NA;NA;Mo-Fr 08:30-12:00;NA;NA;NA;NA;NA;NA;NA;NA;NA;NA;NA;NA;NA;NA;-0,3575463;39,4700607
node/11253779691;node/11253779691;València;NA;NA;NA;NA;21;46021;Carrer de Xile;NA;NA;NA;NA;NA;NA;NA;bank;NA;NA;NA;NA;Santander;NA;NA;NA;NA;NA;Q6496310;NA;NA;NA;NA;NA;NA;NA;NA;NA;NA;NA;NA;NA;Santander;NA;NA;NA;NA;NA;NA;NA;NA;NA;NA;NA;Santander Group;NA;"Mo-Th 09:00-14:00,16:00-18:30; Fr 09:00-14:00";Banco Santander, S.A.;NA;NA;NA;NA;NA;34963628062;NA;NA;NA;https://www.bancosantander.es/;NA;Q6496310;NA;-0,3549318;39,4714364
node/11253803823;node/11253803823;València;NA;NA;NA;NA;109;46021;Avinguda del Cardenal Benlloch;NA;NA;NA;NA;NA;NA;NA;bank;yes;NA;NA;NA;Ibercaja;NA;NA;NA;NA;NA;Q5907815;NA;es:Ibercaja;NA;NA;NA;NA;NA;NA;NA;NA;NA;NA;NA;Ibercaja;NA;NA;NA;NA;NA;NA;NA;NA;NA;NA;NA;NA;NA;"Mo-We,Fr 08:15-14:00; Th 08:15-13:45,16:15-18:30";Ibercaja Banco, S.A.;NA;NA;NA;NA;NA;34963620120;9371;NA;NA;https://www.ibercaja.es/;NA;NA;NA;-0,3528554;39,4749256
node/11253822452;node/11253822452;València;NA;NA;NA;NA;2G;46022;Camí de Vera;NA;NA;NA;NA;NA;NA;NA;bank;NA;NA;NA;Oficina Av. Naranjos, s/n;Banco Santander;NA;NA;NA;NA;NA;Q6496310;NA;NA;NA;NA;NA;NA;NA;NA;NA;NA;NA;NA;NA;Banco Santander;NA;NA;NA;NA;NA;NA;NA;NA;NA;NA;NA;Santander Group;NA;"Mo-Th 08:30-14:00,15:00-17:00; Fr 08:30-14:30";Santander;NA;Q6496310;NA;NA;NA;NA;NA;NA;NA;NA;NA;NA;NA;-0,3440874;39,4813866
node/11253822453;node/11253822453;València;NA;NA;NA;NA;NA;46022;Camí de Vera;NA;NA;2G;NA;NA;NA;NA;bank;yes;NA;NA;NA;Caixa d'Enginyers;NA;NA;NA;NA;NA;NA;NA;NA;NA;NA;NA;NA;NA;NA;NA;NA;NA;NA;NA;Caixa d'Enginyers;NA;NA;NA;NA;NA;NA;NA;NA;NA;yes;NA;NA;NA;"Mo-Th 08:30-17:00; Fr 08:30-14:00";NA;NA;NA;NA;NA;NA;34672002752;NA;NA;NA;https://www.caixaenginyers.com/;NA;NA;NA;-0,3441475;39,4815391
node/11253829233;node/11253829233;NA;NA;NA;NA;NA;NA;NA;NA;NA;NA;NA;NA;NA;NA;NA;bank;NA;NA;NA;NA;La Caixa;NA;NA;NA;NA;NA;Q287753;NA;NA;NA;NA;NA;NA;NA;NA;NA;NA;NA;NA;NA;La Caixa;NA;NA;NA;NA;NA;NA;NA;NA;NA;NA;NA;NA;NA;NA;NA;NA;NA;NA;NA;NA;NA;NA;NA;NA;NA;NA;NA;NA;-0,3568608;39,4724817
node/11253829235;node/11253829235;NA;NA;NA;NA;NA;NA;NA;NA;NA;NA;NA;NA;NA;NA;NA;bank;NA;NA;NA;NA;La Caixa;NA;NA;NA;NA;NA;Q287753;NA;NA;NA;NA;NA;NA;NA;NA;NA;NA;NA;NA;NA;La Caixa;NA;NA;NA;NA;NA;NA;NA;NA;NA;NA;NA;NA;NA;NA;NA;NA;NA;NA;NA;NA;NA;NA;NA;NA;NA;NA;NA;NA;-0,3586354;39,4712292
node/11253935745;node/11253935745;València;NA;NA;NA;NA;3;46021;Carrer de Ramiro de Maeztu;NA;NA;NA;NA;NA;NA;NA;bank;yes;NA;NA;NA;BBVA;NA;NA;NA;NA;NA;Q806189;NA;NA;NA;NA;NA;NA;NA;NA;NA;NA;NA;NA;NA;BBVA;NA;NA;NA;NA;NA;NA;NA;NA;NA;NA;NA;Banco Bilbao Vizcaya Argentaria;NA;Mo-Fr 07:30-13:15;BBVA;NA;Q806189;NA;NA;NA;NA;6512;NA;NA;NA;NA;NA;NA;-0,3497148;39,4678902
node/11423720890;node/11423720890;NA;NA;NA;NA;NA;NA;NA;NA;NA;NA;NA;NA;NA;NA;NA;bank;NA;NA;NA;NA;Kutxabank;NA;NA;NA;NA;NA;Q5139377;NA;NA;NA;NA;NA;NA;NA;NA;NA;NA;NA;NA;NA;Kutxabank;NA;NA;NA;NA;NA;NA;NA;NA;NA;NA;NA;NA;NA;NA;NA;NA;NA;NA;NA;NA;NA;NA;NA;NA;NA;NA;NA;NA;-0,3673234;39,4634497
node/11556707695;node/11556707695;NA;NA;NA;NA;NA;NA;NA;NA;NA;NA;NA;NA;NA;NA;NA;bank;NA;NA;NA;NA;Ibercaja;NA;NA;NA;NA;NA;Q5907815;NA;NA;NA;NA;NA;NA;NA;NA;NA;NA;NA;NA;NA;Ibercaja;NA;NA;NA;NA;NA;NA;NA;NA;NA;NA;NA;NA;NA;NA;NA;NA;NA;NA;NA;NA;NA;NA;NA;NA;NA;NA;NA;NA;-0,3601539;39,4888592
node/12311509907;node/12311509907;NA;NA;NA;NA;NA;NA;NA;NA;NA;NA;NA;NA;NA;NA;NA;bank;yes;NA;NA;NA;NA;NA;NA;NA;NA;NA;NA;NA;NA;NA;NA;NA;NA;NA;NA;NA;NA;NA;NA;NA;BBVA;NA;NA;NA;NA;NA;NA;NA;NA;NA;NA;NA;NA;NA;NA;NA;NA;NA;NA;NA;NA;NA;NA;NA;NA;NA;NA;NA;NA;-0,3616425;39,45762
node/12857131284;node/12857131284;NA;NA;NA;NA;G;NA;NA;NA;NA;NA;NA;NA;NA;NA;NA;bank;yes;NA;NA;NA;BBVA;NA;NA;NA;NA;NA;Q806189;NA;NA;NA;NA;NA;NA;10/08/2025;10/08/2025;NA;NA;NA;no;0;BBVA;NA;NA;NA;NA;NA;NA;NA;NA;NA;NA;NA;Banco Bilbao Vizcaya Argentaria;NA;Mo-Fr 08:30-14:15;NA;NA;NA;NA;NA;NA;NA;NA;NA;NA;NA;NA;NA;NA;-0,3291883;39,4661764
node/13041165056;node/13041165056;NA;NA;NA;NA;G;77;NA;Carrer de la Reina;NA;NA;NA;NA;NA;NA;NA;bank;yes;NA;NA;NA;Caixa Popular;NA;NA;NA;NA;NA;Q8254944;NA;NA;NA;NA;NA;NA;09/08/2025;09/08/2025;NA;NA;NA;no;0;Caixa Popular;NA;NA;NA;NA;NA;NA;NA;NA;NA;NA;NA;NA;NA;"Mo-Th 08:30-17:00; Fr 08:30-14:30";NA;NA;NA;NA;NA;NA;NA;NA;NA;NA;NA;NA;NA;NA;-0,3290348;39,4670951
node/13301756806;node/13301756806;NA;NA;NA;NA;NA;NA;NA;NA;NA;NA;NA;NA;NA;NA;NA;bank;NA;NA;NA;NA;BBVA;NA;NA;NA;NA;NA;NA;NA;NA;NA;NA;NA;NA;NA;NA;NA;NA;NA;NA;NA;BBVA;NA;NA;NA;NA;NA;NA;NA;NA;NA;NA;NA;Banco Bilbao Vizcaya Argentaria;NA;NA;NA;NA;NA;NA;NA;NA;NA;NA;NA;NA;NA;yes;NA;NA;-0,3740388;39,4656107
node/13554685822;node/13554685822;NA;NA;NA;NA;NA;NA;NA;NA;NA;NA;NA;NA;NA;NA;NA;bank;NA;NA;NA;NA;Kutxabank;NA;NA;NA;NA;NA;Q5139377;NA;NA;NA;NA;NA;NA;11/02/2026;NA;NA;NA;NA;NA;NA;Kutxabank;NA;NA;NA;NA;NA;NA;NA;NA;NA;NA;NA;NA;NA;NA;NA;NA;NA;NA;NA;NA;NA;NA;NA;NA;NA;NA;NA;NA;-0,3908045;39,4554521
node/13554685825;node/13554685825;NA;NA;NA;NA;NA;NA;NA;NA;NA;NA;NA;NA;NA;NA;NA;bank;NA;NA;NA;NA;Cajamar;NA;NA;NA;NA;NA;Q8254971;NA;NA;NA;NA;NA;NA;11/02/2026;NA;NA;NA;NA;NA;NA;Cajamar;NA;NA;NA;NA;NA;NA;NA;NA;NA;NA;NA;NA;NA;NA;NA;NA;NA;NA;NA;NA;NA;NA;NA;NA;NA;NA;NA;NA;-0,3910596;39,4550719
node/13554685835;node/13554685835;NA;NA;NA;NA;NA;NA;NA;NA;NA;NA;NA;NA;NA;NA;NA;bank;NA;NA;NA;NA;Caixabank;NA;NA;NA;NA;NA;Q847225;NA;NA;NA;NA;NA;NA;11/02/2026;NA;NA;NA;NA;NA;NA;Caixabank;NA;NA;NA;NA;NA;NA;NA;NA;NA;NA;NA;NA;NA;NA;NA;NA;NA;NA;NA;NA;NA;NA;NA;NA;NA;NA;NA;NA;-0,3922336;39,4532874
