"id";"X.id";"addr.city";"addr.city.ca";"addr.city.es";"addr.floor";"addr.housename";"addr.housenumber";"addr.postcode";"addr.street";"addr.street.ca";"addr.street.es";"alt_name";"alt_website";"amenity";"brand";"building";"check_date";"check_date.opening_hours";"contact.email";"contact.facebook";"contact.phone";"contact.twitter";"contact.website";"contact.whatsapp";"delivery.covid19";"description";"designation";"dispensing";"drive_through";"email";"entrance";"healthcare";"indoor";"internet_access";"internet_access.fee";"level";"mobile";"name";"name.ca";"name.es";"name.signed";"opening_hours";"opening_hours.covid19";"operator";"operator.type";"outdoor_seating";"payment.account_cards";"payment.cards";"payment.cash";"payment.contactless";"payment.credit_cards";"payment.debit_cards";"payment.mastercard";"payment.qr_code";"payment.visa";"phone";"ref";"room";"source";"takeaway.covid19";"toilets.wheelchair";"website";"wheelchair";"longitud";"latitud"
"way/491855246";"way/491855246";NA;NA;NA;NA;NA;NA;NA;NA;NA;NA;NA;NA;"pharmacy";NA;"yes";NA;NA;NA;NA;NA;NA;NA;NA;NA;NA;NA;NA;NA;NA;NA;NA;NA;NA;NA;NA;NA;"Farmacia el Palmar";NA;NA;NA;NA;NA;NA;NA;NA;NA;NA;NA;NA;NA;NA;NA;NA;NA;NA;NA;NA;NA;NA;NA;NA;NA;-0,318094567673704;39,3096672406856
"way/1278933264";"way/1278933264";NA;NA;NA;NA;NA;NA;NA;NA;NA;NA;NA;NA;"pharmacy";NA;NA;NA;NA;NA;NA;NA;NA;NA;NA;NA;NA;NA;NA;NA;NA;NA;"pharmacy";"room";NA;NA;"0";NA;NA;NA;NA;NA;NA;NA;NA;NA;NA;NA;NA;NA;NA;NA;NA;NA;NA;NA;NA;NA;"shop";NA;NA;NA;NA;NA;-0,380779546950947;39,460158849143
"way/1279071991";"way/1279071991";NA;NA;NA;NA;NA;NA;NA;NA;NA;NA;NA;NA;"pharmacy";NA;NA;NA;NA;NA;NA;NA;NA;NA;NA;NA;NA;NA;NA;NA;NA;NA;"pharmacy";"room";NA;NA;"0";NA;"Farmacia Nuevo Centro";NA;NA;NA;NA;NA;NA;NA;NA;NA;NA;NA;NA;NA;NA;NA;NA;NA;NA;"151";"shop";NA;NA;NA;NA;NA;-0,391092739934792;39,4804520369245
"way/1279912022";"way/1279912022";NA;NA;NA;NA;NA;NA;NA;NA;NA;NA;NA;NA;"pharmacy";NA;NA;NA;NA;NA;NA;"+34 963 511 853";NA;NA;NA;NA;NA;NA;NA;NA;NA;NA;"pharmacy";"room";NA;NA;"0";NA;NA;NA;NA;NA;NA;NA;NA;NA;NA;NA;NA;NA;NA;NA;NA;NA;NA;NA;NA;NA;"shop";NA;NA;NA;NA;NA;-0,377662135734724;39,4664481833839
"way/1282494250";"way/1282494250";NA;NA;NA;NA;NA;NA;"46023";"Luis Gracía Berlanga Martí";NA;NA;"Farmacia Pilar Perez Perales";NA;"pharmacy";NA;NA;NA;NA;"farmaaqua@gmail.com";"farmaciaqua";NA;"farmaciaaqua";NA;NA;NA;NA;"Farmacia Aqua";"yes";NA;NA;NA;"pharmacy";"room";NA;NA;"0";NA;"Farmacia Aqua";NA;NA;NA;"Mo-Sa 08:00-24:00; Su 09:00-24:00";NA;NA;NA;NA;"yes";NA;NA;NA;NA;NA;NA;NA;NA;NA;NA;"shop";NA;NA;NA;NA;NA;-0,346416754147702;39,4563119086182
"node/90347288";"node/90347288";NA;NA;NA;NA;NA;NA;NA;NA;NA;NA;NA;NA;"pharmacy";NA;NA;NA;NA;NA;NA;NA;NA;NA;NA;NA;NA;NA;NA;NA;NA;NA;"pharmacy";NA;NA;NA;NA;NA;NA;NA;NA;NA;NA;NA;NA;NA;NA;NA;NA;NA;NA;NA;NA;NA;NA;NA;NA;NA;NA;NA;NA;NA;NA;NA;-0,3648781;39,4749557
"node/90348378";"node/90348378";NA;NA;NA;NA;NA;NA;NA;NA;NA;NA;NA;NA;"pharmacy";NA;NA;NA;NA;NA;NA;NA;NA;NA;NA;NA;NA;NA;"yes";"no";NA;NA;"pharmacy";NA;NA;NA;NA;NA;NA;NA;NA;NA;NA;NA;NA;NA;NA;NA;NA;NA;NA;NA;NA;NA;NA;NA;NA;NA;NA;NA;NA;NA;NA;NA;-0,3631469;39,4779714
"node/105865399";"node/105865399";NA;NA;NA;NA;NA;NA;NA;NA;NA;NA;NA;NA;"pharmacy";NA;NA;2025-10-24;2023-09-29;NA;NA;NA;NA;NA;NA;NA;NA;NA;"yes";"no";NA;NA;"pharmacy";NA;NA;NA;NA;NA;"Farmacia del Treda";NA;NA;NA;"Mo-Fr 09:30-20:30; Sa 09:00-16:00; Su off";NA;NA;NA;NA;NA;NA;"yes";NA;"yes";"yes";"yes";NA;"yes";NA;NA;NA;NA;NA;NA;NA;NA;-0,3964149;39,4951529
"node/106329151";"node/106329151";NA;NA;NA;NA;NA;NA;NA;NA;NA;NA;NA;NA;"pharmacy";NA;NA;NA;NA;NA;NA;NA;NA;NA;NA;NA;NA;NA;NA;NA;NA;NA;"pharmacy";NA;NA;NA;NA;NA;"Farmacia Castejon";NA;NA;NA;NA;NA;NA;NA;NA;NA;NA;NA;NA;NA;NA;NA;NA;NA;NA;NA;NA;NA;NA;NA;NA;NA;-0,4031014;39,451077
"node/106332574";"node/106332574";NA;NA;NA;NA;NA;NA;NA;NA;NA;NA;NA;NA;"pharmacy";NA;NA;NA;NA;NA;NA;NA;NA;NA;NA;NA;NA;NA;NA;NA;NA;NA;"pharmacy";NA;NA;NA;NA;NA;NA;NA;NA;NA;NA;NA;NA;NA;NA;NA;NA;NA;NA;NA;NA;NA;NA;NA;NA;NA;NA;NA;NA;NA;NA;NA;-0,403113;39,453284
"node/106914705";"node/106914705";"València";NA;NA;NA;NA;"72";"46006";"Carrer de la Pianista Empar Iturbi";NA;NA;NA;NA;"pharmacy";NA;NA;NA;NA;NA;NA;NA;NA;NA;NA;NA;NA;NA;NA;NA;NA;NA;"pharmacy";NA;NA;NA;NA;NA;"Farmacia Vidal Simeón";NA;NA;NA;NA;NA;NA;NA;NA;NA;NA;NA;NA;NA;NA;NA;NA;NA;"+34 647 45 20 41";NA;NA;NA;NA;NA;"http://www.vidalfarma.com/";NA;-0,3766905;39,4543131
"node/107394279";"node/107394279";"València";NA;NA;NA;NA;"76";"46013";"Carrera de la Fonteta de Sant Lluís";NA;NA;NA;NA;"pharmacy";NA;NA;NA;NA;NA;NA;NA;NA;NA;NA;NA;NA;NA;NA;NA;NA;NA;NA;NA;NA;NA;"0";NA;NA;NA;NA;NA;NA;NA;NA;NA;NA;NA;NA;NA;NA;NA;NA;NA;NA;NA;NA;NA;NA;NA;NA;NA;NA;NA;-0,371659;39,4534251
"node/108539099";"node/108539099";NA;NA;NA;NA;NA;NA;NA;NA;NA;NA;NA;NA;"pharmacy";NA;NA;NA;NA;NA;NA;NA;NA;NA;NA;NA;NA;NA;NA;NA;NA;NA;"pharmacy";NA;NA;NA;NA;NA;NA;NA;NA;NA;NA;NA;NA;NA;NA;NA;NA;NA;NA;NA;NA;NA;NA;NA;NA;NA;NA;NA;NA;NA;NA;NA;-0,372097;39,4522707
"node/116137697";"node/116137697";NA;NA;NA;NA;NA;NA;NA;NA;NA;NA;NA;NA;"pharmacy";NA;NA;NA;NA;NA;NA;NA;NA;NA;NA;NA;NA;NA;"yes";NA;NA;NA;"pharmacy";NA;NA;NA;NA;NA;NA;NA;NA;NA;NA;NA;NA;NA;NA;NA;NA;NA;NA;NA;NA;NA;NA;NA;NA;NA;NA;NA;NA;NA;NA;NA;-0,3925277;39,4574659
"node/197384422";"node/197384422";NA;NA;NA;NA;NA;NA;NA;NA;NA;NA;NA;NA;"pharmacy";NA;NA;NA;NA;NA;NA;NA;NA;NA;NA;NA;NA;NA;"no";NA;NA;NA;"pharmacy";NA;NA;NA;NA;NA;NA;NA;NA;NA;NA;NA;NA;NA;NA;NA;NA;NA;NA;NA;NA;NA;NA;NA;NA;NA;NA;NA;NA;NA;NA;NA;-0,3836668;39,4736866
"node/203671827";"node/203671827";NA;NA;NA;NA;NA;NA;NA;NA;NA;NA;NA;NA;"pharmacy";NA;NA;2025-06-18;NA;NA;NA;NA;NA;NA;NA;NA;NA;NA;"yes";NA;NA;NA;"pharmacy";NA;NA;NA;NA;NA;"Farmacia Amparo Hortiguela";NA;NA;NA;NA;NA;NA;NA;NA;NA;NA;NA;NA;NA;NA;NA;NA;NA;NA;NA;NA;NA;NA;NA;NA;NA;-0,3808783;39,4727981
"node/248923961";"node/248923961";NA;NA;NA;NA;NA;NA;NA;NA;NA;NA;NA;NA;"pharmacy";NA;NA;NA;NA;NA;NA;NA;NA;NA;NA;NA;NA;NA;NA;NA;NA;NA;"pharmacy";NA;NA;NA;NA;NA;NA;NA;NA;NA;NA;NA;NA;NA;NA;NA;NA;NA;NA;NA;NA;NA;NA;NA;NA;NA;NA;NA;NA;NA;NA;NA;-0,4009881;39,4844852
"node/343720566";"node/343720566";NA;NA;NA;NA;NA;NA;NA;NA;NA;NA;NA;NA;"pharmacy";NA;NA;NA;NA;NA;NA;NA;NA;NA;NA;NA;NA;NA;"yes";NA;NA;NA;"pharmacy";NA;NA;NA;NA;NA;"Farmacia 24 horas Benimaclet";NA;NA;NA;"Mo-Su 00:00-24:00";NA;NA;NA;NA;NA;NA;NA;NA;NA;NA;NA;NA;NA;NA;NA;NA;NA;NA;NA;NA;NA;-0,3625616;39,4846601
"node/365242573";"node/365242573";NA;NA;NA;NA;NA;NA;NA;NA;NA;NA;NA;NA;"pharmacy";NA;NA;NA;NA;NA;NA;NA;NA;NA;NA;NA;NA;NA;"yes";NA;NA;NA;"pharmacy";NA;NA;NA;NA;NA;"Elena Roig Giménez";NA;NA;NA;NA;NA;NA;NA;NA;NA;NA;NA;NA;NA;NA;NA;NA;NA;NA;NA;NA;NA;NA;NA;NA;NA;-0,3825655;39,4709819
"node/365242575";"node/365242575";NA;NA;NA;NA;NA;NA;NA;NA;NA;NA;NA;NA;"pharmacy";NA;NA;NA;NA;NA;NA;NA;NA;NA;NA;NA;NA;NA;"yes";NA;NA;NA;"pharmacy";NA;NA;NA;NA;NA;"Calabuig Reyes C.B.";NA;NA;NA;NA;NA;NA;NA;NA;NA;NA;NA;NA;NA;NA;NA;NA;NA;NA;NA;NA;NA;NA;NA;NA;NA;-0,3848283;39,4705634
"node/475183424";"node/475183424";NA;NA;NA;NA;NA;NA;NA;NA;NA;NA;NA;NA;"pharmacy";NA;NA;NA;NA;"contacto@farmaciadelpilar.com";NA;NA;NA;NA;NA;NA;NA;NA;"yes";NA;NA;NA;"pharmacy";NA;NA;NA;NA;NA;"Farmacia Ortopedia del Pilar";NA;NA;NA;"24/7";NA;NA;NA;NA;NA;NA;NA;NA;NA;NA;NA;NA;NA;"+34 963480588";NA;NA;NA;NA;NA;"https://farmaciadelpilar.com/";NA;-0,3893795;39,4812236
"node/525653752";"node/525653752";NA;NA;NA;NA;NA;NA;NA;NA;NA;NA;NA;NA;"pharmacy";NA;NA;NA;NA;NA;NA;NA;NA;NA;NA;NA;NA;NA;NA;NA;NA;NA;"pharmacy";NA;NA;NA;NA;NA;"Farmacia Bernardeau Serra";NA;NA;NA;NA;NA;NA;NA;NA;NA;NA;NA;NA;NA;NA;NA;NA;NA;NA;NA;NA;NA;NA;NA;NA;NA;-0,3902142;39,4435366
"node/525664356";"node/525664356";NA;NA;NA;NA;NA;NA;NA;NA;NA;NA;NA;NA;"pharmacy";NA;NA;NA;NA;NA;NA;NA;NA;NA;NA;NA;NA;NA;NA;NA;NA;NA;"pharmacy";NA;NA;NA;NA;NA;NA;NA;NA;NA;NA;NA;NA;NA;NA;NA;NA;NA;NA;NA;NA;NA;NA;NA;NA;NA;NA;NA;NA;NA;NA;NA;-0,3877352;39,443407
"node/530282005";"node/530282005";NA;NA;NA;NA;NA;NA;NA;NA;NA;NA;NA;NA;"pharmacy";NA;NA;2025-06-16;NA;NA;NA;NA;NA;NA;NA;NA;NA;NA;NA;NA;NA;NA;"pharmacy";NA;NA;NA;NA;NA;NA;NA;NA;NA;NA;NA;NA;NA;NA;NA;NA;NA;NA;NA;NA;NA;NA;NA;NA;NA;NA;NA;NA;NA;NA;NA;-0,3989197;39,4843514
"node/530289812";"node/530289812";NA;NA;NA;NA;NA;NA;"46015";NA;NA;NA;NA;NA;"pharmacy";NA;NA;2025-06-16;NA;NA;NA;NA;NA;NA;NA;NA;NA;NA;NA;NA;NA;NA;NA;NA;NA;NA;NA;NA;NA;NA;NA;NA;NA;NA;NA;NA;NA;NA;NA;NA;NA;NA;NA;NA;NA;NA;NA;NA;NA;NA;NA;NA;NA;NA;-0,3968698;39,4857196
"node/875096971";"node/875096971";NA;NA;NA;NA;NA;NA;NA;NA;NA;NA;NA;NA;"pharmacy";NA;NA;NA;NA;NA;NA;NA;NA;NA;NA;NA;NA;NA;NA;NA;NA;NA;"pharmacy";NA;NA;NA;NA;NA;"Farmacia Gregorio";NA;NA;NA;NA;NA;NA;NA;NA;NA;NA;NA;NA;NA;NA;NA;NA;NA;NA;NA;NA;NA;NA;NA;NA;"yes";-0,345849;39,4621479
"node/875098129";"node/875098129";NA;NA;NA;NA;NA;NA;NA;NA;NA;NA;NA;NA;"pharmacy";NA;NA;NA;NA;NA;NA;NA;NA;NA;NA;NA;NA;NA;NA;NA;NA;NA;"pharmacy";NA;NA;NA;NA;NA;"Farmacia Gorrochategui-Villuendas, c.b";NA;NA;NA;NA;NA;NA;NA;NA;NA;NA;NA;NA;NA;NA;NA;NA;NA;NA;NA;NA;NA;NA;NA;NA;NA;-0,3425124;39,4607232
"node/973867589";"node/973867589";NA;NA;NA;NA;NA;NA;NA;NA;NA;NA;NA;NA;"pharmacy";NA;NA;NA;NA;NA;NA;NA;NA;NA;NA;NA;NA;NA;NA;NA;NA;NA;"pharmacy";NA;NA;NA;NA;NA;NA;NA;NA;NA;NA;NA;NA;NA;NA;NA;NA;NA;NA;NA;NA;NA;NA;NA;NA;NA;NA;NA;NA;NA;NA;NA;-0,4146017;39,4682703
"node/1189714087";"node/1189714087";NA;NA;NA;NA;NA;NA;NA;NA;NA;NA;NA;NA;"pharmacy";NA;NA;NA;NA;NA;NA;NA;NA;NA;NA;NA;NA;NA;NA;NA;NA;NA;"pharmacy";NA;NA;NA;NA;NA;NA;NA;NA;NA;NA;NA;NA;NA;NA;NA;NA;NA;NA;NA;NA;NA;NA;NA;NA;NA;NA;"survey";NA;NA;NA;NA;-0,4004963;39,459506
"node/1189714437";"node/1189714437";NA;NA;NA;NA;NA;NA;NA;NA;NA;NA;NA;NA;"pharmacy";NA;NA;NA;NA;NA;NA;NA;NA;NA;NA;NA;NA;NA;"yes";NA;NA;NA;"pharmacy";NA;NA;NA;NA;NA;"Malonda-Subirats C.B.";NA;NA;NA;"Mo-Fr 09:00-13:30,16:30-20:00; Sa 09:30-13:30";NA;NA;NA;NA;NA;NA;NA;NA;NA;NA;NA;NA;NA;NA;NA;NA;"survey";NA;NA;NA;NA;-0,3889406;39,4525017
"node/1189715651";"node/1189715651";NA;NA;NA;NA;NA;NA;NA;NA;NA;NA;NA;NA;"pharmacy";NA;NA;NA;NA;NA;NA;NA;NA;NA;NA;NA;NA;NA;"yes";NA;NA;NA;"pharmacy";NA;NA;NA;NA;NA;"Ldo. Francisco Solana Vives";NA;NA;NA;NA;NA;NA;NA;NA;NA;NA;NA;NA;NA;NA;NA;NA;NA;NA;NA;NA;"survey";NA;NA;NA;NA;-0,3940109;39,4544606
"node/1189716002";"node/1189716002";NA;NA;NA;NA;NA;NA;NA;NA;NA;NA;NA;NA;"pharmacy";NA;NA;NA;NA;NA;NA;NA;NA;NA;NA;NA;NA;NA;"yes";NA;NA;NA;"pharmacy";NA;NA;NA;NA;NA;"Ldo. Juan Miguel Folgado Bisbal";NA;NA;NA;NA;NA;NA;NA;NA;NA;NA;NA;NA;NA;NA;NA;NA;NA;NA;NA;NA;"survey";NA;NA;NA;NA;-0,3919898;39,454275
"node/1219207660";"node/1219207660";NA;NA;NA;NA;NA;NA;NA;NA;NA;NA;NA;NA;"pharmacy";NA;NA;NA;NA;NA;NA;NA;NA;NA;NA;NA;NA;NA;NA;NA;NA;NA;"pharmacy";NA;NA;NA;NA;NA;"María Herrero Mascarós";NA;NA;NA;"Mo-Fr 09:00-13:30,17:00-20:00; Sa 09:00-13:30";NA;NA;NA;NA;NA;NA;NA;NA;NA;NA;NA;NA;NA;NA;NA;NA;NA;NA;NA;NA;NA;-0,3723149;39,4812881
"node/1235699545";"node/1235699545";NA;NA;NA;NA;"Farmacia Tormo Falcó";"136";"46007";"Calle de Cuenca";NA;NA;NA;NA;"pharmacy";NA;NA;NA;NA;NA;NA;NA;NA;NA;NA;NA;NA;NA;"yes";NA;NA;NA;"pharmacy";NA;NA;NA;NA;NA;"Farmacia Tormo Falco";NA;NA;NA;NA;NA;NA;NA;NA;NA;NA;NA;NA;NA;NA;NA;NA;NA;NA;NA;NA;NA;NA;NA;NA;NA;-0,3914403;39,4609532
"node/1443922636";"node/1443922636";NA;NA;NA;NA;NA;"39";"46009";"Avenida de Campanar";NA;NA;NA;NA;"pharmacy";NA;NA;NA;NA;NA;NA;NA;NA;NA;NA;NA;NA;NA;NA;"no";NA;NA;"pharmacy";NA;NA;NA;NA;NA;"Campanar 39";NA;NA;NA;NA;NA;NA;NA;NA;NA;NA;NA;NA;NA;NA;NA;NA;NA;NA;NA;NA;"survey";NA;NA;NA;NA;-0,3935379;39,4795479
"node/1443922770";"node/1443922770";NA;NA;NA;NA;NA;"37";"46009";"Avenida de Campanar";NA;NA;NA;NA;"pharmacy";NA;NA;NA;NA;NA;NA;NA;NA;NA;NA;NA;NA;NA;"yes";NA;NA;NA;"pharmacy";NA;NA;NA;NA;NA;"Ana Serra";NA;NA;NA;NA;NA;NA;NA;NA;NA;NA;NA;NA;NA;NA;NA;NA;NA;NA;NA;NA;"survey";NA;NA;NA;NA;-0,3980629;39,4790654
"node/1452393082";"node/1452393082";NA;NA;NA;NA;NA;"10";"46015";"Calle del Marqués de San Juan";NA;NA;NA;NA;"pharmacy";NA;NA;NA;NA;NA;NA;NA;NA;NA;NA;NA;NA;NA;"yes";NA;NA;NA;"pharmacy";NA;NA;NA;NA;NA;"Doctor F. Rius";NA;NA;NA;"Mo-Fr 08:30-14:30,16:00-21:00; Sa 09:00-14:30";NA;NA;NA;NA;NA;NA;NA;NA;NA;NA;NA;NA;NA;"+34 963492080";NA;NA;"survey";NA;NA;NA;NA;-0,3956829;39,4786931
"node/1479104481";"node/1479104481";NA;NA;NA;NA;NA;NA;"46015";NA;NA;NA;NA;NA;"pharmacy";NA;NA;2024-10-07;NA;NA;NA;NA;NA;NA;NA;NA;NA;NA;"yes";"no";NA;NA;"pharmacy";NA;NA;NA;NA;NA;"Farmacia Nou Mestalla";NA;NA;NA;NA;NA;NA;NA;NA;NA;NA;"yes";NA;"yes";"yes";"yes";NA;"yes";NA;NA;NA;"survey";NA;NA;NA;NA;-0,3963953;39,4917639
"node/1480123197";"node/1480123197";NA;NA;NA;NA;NA;NA;NA;NA;NA;NA;NA;NA;"pharmacy";NA;NA;NA;NA;NA;NA;NA;NA;NA;NA;NA;NA;NA;NA;NA;NA;NA;"pharmacy";NA;NA;NA;NA;NA;NA;NA;NA;NA;NA;NA;NA;NA;NA;NA;NA;NA;NA;NA;NA;NA;NA;NA;NA;NA;NA;NA;NA;NA;NA;NA;-0,3943477;39,4909254
"node/1542427855";"node/1542427855";NA;NA;NA;NA;NA;NA;NA;NA;NA;NA;NA;NA;"pharmacy";NA;NA;NA;NA;NA;NA;NA;NA;NA;NA;NA;NA;NA;NA;NA;NA;NA;"pharmacy";NA;NA;NA;NA;NA;NA;NA;NA;NA;NA;NA;NA;NA;NA;NA;NA;NA;NA;NA;NA;NA;NA;NA;NA;NA;NA;NA;NA;NA;NA;NA;-0,4044433;39,4556158
"node/1542427860";"node/1542427860";NA;NA;NA;NA;NA;NA;NA;NA;NA;NA;NA;NA;"pharmacy";NA;NA;NA;NA;NA;NA;NA;NA;NA;NA;NA;NA;NA;NA;NA;NA;NA;"pharmacy";NA;NA;NA;NA;NA;"Farmacia Contell";NA;NA;NA;NA;NA;NA;NA;NA;NA;NA;NA;NA;NA;NA;NA;NA;NA;NA;NA;NA;NA;NA;NA;NA;NA;-0,4017246;39,4557934
"node/1563717336";"node/1563717336";NA;NA;NA;NA;NA;NA;NA;NA;NA;NA;NA;NA;"pharmacy";NA;NA;NA;NA;NA;NA;NA;NA;NA;NA;NA;NA;NA;NA;NA;NA;NA;"pharmacy";NA;NA;NA;NA;NA;NA;NA;NA;NA;NA;NA;NA;NA;NA;NA;NA;NA;NA;NA;NA;NA;NA;NA;NA;NA;NA;NA;NA;NA;NA;NA;-0,398506;39,4790652
"node/1563717340";"node/1563717340";NA;NA;NA;NA;NA;NA;NA;NA;NA;NA;NA;NA;"pharmacy";NA;NA;NA;NA;NA;NA;NA;NA;NA;NA;NA;NA;NA;NA;NA;NA;NA;"pharmacy";NA;NA;NA;NA;NA;NA;NA;NA;NA;NA;NA;NA;NA;NA;NA;NA;NA;NA;NA;NA;NA;NA;NA;NA;NA;NA;NA;NA;NA;NA;NA;-0,4025829;39,4813424
"node/1563717352";"node/1563717352";NA;NA;NA;NA;NA;NA;NA;NA;NA;NA;NA;NA;"pharmacy";NA;NA;NA;NA;NA;NA;NA;NA;NA;NA;NA;NA;NA;NA;NA;NA;NA;"pharmacy";NA;NA;NA;NA;NA;NA;NA;NA;NA;NA;NA;NA;NA;NA;NA;NA;NA;NA;NA;NA;NA;NA;NA;NA;NA;NA;NA;NA;NA;NA;NA;-0,4021538;39,4787422
"node/1597980841";"node/1597980841";NA;NA;NA;NA;NA;"39";"46015";"Avenida de las Cortes Valencianas";NA;NA;NA;NA;"pharmacy";NA;NA;2025-05-25;NA;NA;NA;NA;NA;NA;NA;NA;NA;NA;"yes";"no";NA;NA;"pharmacy";NA;NA;NA;NA;NA;NA;NA;NA;NA;"24/7";NA;NA;NA;NA;NA;NA;NA;NA;"yes";"yes";"yes";NA;"yes";NA;NA;NA;"survey";NA;NA;NA;"no";-0,4008089;39,4912962
"node/1671652517";"node/1671652517";NA;NA;NA;NA;NA;NA;NA;NA;NA;NA;NA;NA;"pharmacy";NA;NA;NA;NA;NA;NA;NA;NA;NA;NA;NA;NA;NA;NA;NA;NA;NA;"pharmacy";NA;NA;NA;NA;NA;"Farmacia L'Alguer";NA;NA;NA;"Mo-Sa 08:30-21:30";NA;NA;NA;NA;NA;NA;NA;NA;NA;NA;NA;NA;NA;"+34 963 72 26 78";NA;NA;NA;NA;NA;NA;NA;-0,3403404;39,4701876
"node/1699218027";"node/1699218027";"València";NA;NA;NA;NA;"12";"46006";"Carrer del Pare Vicent";NA;NA;NA;NA;"pharmacy";NA;NA;NA;NA;NA;NA;NA;NA;NA;NA;NA;NA;NA;NA;NA;NA;NA;NA;NA;NA;NA;NA;NA;"Lda. María Teresa Saus Bernabé";NA;NA;NA;NA;NA;NA;NA;NA;NA;NA;NA;NA;NA;NA;NA;NA;NA;"+34 963730110";NA;NA;NA;NA;NA;NA;NA;-0,3725937;39,4571957
"node/1712713244";"node/1712713244";NA;NA;NA;NA;NA;NA;NA;NA;NA;NA;NA;NA;"pharmacy";NA;NA;NA;NA;NA;NA;NA;NA;NA;NA;NA;NA;NA;"yes";NA;NA;NA;"pharmacy";NA;NA;NA;NA;NA;NA;NA;NA;NA;NA;NA;NA;NA;NA;NA;NA;NA;NA;NA;NA;NA;NA;NA;NA;NA;NA;NA;NA;NA;NA;NA;-0,346228;39,4587397
"node/1719287005";"node/1719287005";NA;NA;NA;NA;NA;NA;NA;NA;NA;NA;NA;NA;"pharmacy";NA;NA;NA;NA;NA;NA;NA;NA;NA;NA;NA;NA;NA;NA;NA;NA;NA;"pharmacy";NA;NA;NA;NA;NA;NA;NA;NA;NA;NA;NA;NA;NA;NA;NA;NA;NA;NA;NA;NA;NA;NA;NA;NA;NA;NA;NA;NA;NA;NA;NA;-0,3925614;39,4344251
"node/1719287006";"node/1719287006";NA;NA;NA;NA;NA;NA;NA;NA;NA;NA;NA;NA;"pharmacy";NA;NA;NA;NA;NA;NA;NA;NA;NA;NA;NA;NA;NA;"no";NA;NA;NA;"pharmacy";NA;NA;NA;NA;NA;"Farmacia La Torre";NA;NA;NA;NA;NA;NA;NA;NA;NA;NA;NA;NA;NA;NA;NA;NA;NA;NA;NA;NA;NA;NA;NA;NA;NA;-0,3910191;39,4352206
"node/1783289888";"node/1783289888";NA;NA;NA;NA;NA;NA;NA;NA;NA;NA;NA;NA;"pharmacy";NA;NA;NA;NA;NA;NA;NA;NA;NA;NA;NA;NA;NA;NA;NA;NA;NA;"pharmacy";NA;NA;NA;NA;NA;"Concha Espejo Cervello";NA;NA;NA;NA;NA;NA;NA;NA;NA;NA;NA;NA;NA;NA;NA;NA;NA;NA;NA;NA;NA;NA;NA;NA;NA;-0,3686515;39,4612447
"node/1891316674";"node/1891316674";NA;NA;NA;NA;NA;NA;NA;NA;NA;NA;NA;NA;"pharmacy";NA;NA;NA;NA;NA;NA;NA;NA;NA;NA;NA;NA;NA;NA;NA;NA;NA;"pharmacy";NA;NA;NA;NA;NA;NA;NA;NA;NA;NA;NA;NA;NA;NA;NA;NA;NA;NA;NA;NA;NA;NA;NA;NA;NA;NA;NA;NA;NA;NA;NA;-0,3386515;39,4657034
"node/2154987047";"node/2154987047";NA;NA;NA;NA;NA;NA;NA;NA;NA;NA;NA;NA;"pharmacy";NA;NA;NA;NA;NA;NA;NA;NA;NA;NA;NA;NA;NA;NA;NA;NA;NA;"pharmacy";NA;NA;NA;NA;NA;"Farmacia Jaime";NA;NA;NA;NA;NA;NA;NA;NA;NA;NA;NA;NA;NA;NA;NA;NA;NA;NA;NA;NA;NA;NA;NA;NA;NA;-0,339336;39,4600508
"node/2288358270";"node/2288358270";NA;NA;NA;NA;NA;NA;NA;NA;NA;NA;NA;NA;"pharmacy";NA;NA;NA;NA;NA;NA;NA;NA;NA;NA;NA;NA;NA;NA;NA;NA;NA;"pharmacy";NA;NA;NA;NA;NA;"Farmacia";NA;NA;NA;NA;NA;NA;NA;NA;NA;NA;NA;NA;NA;NA;NA;NA;NA;NA;NA;NA;NA;NA;NA;NA;NA;-0,3765714;39,4608702
"node/2288831820";"node/2288831820";"València";NA;NA;NA;NA;"267";"46011";"Avinguda del Port";NA;NA;NA;NA;"pharmacy";NA;NA;NA;NA;NA;NA;NA;NA;NA;NA;NA;NA;NA;NA;NA;NA;NA;"pharmacy";NA;NA;NA;NA;NA;"Trébol";NA;NA;NA;NA;NA;NA;NA;NA;NA;NA;NA;NA;NA;NA;NA;NA;NA;NA;NA;NA;NA;NA;NA;NA;NA;-0,3353739;39,4609516
"node/2334539956";"node/2334539956";NA;NA;NA;NA;NA;NA;NA;NA;NA;NA;NA;NA;"pharmacy";NA;NA;NA;NA;NA;NA;NA;NA;NA;NA;NA;NA;NA;NA;NA;NA;NA;"pharmacy";NA;NA;NA;NA;NA;NA;NA;NA;NA;NA;NA;NA;NA;NA;NA;NA;NA;NA;NA;NA;NA;NA;NA;NA;NA;NA;NA;NA;NA;NA;"no";-0,3451702;39,474765
"node/2334540595";"node/2334540595";NA;NA;NA;NA;NA;NA;NA;NA;NA;NA;NA;NA;"pharmacy";NA;NA;NA;NA;NA;NA;NA;NA;NA;NA;NA;NA;NA;NA;NA;NA;NA;"pharmacy";NA;NA;NA;NA;NA;"Blasco Ibáñez";"Blasco Ibáñez";NA;NA;"Mo-Fr 09:00-21:00; Sa 10:00-14:00";NA;NA;NA;NA;NA;NA;NA;NA;NA;NA;NA;NA;NA;NA;NA;NA;NA;NA;NA;NA;"limited";-0,3473056;39,4733029
"node/2475527976";"node/2475527976";NA;NA;NA;NA;NA;"2";NA;NA;NA;NA;NA;"www.boixcosmetics.com";"pharmacy";NA;NA;NA;NA;NA;NA;NA;NA;NA;NA;NA;NA;NA;NA;NA;NA;NA;"pharmacy";NA;NA;NA;NA;NA;"Farmacia Boix & Boix Cosmetics";NA;NA;NA;NA;NA;NA;NA;NA;NA;NA;NA;NA;NA;NA;NA;NA;NA;"+34 963528985";NA;NA;NA;NA;NA;"https://farmaciaboix.com/";NA;-0,3797513;39,4679869
"node/2477521752";"node/2477521752";NA;NA;NA;NA;NA;NA;NA;NA;NA;NA;NA;NA;"pharmacy";NA;NA;NA;NA;NA;NA;NA;NA;NA;NA;NA;NA;NA;"yes";NA;NA;NA;NA;NA;NA;NA;NA;NA;NA;NA;NA;NA;NA;NA;NA;NA;NA;NA;NA;NA;NA;NA;NA;NA;NA;NA;NA;NA;NA;NA;NA;NA;NA;NA;-0,3332363;39,383047
"node/2506470179";"node/2506470179";NA;NA;NA;NA;NA;NA;NA;NA;NA;NA;NA;NA;"pharmacy";NA;NA;NA;NA;NA;NA;NA;NA;NA;NA;NA;NA;NA;NA;NA;NA;NA;"pharmacy";NA;NA;NA;NA;NA;"Guadalupe Llatas";NA;NA;NA;"Su-Fr 09:00-14:00,17:00-20:30";NA;NA;NA;NA;NA;NA;NA;NA;NA;NA;NA;NA;NA;NA;NA;NA;NA;NA;NA;NA;NA;-0,3683758;39,4716537
"node/2506490502";"node/2506490502";NA;NA;NA;NA;NA;NA;NA;NA;NA;NA;NA;NA;"pharmacy";NA;NA;NA;NA;NA;NA;NA;NA;NA;NA;NA;NA;NA;NA;NA;NA;NA;"pharmacy";NA;NA;NA;NA;NA;"Farmacia Palomares Cuéllar";NA;NA;NA;"Mo-Sa 09:00-14:30,16:30-21:00";NA;NA;NA;NA;NA;NA;NA;NA;NA;NA;NA;NA;NA;NA;NA;NA;NA;NA;NA;NA;NA;-0,3490105;39,4704199
"node/2508211126";"node/2508211126";NA;NA;NA;NA;NA;NA;NA;NA;NA;NA;NA;NA;"pharmacy";NA;NA;2024-03-31;NA;NA;NA;NA;NA;NA;NA;NA;NA;NA;NA;NA;NA;NA;"pharmacy";NA;NA;NA;NA;NA;"Farmacia Colón";NA;NA;NA;"Mo-Su 09:00-22:00";NA;NA;NA;NA;NA;NA;NA;NA;NA;NA;NA;NA;NA;NA;NA;NA;NA;NA;NA;NA;NA;-0,372029;39,4689358
"node/2508922323";"node/2508922323";NA;NA;NA;NA;NA;"113";"46022";"Avinguda de Blasco Ibáñez";NA;NA;NA;NA;"pharmacy";NA;NA;NA;NA;NA;NA;NA;NA;NA;NA;NA;NA;NA;NA;NA;NA;NA;"pharmacy";NA;NA;NA;NA;NA;"Sabina";"Sabina";NA;NA;"Mo-Sa 09:00-21:30";NA;NA;NA;NA;NA;NA;NA;NA;NA;NA;NA;NA;NA;"+34 963 71 81 66";NA;NA;NA;NA;NA;NA;"yes";-0,3442577;39,4734062
"node/2700282750";"node/2700282750";NA;NA;NA;NA;NA;NA;NA;NA;NA;NA;NA;NA;"pharmacy";NA;NA;NA;NA;NA;NA;NA;NA;NA;NA;NA;NA;NA;NA;NA;NA;NA;"pharmacy";NA;NA;NA;NA;NA;"Farmacia Blanquerias";NA;"Место автобуса";NA;NA;NA;NA;NA;NA;NA;NA;NA;NA;NA;NA;NA;NA;NA;NA;NA;NA;NA;NA;NA;NA;NA;-0,3772665;39,479918
"node/2701348621";"node/2701348621";"València";NA;NA;NA;NA;"106";"46011";"Avinguda de la Malva-rosa";NA;NA;NA;NA;"pharmacy";NA;NA;NA;NA;NA;NA;NA;NA;NA;NA;NA;NA;NA;NA;NA;NA;NA;NA;NA;NA;NA;NA;NA;"Farmacia Llopis Gonzalez";NA;NA;NA;NA;NA;NA;NA;NA;NA;NA;NA;NA;NA;NA;NA;NA;NA;NA;NA;NA;NA;NA;NA;NA;NA;-0,3279727;39,4817837
"node/2932115230";"node/2932115230";NA;NA;NA;NA;NA;NA;NA;NA;NA;NA;NA;NA;"pharmacy";NA;NA;NA;NA;NA;NA;NA;NA;NA;NA;NA;NA;NA;NA;NA;NA;NA;"pharmacy";NA;NA;NA;NA;NA;NA;NA;NA;NA;NA;NA;NA;NA;NA;NA;NA;NA;NA;NA;NA;NA;NA;NA;NA;NA;NA;NA;NA;NA;NA;NA;-0,3939359;39,4727429
"node/2932115231";"node/2932115231";NA;NA;NA;NA;NA;NA;NA;NA;NA;NA;NA;NA;"pharmacy";NA;NA;NA;NA;NA;NA;NA;NA;NA;NA;NA;NA;NA;NA;NA;NA;NA;"pharmacy";NA;NA;NA;NA;NA;NA;NA;NA;NA;NA;NA;NA;NA;NA;NA;NA;NA;NA;NA;NA;NA;NA;NA;NA;NA;NA;NA;NA;NA;NA;NA;-0,3942262;39,4704897
"node/2932115232";"node/2932115232";"València";NA;NA;NA;NA;"2";"46008";"Carrer de Martí l’Humà";NA;NA;NA;NA;"pharmacy";NA;NA;NA;NA;NA;NA;NA;NA;NA;NA;NA;NA;NA;"yes";"no";NA;NA;"pharmacy";NA;NA;NA;NA;NA;NA;NA;NA;NA;"Mo-Fr 09:00-14:00,16:30-20:00; Sa 09:00-14:00";NA;NA;NA;NA;NA;NA;NA;NA;NA;NA;NA;NA;NA;"+34963855232";NA;NA;NA;NA;NA;NA;NA;-0,3920107;39,4719028
"node/2932127225";"node/2932127225";"València";NA;NA;NA;NA;"8";"46023";"Avinguda del Port";NA;NA;NA;NA;"pharmacy";NA;NA;NA;NA;NA;NA;NA;NA;NA;NA;NA;NA;NA;NA;"no";NA;NA;"pharmacy";NA;NA;NA;NA;NA;"Farmacia Ruiz Aznar";NA;NA;NA;NA;NA;NA;NA;NA;NA;NA;NA;NA;NA;NA;NA;NA;NA;NA;NA;NA;NA;NA;NA;NA;NA;-0,359799;39,4679179
"node/3105343389";"node/3105343389";NA;NA;NA;NA;NA;NA;NA;NA;NA;NA;NA;NA;"pharmacy";NA;NA;NA;NA;NA;NA;NA;NA;NA;NA;NA;NA;NA;"yes";NA;NA;NA;"pharmacy";NA;NA;NA;NA;NA;NA;NA;NA;NA;NA;NA;NA;NA;NA;NA;NA;NA;NA;NA;NA;NA;NA;NA;"+34 963493352";NA;NA;NA;NA;NA;NA;NA;-0,3847637;39,4826914
"node/3106905147";"node/3106905147";"València";NA;NA;NA;NA;"6";"46015";"Avinguda de Manuel de Falla";NA;NA;NA;NA;"pharmacy";NA;NA;NA;NA;NA;NA;NA;NA;NA;NA;NA;NA;NA;NA;NA;NA;NA;"pharmacy";NA;NA;NA;NA;NA;"Farmacia Mª Soledad Yoldi Galar";NA;NA;NA;"Mo-Fr 09:00-21:00; Sa 09:00-21:00";NA;NA;NA;NA;NA;NA;NA;NA;NA;NA;NA;NA;NA;"+34 963 40 23 46";NA;NA;NA;NA;NA;NA;"yes";-0,3984763;39,4760869
"node/3371552756";"node/3371552756";"València";NA;NA;NA;NA;"38";"46020";"Carrer d'Albocàsser";NA;NA;NA;NA;"pharmacy";NA;NA;NA;NA;NA;NA;NA;NA;NA;NA;NA;NA;NA;NA;NA;NA;NA;"pharmacy";NA;NA;NA;NA;NA;"Lda. Encarna Ibañez";NA;NA;NA;"Mo-Fr 09:00-13:30,16:30-20:00; Sa 09:00-13:30";NA;NA;NA;NA;NA;NA;NA;NA;NA;NA;NA;NA;NA;NA;NA;NA;NA;NA;NA;NA;NA;-0,3660711;39,4885503
"node/3412612490";"node/3412612490";"València";NA;NA;NA;NA;"8";"46003";"Plaça de la Virgen";NA;NA;NA;NA;"pharmacy";NA;NA;2025-05-05;NA;NA;NA;NA;NA;NA;NA;NA;NA;NA;NA;NA;NA;NA;"pharmacy";NA;NA;NA;NA;NA;"Reyes Chamero";NA;NA;NA;NA;NA;NA;NA;NA;NA;NA;NA;NA;NA;NA;NA;NA;NA;"+34963916821";NA;NA;NA;NA;NA;NA;NA;-0,374939;39,4767018
"node/3412612903";"node/3412612903";"València";NA;NA;NA;NA;"33";"46003";"Carrer dels Serrans";NA;NA;NA;NA;"pharmacy";NA;NA;2024-04-01;NA;NA;NA;NA;NA;NA;NA;NA;NA;NA;NA;NA;NA;NA;"pharmacy";NA;NA;NA;NA;NA;"Farmacia Blanch";NA;NA;NA;NA;NA;NA;NA;NA;NA;NA;NA;NA;NA;NA;NA;NA;NA;"+34963914016";NA;NA;NA;NA;NA;NA;NA;-0,3763602;39,4787417
"node/3586043395";"node/3586043395";NA;NA;NA;NA;NA;"65";"46013";"Avinguda d'Amado Granell Mesado (Militar)";NA;NA;NA;NA;"pharmacy";NA;NA;NA;NA;NA;NA;NA;NA;NA;NA;NA;NA;NA;NA;NA;NA;NA;"pharmacy";NA;NA;NA;NA;NA;"Farmacia Marcos Bohiges";NA;"Marcos Bohiges";NA;NA;NA;NA;NA;NA;NA;NA;NA;NA;NA;NA;NA;NA;NA;"+34 961001430";NA;NA;NA;NA;NA;NA;NA;-0,3610314;39,45385
"node/3593701735";"node/3593701735";NA;NA;NA;NA;NA;"2";"46035";"Calle de la Esperanza";NA;NA;NA;NA;"pharmacy";NA;NA;NA;NA;NA;NA;NA;NA;NA;NA;NA;NA;NA;"no";NA;NA;NA;NA;NA;NA;NA;NA;NA;"Llorens Sancho";NA;NA;NA;NA;NA;"Rafael Llorens Montañana";NA;NA;NA;NA;NA;NA;NA;NA;NA;NA;NA;"+34 963400703";NA;NA;NA;NA;NA;"http://farmaciallorens.com/";NA;-0,4190278;39,4985565
"node/3600744746";"node/3600744746";NA;NA;NA;NA;NA;NA;NA;NA;NA;NA;NA;NA;"pharmacy";NA;NA;NA;NA;NA;NA;NA;NA;NA;NA;NA;NA;NA;NA;NA;NA;NA;"pharmacy";NA;NA;NA;NA;NA;NA;NA;NA;NA;NA;NA;NA;NA;NA;NA;NA;NA;NA;NA;NA;NA;NA;NA;NA;NA;NA;NA;NA;NA;NA;NA;-0,3925264;39,4933622
"node/3607188794";"node/3607188794";NA;NA;NA;NA;NA;"1";"46035";"Calle Campamento";NA;NA;NA;NA;"pharmacy";NA;NA;NA;NA;NA;NA;NA;NA;NA;NA;NA;NA;NA;"yes";"no";NA;NA;"pharmacy";NA;NA;NA;NA;NA;"Campamento";NA;NA;NA;NA;NA;NA;NA;NA;NA;NA;NA;NA;NA;NA;NA;NA;NA;"+34 963640231";NA;NA;NA;NA;NA;NA;NA;-0,4199039;39,5026717
"node/3608183847";"node/3608183847";NA;NA;NA;NA;NA;"30";"46035";"Calle de Felipe Valls";NA;NA;NA;NA;"pharmacy";NA;NA;NA;NA;NA;NA;NA;NA;NA;NA;NA;NA;NA;NA;NA;NA;NA;NA;NA;NA;NA;NA;NA;NA;NA;NA;NA;NA;NA;NA;NA;NA;NA;NA;NA;NA;NA;NA;NA;NA;NA;NA;NA;NA;NA;NA;NA;NA;NA;-0,4186138;39,5002469
"node/3615341676";"node/3615341676";NA;NA;NA;NA;NA;"1";"46035";"Arquitecto Gilabert";NA;NA;NA;NA;"pharmacy";NA;NA;NA;NA;NA;NA;NA;NA;NA;NA;NA;NA;NA;NA;NA;NA;NA;"pharmacy";NA;NA;NA;NA;NA;NA;NA;NA;NA;NA;NA;"Pascual Maiques Nadal";NA;NA;NA;NA;NA;NA;NA;NA;NA;NA;NA;"+34 963641086";NA;NA;NA;NA;NA;NA;NA;-0,4169716;39,5022114
"node/3626097512";"node/3626097512";NA;NA;NA;NA;NA;"66";NA;"Carrer Quart";NA;NA;NA;NA;"pharmacy";NA;NA;NA;NA;NA;NA;NA;NA;NA;NA;NA;NA;NA;NA;NA;NA;NA;"pharmacy";NA;NA;NA;NA;NA;"Bellver";"Bellver";NA;NA;"Mo-Fr 09:00-20:00; Sa 09:30-14:00";NA;NA;NA;NA;NA;NA;NA;NA;NA;NA;NA;NA;NA;NA;NA;NA;NA;NA;NA;NA;NA;-0,3848569;39,4755191
"node/3657800506";"node/3657800506";NA;NA;NA;NA;NA;NA;NA;NA;NA;NA;NA;NA;"pharmacy";NA;NA;2024-09-19;NA;NA;NA;NA;NA;NA;NA;NA;NA;NA;NA;"no";NA;NA;"pharmacy";NA;NA;NA;"0";NA;NA;NA;NA;NA;NA;NA;NA;NA;NA;NA;NA;NA;NA;NA;NA;NA;NA;NA;NA;NA;NA;"survey";NA;NA;NA;"yes";-0,3764093;39,4711877
"node/3686352682";"node/3686352682";NA;NA;NA;NA;NA;NA;NA;NA;NA;NA;NA;NA;"pharmacy";NA;NA;NA;NA;NA;NA;NA;NA;NA;NA;NA;NA;NA;NA;NA;NA;NA;"pharmacy";NA;NA;NA;NA;NA;"Farmacia Lds. Oliver, C.B.";NA;NA;NA;NA;NA;NA;NA;NA;NA;NA;NA;NA;NA;NA;NA;NA;NA;NA;NA;NA;NA;NA;NA;NA;NA;-0,3428354;39,4625882
"node/3699314152";"node/3699314152";"València";"València";"Valencia";NA;NA;"26";"46010";"Carrer d'Alboraia";"Carrer d'Alboraia";"Calle de Alboraya";NA;NA;"pharmacy";NA;NA;NA;NA;NA;NA;NA;NA;NA;NA;NA;NA;NA;"yes";"no";NA;NA;"pharmacy";NA;NA;NA;NA;NA;"Interapothek";NA;NA;NA;"Mo-Fr 08:30-22:00; Sa, Su 09:00-21:00";NA;NA;NA;NA;NA;NA;NA;NA;NA;NA;NA;NA;NA;NA;NA;NA;NA;NA;NA;NA;NA;-0,3705312;39,4818302
"node/3882420485";"node/3882420485";NA;NA;NA;NA;NA;"107";"46007";"Carrer de Sant Vicent Màrtir";NA;NA;NA;NA;"pharmacy";NA;NA;NA;NA;NA;NA;NA;NA;NA;NA;NA;NA;NA;NA;NA;NA;NA;"pharmacy";NA;NA;NA;NA;NA;"Farmacia 24 horas Plaza de España";NA;NA;NA;"24/7";NA;NA;NA;NA;NA;NA;NA;NA;NA;NA;NA;NA;NA;NA;NA;NA;NA;NA;NA;NA;NA;-0,3814973;39,4647211
"node/3957283073";"node/3957283073";NA;NA;NA;NA;NA;NA;NA;NA;NA;NA;NA;NA;"pharmacy";NA;NA;NA;NA;NA;NA;NA;NA;NA;NA;NA;NA;NA;"no";NA;NA;NA;"pharmacy";NA;NA;NA;NA;NA;"Farmacia Pastor Pastor";NA;NA;NA;"Mo-Sa 09:00-22:00";NA;NA;NA;NA;NA;NA;NA;NA;NA;NA;NA;NA;NA;NA;NA;NA;NA;NA;NA;NA;NA;-0,3280853;39,4733561
"node/4097816879";"node/4097816879";NA;NA;NA;NA;NA;NA;NA;NA;NA;NA;NA;NA;"pharmacy";NA;NA;NA;NA;NA;NA;NA;NA;NA;NA;NA;NA;NA;NA;NA;NA;NA;"pharmacy";NA;NA;NA;NA;NA;NA;NA;NA;NA;NA;NA;NA;NA;NA;NA;NA;NA;NA;NA;NA;NA;NA;NA;NA;NA;NA;NA;NA;NA;NA;NA;-0,368388;39,486719
"node/4111832605";"node/4111832605";NA;NA;NA;NA;NA;"7";NA;"Franco Tormo";NA;NA;NA;NA;"pharmacy";NA;NA;NA;NA;NA;NA;NA;NA;NA;NA;NA;NA;NA;NA;NA;NA;NA;"pharmacy";NA;NA;NA;NA;NA;"Farmacia Marcilla";NA;NA;NA;NA;NA;NA;NA;NA;NA;NA;NA;NA;NA;NA;NA;NA;NA;"+34 963782726";NA;NA;NA;NA;NA;NA;NA;-0,3905208;39,4581332
"node/4239945999";"node/4239945999";NA;NA;NA;NA;NA;NA;NA;NA;NA;NA;NA;NA;"pharmacy";NA;NA;NA;NA;NA;NA;NA;NA;NA;NA;NA;NA;NA;NA;NA;NA;NA;"pharmacy";NA;NA;NA;NA;NA;"Vidal Tello";NA;NA;NA;NA;NA;NA;NA;NA;NA;NA;NA;NA;NA;NA;NA;NA;NA;NA;NA;NA;NA;NA;NA;NA;NA;-0,3896469;39,4735151
"node/4239998889";"node/4239998889";NA;NA;NA;NA;NA;NA;NA;NA;NA;NA;NA;NA;"pharmacy";NA;NA;NA;NA;NA;NA;NA;NA;NA;NA;NA;NA;NA;NA;NA;NA;NA;"pharmacy";NA;NA;NA;NA;NA;"Hernandez Gimenez";NA;NA;NA;"Mo-Su,PH 09:00-22:00";NA;NA;NA;NA;NA;NA;NA;NA;NA;NA;NA;NA;NA;NA;NA;NA;NA;NA;NA;NA;NA;-0,3887261;39,474861
"node/4266914599";"node/4266914599";NA;NA;NA;NA;NA;NA;"46011";"Carrer de Francesc Eiximenis";NA;NA;NA;NA;"pharmacy";NA;NA;NA;NA;NA;NA;NA;NA;NA;NA;NA;NA;NA;NA;NA;NA;NA;"pharmacy";NA;NA;NA;NA;NA;"Farmacia Cabañal";NA;NA;NA;NA;NA;NA;NA;NA;NA;NA;NA;NA;NA;NA;NA;NA;NA;NA;NA;NA;NA;NA;NA;NA;NA;-0,3324195;39,470872
"node/4366606691";"node/4366606691";NA;NA;NA;NA;NA;NA;NA;NA;NA;NA;NA;NA;"pharmacy";NA;NA;NA;NA;NA;NA;NA;NA;NA;NA;NA;NA;NA;NA;NA;NA;NA;NA;NA;NA;NA;NA;NA;NA;NA;NA;NA;NA;NA;NA;NA;NA;NA;NA;NA;NA;NA;NA;NA;NA;NA;NA;NA;NA;NA;NA;NA;NA;NA;-0,3285525;39,4702795
"node/4596482391";"node/4596482391";NA;NA;NA;NA;NA;NA;NA;NA;NA;NA;NA;NA;"pharmacy";NA;NA;NA;NA;NA;NA;NA;NA;NA;NA;NA;NA;NA;NA;NA;NA;NA;"pharmacy";NA;NA;NA;NA;NA;"Rosa Ballester";NA;NA;NA;NA;NA;NA;NA;NA;NA;NA;NA;NA;NA;NA;NA;NA;NA;NA;NA;NA;NA;NA;NA;NA;NA;-0,3781436;39,4551935
"node/4663354322";"node/4663354322";"València";NA;NA;NA;NA;"33";"46026";"Carrer de l'Illa Formentera";NA;NA;NA;NA;"pharmacy";NA;NA;NA;NA;NA;NA;NA;NA;NA;NA;NA;NA;NA;NA;NA;NA;NA;"pharmacy";NA;NA;NA;NA;NA;"Farmacia Marvisan C.B.";NA;NA;NA;NA;NA;NA;NA;NA;NA;NA;NA;NA;NA;NA;NA;NA;NA;NA;NA;NA;NA;NA;NA;NA;NA;-0,3795411;39,4472502
"node/4663518768";"node/4663518768";"València";NA;NA;NA;NA;"33";"46026";"Carrer de l'Illa Cabrera";NA;NA;NA;NA;"pharmacy";NA;NA;NA;NA;NA;NA;NA;NA;NA;NA;NA;NA;NA;NA;NA;NA;NA;"pharmacy";NA;NA;NA;NA;NA;"Farmacia Colom Marí";NA;NA;NA;"Mo-Fr 09:00-14:00,16:30-21:00; Sa 09:00-13:30";NA;NA;NA;NA;NA;NA;NA;NA;NA;NA;NA;NA;NA;"+34 963 33 01 46";NA;NA;NA;NA;NA;NA;NA;-0,3793036;39,4491539
"node/4744203328";"node/4744203328";NA;NA;NA;NA;NA;NA;NA;NA;NA;NA;NA;NA;"pharmacy";NA;NA;2024-03-07;NA;NA;NA;NA;NA;NA;NA;NA;NA;NA;NA;NA;NA;NA;"pharmacy";NA;NA;NA;NA;NA;NA;NA;NA;NA;NA;NA;NA;NA;NA;NA;NA;NA;NA;NA;NA;NA;NA;NA;NA;NA;NA;NA;NA;NA;NA;NA;-0,3795264;39,470224
"node/4875990652";"node/4875990652";NA;NA;NA;NA;NA;NA;NA;NA;NA;NA;NA;NA;"pharmacy";NA;NA;NA;NA;NA;NA;NA;NA;NA;NA;NA;NA;NA;NA;NA;NA;NA;"pharmacy";NA;NA;NA;NA;NA;"Farmacia Ldo Luis Amigó";NA;NA;NA;NA;NA;NA;NA;NA;NA;NA;NA;NA;NA;NA;NA;NA;NA;NA;NA;NA;NA;NA;NA;NA;NA;-0,3864154;39,4640164
"node/4893671229";"node/4893671229";NA;NA;NA;NA;NA;NA;NA;NA;NA;NA;NA;NA;"pharmacy";NA;NA;NA;NA;NA;NA;NA;NA;NA;NA;NA;NA;NA;NA;NA;NA;NA;"pharmacy";NA;NA;NA;NA;NA;NA;NA;NA;NA;NA;NA;NA;NA;NA;NA;NA;NA;NA;NA;NA;NA;NA;NA;NA;NA;NA;NA;NA;NA;NA;NA;-0,3894467;39,4693781
"node/4907454325";"node/4907454325";NA;NA;NA;NA;NA;NA;NA;NA;NA;NA;NA;NA;"pharmacy";NA;NA;NA;NA;NA;NA;NA;NA;NA;NA;NA;NA;NA;NA;NA;NA;NA;"pharmacy";NA;NA;NA;NA;NA;NA;NA;NA;NA;NA;NA;NA;NA;NA;NA;NA;NA;NA;NA;NA;NA;NA;NA;NA;NA;NA;NA;NA;NA;NA;NA;-0,3804716;39,4675291
"node/4952470127";"node/4952470127";NA;NA;NA;NA;NA;NA;NA;NA;NA;NA;NA;NA;"pharmacy";NA;NA;NA;NA;NA;NA;NA;NA;NA;NA;NA;NA;NA;NA;NA;NA;NA;"pharmacy";NA;NA;NA;NA;NA;"Farmacia Cuenca";NA;NA;NA;NA;NA;NA;NA;NA;NA;NA;NA;NA;NA;NA;NA;NA;NA;NA;NA;NA;NA;NA;NA;NA;NA;-0,386848;39,466218
"node/4989782808";"node/4989782808";NA;NA;NA;NA;NA;NA;NA;NA;NA;NA;NA;NA;"pharmacy";NA;NA;NA;NA;NA;NA;NA;NA;NA;NA;NA;NA;NA;NA;NA;NA;NA;"pharmacy";NA;NA;NA;NA;NA;"farmacia 24h";NA;NA;NA;NA;NA;NA;NA;NA;NA;NA;NA;NA;NA;NA;NA;NA;NA;NA;NA;NA;NA;NA;NA;NA;NA;-0,356258;39,4671511
"node/4989821193";"node/4989821193";NA;NA;NA;NA;NA;NA;NA;NA;NA;NA;NA;NA;"pharmacy";NA;NA;NA;NA;NA;NA;NA;NA;NA;NA;NA;NA;NA;NA;NA;NA;NA;"pharmacy";NA;NA;NA;NA;NA;NA;NA;NA;NA;NA;NA;NA;NA;NA;NA;NA;NA;NA;NA;NA;NA;NA;NA;NA;NA;NA;NA;NA;NA;NA;NA;-0,3509603;39,4656026
"node/4989821200";"node/4989821200";NA;NA;NA;NA;NA;NA;NA;NA;NA;NA;NA;NA;"pharmacy";NA;NA;NA;NA;NA;NA;NA;NA;NA;NA;NA;NA;NA;NA;NA;NA;NA;"pharmacy";NA;NA;NA;NA;NA;NA;NA;NA;NA;NA;NA;NA;NA;NA;NA;NA;NA;NA;NA;NA;NA;NA;NA;NA;NA;NA;NA;NA;NA;NA;NA;-0,3495693;39,4651927
"node/4989970383";"node/4989970383";NA;NA;NA;NA;NA;NA;NA;NA;NA;NA;NA;NA;"pharmacy";NA;NA;NA;NA;NA;NA;NA;NA;NA;NA;NA;NA;NA;NA;NA;NA;NA;"pharmacy";NA;NA;NA;NA;NA;NA;NA;NA;NA;NA;NA;NA;NA;NA;NA;NA;NA;NA;NA;NA;NA;NA;NA;NA;NA;NA;NA;NA;NA;NA;NA;-0,3346536;39,4604255
"node/4992278232";"node/4992278232";NA;NA;NA;NA;NA;NA;NA;NA;NA;NA;NA;NA;"pharmacy";NA;NA;NA;NA;NA;NA;NA;NA;NA;NA;NA;NA;NA;NA;NA;NA;NA;"pharmacy";NA;NA;NA;NA;NA;NA;NA;NA;NA;NA;NA;NA;NA;NA;NA;NA;NA;NA;NA;NA;NA;NA;NA;NA;NA;NA;NA;NA;NA;NA;NA;-0,352725;39,4657591
"node/5012877449";"node/5012877449";NA;NA;NA;NA;NA;NA;NA;NA;NA;NA;NA;NA;"pharmacy";NA;NA;NA;NA;NA;NA;NA;NA;NA;NA;NA;NA;NA;NA;NA;NA;NA;"pharmacy";NA;NA;NA;NA;NA;"Farmacia La Barraca";NA;NA;NA;NA;NA;NA;NA;NA;NA;NA;NA;NA;NA;NA;NA;NA;NA;NA;NA;NA;NA;NA;NA;NA;NA;-0,3293833;39,466554
"node/5012877450";"node/5012877450";NA;NA;NA;NA;NA;NA;NA;NA;NA;NA;NA;NA;"pharmacy";NA;NA;NA;NA;NA;NA;NA;NA;NA;NA;NA;NA;NA;NA;NA;NA;NA;"pharmacy";NA;NA;NA;NA;NA;NA;NA;NA;NA;NA;NA;NA;NA;NA;NA;NA;NA;NA;NA;NA;NA;NA;NA;NA;NA;NA;NA;NA;NA;NA;NA;-0,328614;39,4682375
"node/5016406568";"node/5016406568";NA;NA;NA;NA;NA;NA;NA;NA;NA;NA;NA;NA;"pharmacy";NA;NA;NA;NA;NA;NA;NA;NA;NA;NA;NA;NA;NA;NA;NA;NA;NA;"pharmacy";NA;NA;NA;NA;NA;"Farmacias de Guardia";NA;NA;NA;"Mo-Sa 09:00-21:00; PH,Su off";NA;NA;NA;NA;NA;NA;NA;NA;NA;NA;NA;NA;NA;NA;NA;NA;NA;NA;NA;NA;NA;-0,3293355;39,4649355
"node/5016406573";"node/5016406573";NA;NA;NA;NA;NA;NA;NA;NA;NA;NA;NA;NA;"pharmacy";NA;NA;NA;NA;NA;NA;NA;NA;NA;NA;NA;NA;NA;NA;NA;NA;NA;"pharmacy";NA;NA;NA;NA;NA;NA;NA;NA;NA;NA;NA;NA;NA;NA;NA;NA;NA;NA;NA;NA;NA;NA;NA;NA;NA;NA;NA;NA;NA;NA;NA;-0,3333159;39,4671125
"node/5022362879";"node/5022362879";NA;NA;NA;NA;NA;NA;NA;NA;NA;NA;NA;NA;"pharmacy";NA;NA;NA;NA;NA;NA;NA;NA;NA;NA;NA;NA;NA;NA;NA;NA;NA;"pharmacy";NA;NA;NA;NA;NA;"Canyamelar";NA;NA;NA;"Mo-Fr 08:00-21:00; Sa 09:00-21:00; Su,PH 09:00-14:00";NA;NA;NA;NA;NA;NA;NA;NA;NA;NA;NA;NA;NA;NA;NA;NA;NA;NA;NA;NA;NA;-0,3315429;39,4657337
"node/5034090501";"node/5034090501";"València";NA;NA;NA;NA;"6";"46021";"Carrer del Doctor Manuel Candela";NA;NA;NA;NA;"pharmacy";NA;NA;NA;NA;NA;NA;NA;NA;NA;NA;NA;NA;NA;NA;NA;NA;NA;"pharmacy";NA;NA;NA;NA;NA;"Farmacia 24 horas - Dr. Manuel Candela";NA;NA;NA;"24/7";NA;NA;NA;NA;NA;NA;NA;NA;NA;NA;NA;NA;NA;NA;NA;NA;NA;NA;NA;NA;NA;-0,3508624;39,466025
"node/5044808327";"node/5044808327";NA;NA;NA;NA;NA;NA;NA;NA;NA;NA;NA;NA;"pharmacy";NA;NA;NA;NA;NA;NA;NA;NA;NA;NA;NA;NA;NA;NA;NA;NA;NA;"pharmacy";NA;NA;NA;NA;NA;NA;NA;NA;NA;NA;NA;NA;NA;NA;NA;NA;NA;NA;NA;NA;NA;NA;NA;NA;NA;NA;NA;NA;NA;NA;NA;-0,3896458;39,4667234
"node/5044808337";"node/5044808337";NA;NA;NA;NA;NA;NA;NA;NA;NA;NA;NA;NA;"pharmacy";NA;NA;NA;NA;NA;NA;NA;NA;NA;NA;NA;NA;NA;NA;NA;NA;NA;"pharmacy";NA;NA;NA;NA;NA;"Ejarque";NA;"Ejarque";NA;NA;NA;NA;NA;NA;NA;NA;NA;NA;NA;NA;NA;NA;NA;NA;NA;NA;NA;NA;NA;NA;NA;-0,3739732;39,4697726
"node/5044810927";"node/5044810927";NA;NA;NA;NA;NA;NA;"46002";NA;NA;NA;NA;NA;"pharmacy";NA;NA;2025-05-20;NA;NA;NA;NA;NA;NA;NA;NA;NA;NA;"yes";"no";NA;NA;"pharmacy";NA;NA;NA;NA;NA;"Farmacia Ajuntament";NA;"Farmacia Ajuntament";NA;NA;NA;NA;NA;NA;NA;NA;NA;NA;NA;NA;NA;NA;NA;NA;NA;NA;"survey";NA;NA;NA;NA;-0,3769948;39,4708056
"node/5044811322";"node/5044811322";NA;NA;NA;NA;NA;NA;NA;NA;NA;NA;NA;NA;"pharmacy";NA;NA;NA;NA;NA;NA;NA;NA;NA;NA;NA;NA;NA;NA;NA;NA;NA;"pharmacy";NA;NA;NA;NA;NA;"Ortopedia";NA;"Ortopedia";NA;NA;NA;NA;NA;NA;NA;NA;NA;NA;NA;NA;NA;NA;NA;NA;NA;NA;NA;NA;NA;NA;NA;-0,4029508;39,4697196
"node/5044811422";"node/5044811422";NA;NA;NA;NA;NA;NA;NA;NA;NA;NA;NA;NA;"pharmacy";NA;NA;NA;NA;NA;NA;NA;NA;NA;NA;NA;NA;NA;NA;NA;NA;NA;"pharmacy";NA;NA;NA;NA;NA;NA;NA;NA;NA;NA;NA;NA;NA;NA;NA;NA;NA;NA;NA;NA;NA;NA;NA;NA;NA;NA;NA;NA;NA;NA;NA;-0,3771795;39,4692721
"node/5046886131";"node/5046886131";NA;NA;NA;NA;NA;NA;"46001";NA;NA;NA;NA;NA;"pharmacy";NA;NA;2025-06-18;NA;NA;NA;NA;NA;NA;NA;NA;NA;NA;"yes";"no";NA;NA;"pharmacy";NA;NA;NA;NA;NA;"Javier Llacer";NA;"Javier Llacer";NA;NA;NA;NA;NA;NA;NA;NA;NA;NA;NA;NA;NA;NA;NA;NA;NA;NA;NA;NA;NA;NA;NA;-0,377381;39,4726996
"node/5046886132";"node/5046886132";NA;NA;NA;NA;NA;NA;NA;NA;NA;NA;NA;NA;"pharmacy";NA;NA;2024-10-02;NA;NA;NA;NA;NA;NA;NA;NA;NA;NA;NA;NA;NA;NA;"pharmacy";NA;NA;NA;NA;NA;"Plaza del Mercado";"Plaça del Mercat";NA;NA;"Mo-Su 08:30-21:30";NA;NA;NA;NA;NA;NA;"yes";NA;"yes";"yes";"yes";NA;"yes";NA;NA;NA;NA;NA;NA;NA;"yes";-0,3780432;39,4737966
"node/5141694158";"node/5141694158";NA;NA;NA;NA;NA;NA;"46002";NA;NA;NA;NA;NA;"pharmacy";NA;NA;2025-05-20;NA;NA;NA;NA;NA;NA;NA;NA;NA;NA;"yes";"no";NA;NA;"pharmacy";NA;NA;NA;NA;NA;"Farmacia Ribera";NA;NA;NA;"Mo-Sa 08:30-21:30; Su 10:00-21:00";NA;NA;NA;NA;NA;NA;"yes";NA;"yes";"yes";"yes";NA;"yes";NA;NA;NA;NA;NA;NA;NA;"yes";-0,3759661;39,468078
"node/5247603022";"node/5247603022";NA;NA;NA;NA;NA;NA;NA;"Avinguda de la Gola del Pujol";NA;NA;NA;NA;"pharmacy";NA;NA;NA;NA;NA;NA;NA;NA;NA;NA;NA;NA;NA;NA;"no";NA;NA;"pharmacy";NA;NA;NA;NA;NA;NA;NA;NA;NA;NA;NA;NA;"private";NA;NA;NA;NA;NA;NA;NA;NA;NA;NA;NA;NA;NA;NA;NA;NA;NA;NA;-0,3220259;39,3567546
"node/5299081998";"node/5299081998";NA;NA;NA;NA;NA;"7";NA;"Avinguda de Campanar";NA;NA;NA;NA;"pharmacy";NA;NA;NA;NA;NA;NA;NA;NA;NA;NA;NA;NA;NA;NA;NA;NA;NA;"pharmacy";NA;NA;NA;NA;NA;"Campanar 7";"Campanar 7";NA;NA;"Mo-Fr 09:00-21:00; Sa 09:00-13:30";NA;NA;NA;"no";NA;NA;NA;NA;NA;NA;NA;NA;NA;"+34 963 49 49 59";NA;NA;NA;NA;NA;NA;NA;-0,389894;39,4874668
"node/5299082010";"node/5299082010";NA;NA;NA;NA;NA;NA;NA;NA;NA;NA;NA;NA;"pharmacy";NA;NA;NA;NA;NA;NA;NA;NA;NA;NA;NA;NA;NA;NA;NA;NA;NA;"pharmacy";NA;NA;NA;NA;NA;"General Aviles";NA;NA;NA;"Mo-Fr 09:00-14:00, 16:30-20:30; Sa 09:00-14:00";NA;NA;NA;"no";NA;NA;NA;NA;NA;NA;NA;NA;NA;NA;NA;NA;NA;NA;NA;NA;NA;-0,3933311;39,4872439
"node/5405903038";"node/5405903038";NA;NA;NA;NA;NA;NA;NA;NA;NA;NA;NA;NA;"pharmacy";NA;NA;NA;NA;NA;NA;NA;NA;NA;NA;NA;NA;NA;NA;NA;NA;NA;"pharmacy";NA;NA;NA;NA;NA;NA;NA;NA;NA;NA;NA;NA;NA;NA;NA;NA;NA;NA;NA;NA;NA;NA;NA;NA;NA;NA;NA;NA;NA;NA;NA;-0,3729374;39,4890595
"node/5405903039";"node/5405903039";NA;NA;NA;NA;NA;NA;NA;NA;NA;NA;NA;NA;"pharmacy";NA;NA;NA;NA;NA;NA;NA;NA;NA;NA;NA;NA;NA;NA;NA;NA;NA;"pharmacy";NA;NA;NA;NA;NA;NA;NA;NA;NA;NA;NA;NA;NA;NA;NA;NA;NA;NA;NA;NA;NA;NA;NA;NA;NA;NA;NA;NA;NA;NA;NA;-0,3727883;39,487049
"node/5460586788";"node/5460586788";NA;NA;NA;NA;NA;NA;NA;NA;NA;NA;NA;NA;"pharmacy";NA;NA;NA;NA;NA;NA;NA;NA;NA;NA;NA;NA;NA;"yes";NA;NA;NA;"pharmacy";NA;NA;NA;NA;NA;"Carman Amorós Navarro";NA;NA;NA;NA;NA;NA;NA;NA;NA;NA;NA;NA;NA;NA;NA;NA;NA;NA;NA;NA;NA;NA;NA;NA;NA;-0,3748688;39,484626
"node/5744589621";"node/5744589621";NA;NA;NA;NA;NA;"30";NA;"Carrer de l'Arquitecte Arnau";NA;NA;NA;NA;"pharmacy";NA;NA;NA;NA;NA;NA;NA;NA;NA;NA;NA;NA;NA;"yes";NA;NA;NA;"pharmacy";NA;NA;NA;NA;NA;"Farmàcia Vicenta Segura";"Farmàcia Vicenta Segura";NA;NA;"Mo-Fr 09:00-14:00,16:30-20:15; Sa 09:00-13:30; Su closed; PH closed";NA;NA;NA;NA;NA;NA;NA;NA;NA;NA;NA;NA;NA;"+34 963 60 12 22";NA;NA;NA;NA;NA;"https://www.farmaciavicentasegura.es/";"yes";-0,3562958;39,4858694
"node/5825487505";"node/5825487505";NA;NA;NA;NA;NA;NA;NA;NA;NA;NA;NA;NA;"pharmacy";NA;NA;NA;NA;NA;NA;NA;NA;NA;NA;NA;NA;NA;"yes";NA;NA;NA;"pharmacy";NA;NA;NA;NA;NA;"Farmacia Morales";NA;NA;NA;NA;NA;NA;NA;NA;NA;NA;NA;NA;NA;NA;NA;NA;NA;NA;NA;NA;NA;NA;NA;NA;NA;-0,3306509;39,4678481
"node/5825495308";"node/5825495308";NA;NA;NA;NA;NA;NA;NA;NA;NA;NA;NA;NA;"pharmacy";NA;NA;NA;NA;NA;NA;NA;NA;NA;NA;NA;NA;NA;"yes";NA;NA;NA;"pharmacy";NA;NA;NA;NA;NA;NA;NA;NA;NA;NA;NA;NA;NA;NA;NA;NA;NA;NA;NA;NA;NA;NA;NA;NA;NA;NA;NA;NA;NA;NA;NA;-0,3301111;39,4716666
"node/5835027861";"node/5835027861";NA;NA;NA;NA;NA;NA;NA;NA;NA;NA;NA;NA;"pharmacy";NA;NA;NA;NA;NA;NA;NA;NA;NA;NA;NA;NA;NA;"yes";NA;NA;NA;"pharmacy";NA;NA;NA;NA;NA;NA;NA;NA;NA;NA;NA;NA;NA;NA;NA;NA;NA;NA;NA;NA;NA;NA;NA;NA;NA;NA;NA;NA;NA;NA;NA;-0,329535;39,4743869
"node/5835027862";"node/5835027862";NA;NA;NA;NA;NA;NA;NA;NA;NA;NA;NA;NA;"pharmacy";NA;NA;NA;NA;NA;NA;NA;NA;NA;NA;NA;NA;NA;"yes";NA;NA;NA;"pharmacy";NA;NA;NA;NA;NA;NA;NA;NA;NA;NA;NA;NA;NA;NA;NA;NA;NA;NA;NA;NA;NA;NA;NA;NA;NA;NA;NA;NA;NA;NA;NA;-0,3286261;39,4762896
"node/5835027863";"node/5835027863";NA;NA;NA;NA;NA;NA;NA;NA;NA;NA;NA;NA;"pharmacy";NA;NA;NA;NA;NA;NA;NA;NA;NA;NA;NA;NA;NA;"yes";NA;NA;NA;"pharmacy";NA;NA;NA;NA;NA;"Farmacia Adela Morales Inclán";NA;NA;NA;"Mo-Fr 08:00-21:00; Sa 09:00-14:00";NA;NA;NA;NA;NA;NA;NA;NA;NA;NA;NA;NA;NA;NA;NA;NA;NA;NA;NA;NA;NA;-0,3279716;39,4790721
"node/5960057995";"node/5960057995";NA;NA;NA;NA;NA;NA;NA;NA;NA;NA;NA;NA;"pharmacy";NA;NA;NA;NA;NA;NA;NA;NA;NA;NA;NA;NA;NA;"yes";NA;NA;NA;"pharmacy";NA;NA;NA;NA;NA;"Federica roquet";NA;NA;NA;NA;NA;NA;NA;NA;NA;NA;NA;NA;NA;NA;NA;NA;NA;NA;NA;NA;NA;NA;NA;NA;NA;-0,3565997;39,4825519
"node/5960058032";"node/5960058032";NA;NA;NA;NA;NA;NA;NA;NA;NA;NA;NA;NA;"pharmacy";NA;NA;NA;NA;NA;NA;NA;NA;NA;NA;NA;NA;NA;"yes";NA;NA;NA;"pharmacy";NA;NA;NA;NA;NA;NA;NA;NA;NA;NA;NA;NA;NA;NA;NA;NA;NA;NA;NA;NA;NA;NA;NA;NA;NA;NA;NA;NA;NA;NA;NA;-0,3572918;39,480647
"node/5971576016";"node/5971576016";NA;NA;NA;NA;NA;"310";NA;"Avenida del Puerto";NA;NA;NA;NA;"pharmacy";NA;NA;NA;NA;NA;NA;NA;NA;NA;NA;NA;NA;NA;NA;NA;NA;NA;"pharmacy";NA;NA;NA;NA;NA;"Farmacia Puerto 310";NA;NA;NA;NA;NA;NA;NA;NA;NA;NA;NA;NA;NA;NA;NA;NA;NA;NA;NA;NA;NA;NA;NA;NA;NA;-0,3352308;39,4605896
"node/6003222161";"node/6003222161";NA;NA;NA;NA;NA;NA;NA;NA;NA;NA;NA;NA;"pharmacy";NA;NA;NA;NA;NA;NA;NA;NA;NA;NA;NA;NA;NA;"yes";NA;NA;NA;"pharmacy";NA;NA;NA;NA;NA;"Farmacia San Petrillo";NA;NA;NA;NA;NA;NA;NA;NA;NA;NA;NA;NA;NA;NA;NA;NA;NA;NA;NA;NA;NA;NA;NA;NA;NA;-0,3605317;39,4853299
"node/6003299489";"node/6003299489";NA;NA;NA;NA;NA;NA;NA;NA;NA;NA;NA;NA;"pharmacy";NA;NA;NA;NA;NA;NA;NA;NA;NA;NA;NA;NA;NA;"yes";NA;NA;NA;"pharmacy";NA;NA;NA;NA;NA;NA;NA;NA;NA;NA;NA;NA;NA;NA;NA;NA;NA;NA;NA;NA;NA;NA;NA;NA;NA;NA;NA;NA;NA;NA;NA;-0,3590711;39,4863319
"node/6093170455";"node/6093170455";NA;NA;NA;NA;NA;NA;NA;NA;NA;NA;NA;NA;"pharmacy";NA;NA;NA;NA;NA;NA;NA;NA;NA;NA;NA;NA;NA;"yes";NA;NA;NA;"pharmacy";NA;NA;NA;NA;NA;NA;NA;NA;NA;NA;NA;NA;NA;NA;NA;NA;NA;NA;NA;NA;NA;NA;NA;NA;NA;NA;NA;NA;NA;NA;NA;-0,3923442;39,4642715
"node/6093170456";"node/6093170456";NA;NA;NA;NA;NA;NA;NA;NA;NA;NA;NA;NA;"pharmacy";NA;NA;NA;NA;NA;NA;NA;NA;NA;NA;NA;NA;NA;"yes";NA;NA;NA;"pharmacy";NA;NA;NA;NA;NA;NA;NA;NA;NA;NA;NA;NA;NA;NA;NA;NA;NA;NA;NA;NA;NA;NA;NA;NA;NA;NA;NA;NA;NA;NA;NA;-0,3894467;39,4643969
"node/6093170457";"node/6093170457";NA;NA;NA;NA;NA;NA;NA;NA;NA;NA;NA;NA;"pharmacy";NA;NA;NA;NA;NA;NA;NA;NA;NA;NA;NA;NA;NA;"yes";NA;NA;NA;"pharmacy";NA;NA;NA;NA;NA;NA;NA;NA;NA;NA;NA;NA;NA;NA;NA;NA;NA;NA;NA;NA;NA;NA;NA;NA;NA;NA;NA;NA;NA;NA;NA;-0,3924409;39,4661902
"node/6093170458";"node/6093170458";NA;NA;NA;NA;NA;NA;NA;NA;NA;NA;NA;NA;"pharmacy";NA;NA;NA;NA;NA;NA;NA;NA;NA;NA;NA;NA;NA;"yes";NA;NA;NA;"pharmacy";NA;NA;NA;NA;NA;NA;NA;NA;NA;NA;NA;NA;NA;NA;NA;NA;NA;NA;NA;NA;NA;NA;NA;NA;NA;NA;NA;NA;NA;NA;NA;-0,4017244;39,4708721
"node/6200952063";"node/6200952063";NA;NA;NA;NA;NA;NA;NA;NA;NA;NA;NA;NA;"pharmacy";NA;NA;NA;NA;NA;NA;NA;NA;NA;NA;NA;NA;NA;"yes";NA;NA;NA;"pharmacy";NA;NA;NA;NA;NA;NA;NA;NA;NA;NA;NA;NA;NA;NA;NA;NA;NA;NA;NA;NA;NA;NA;NA;NA;NA;NA;NA;NA;NA;NA;NA;-0,3490367;39,474854
"node/6210161285";"node/6210161285";NA;NA;NA;NA;NA;NA;NA;NA;NA;NA;NA;NA;"pharmacy";NA;NA;NA;NA;NA;NA;NA;NA;NA;NA;NA;NA;NA;NA;NA;NA;NA;"pharmacy";NA;NA;NA;NA;NA;NA;NA;NA;NA;NA;NA;NA;NA;NA;NA;NA;NA;NA;NA;NA;NA;NA;NA;NA;NA;NA;NA;NA;NA;NA;NA;-0,401613;39,4579519
"node/6329645167";"node/6329645167";NA;NA;NA;NA;NA;NA;NA;NA;NA;NA;NA;NA;"pharmacy";NA;NA;NA;NA;NA;NA;NA;NA;NA;NA;NA;NA;NA;"yes";NA;NA;NA;"pharmacy";NA;NA;NA;NA;NA;"Farmacia Orriols";NA;NA;NA;NA;NA;NA;NA;NA;NA;NA;NA;NA;NA;NA;NA;NA;NA;NA;NA;NA;NA;NA;NA;NA;NA;-0,3664137;39,4912944
"node/6337557629";"node/6337557629";NA;NA;NA;NA;NA;NA;NA;NA;NA;NA;NA;NA;"pharmacy";NA;NA;NA;NA;NA;NA;NA;NA;NA;NA;NA;NA;NA;"yes";NA;NA;NA;"pharmacy";NA;NA;NA;NA;NA;NA;NA;NA;NA;NA;NA;NA;NA;NA;NA;NA;NA;NA;NA;NA;NA;NA;NA;NA;NA;NA;NA;NA;NA;NA;NA;-0,3713437;39,4925624
"node/6410093729";"node/6410093729";"València";NA;NA;NA;NA;NA;"46008";NA;NA;NA;NA;NA;"pharmacy";NA;NA;NA;NA;NA;NA;NA;NA;NA;NA;NA;NA;NA;"yes";NA;NA;NA;"pharmacy";NA;NA;NA;NA;NA;"Miragall Farmacia";NA;NA;NA;NA;NA;NA;NA;NA;NA;NA;NA;NA;NA;NA;NA;NA;NA;NA;NA;NA;NA;NA;NA;NA;NA;-0,389;39,4713926
"node/6419115566";"node/6419115566";NA;NA;NA;NA;NA;NA;NA;NA;NA;NA;NA;NA;"pharmacy";NA;NA;NA;NA;NA;NA;NA;NA;NA;NA;NA;NA;NA;NA;NA;NA;NA;"pharmacy";NA;NA;NA;NA;NA;"Gastaldi Rodrigo";NA;NA;NA;"Mo-Sa 09:00-13:30,16:30-20:00, Sa 09:00-13:30";NA;NA;NA;NA;NA;NA;NA;NA;NA;NA;NA;NA;NA;NA;NA;NA;NA;NA;NA;NA;NA;-0,3662078;39,4622702
"node/6424943265";"node/6424943265";NA;NA;NA;NA;NA;NA;NA;NA;NA;NA;NA;NA;"pharmacy";NA;NA;NA;NA;NA;NA;NA;NA;NA;NA;NA;NA;NA;"yes";NA;NA;NA;"pharmacy";NA;NA;NA;NA;NA;"Cerdá";NA;NA;NA;NA;NA;NA;NA;NA;NA;NA;NA;NA;NA;NA;NA;NA;NA;NA;NA;NA;NA;NA;NA;NA;NA;-0,3703468;39,4651718
"node/6439787528";"node/6439787528";NA;NA;NA;NA;NA;NA;NA;NA;NA;NA;NA;NA;"pharmacy";NA;NA;NA;NA;NA;NA;NA;NA;NA;NA;NA;NA;NA;"yes";NA;NA;NA;"pharmacy";NA;NA;NA;NA;NA;"Farmacia Alicia Casañ";NA;NA;NA;NA;NA;NA;NA;NA;NA;NA;NA;NA;NA;NA;NA;NA;NA;NA;NA;NA;NA;NA;NA;NA;NA;-0,3850419;39,4683691
"node/6439787529";"node/6439787529";NA;NA;NA;NA;NA;NA;NA;NA;NA;NA;NA;NA;"pharmacy";NA;NA;NA;NA;NA;NA;NA;NA;NA;NA;NA;NA;NA;"yes";NA;NA;NA;"pharmacy";NA;NA;NA;NA;NA;"Farmacia Blanes Feijoo";NA;NA;NA;NA;NA;NA;NA;NA;NA;NA;NA;NA;NA;NA;NA;NA;NA;NA;NA;NA;NA;NA;NA;NA;NA;-0,3841811;39,4674291
"node/6444763099";"node/6444763099";NA;NA;NA;NA;NA;NA;NA;NA;NA;NA;NA;NA;"pharmacy";NA;NA;NA;NA;NA;NA;NA;NA;NA;NA;NA;NA;NA;"yes";NA;NA;NA;"pharmacy";NA;NA;NA;NA;NA;"Vicente Ripoll Sanchís";NA;NA;NA;NA;NA;NA;NA;NA;NA;NA;NA;NA;NA;NA;NA;NA;NA;NA;NA;NA;NA;NA;NA;NA;NA;-0,3853702;39,4906299
"node/6444763104";"node/6444763104";NA;NA;NA;NA;NA;NA;NA;NA;NA;NA;NA;NA;"pharmacy";NA;NA;NA;NA;NA;NA;NA;NA;NA;NA;NA;NA;NA;"yes";NA;NA;NA;"pharmacy";NA;NA;NA;NA;NA;"Farmacia Benicalap Sur";NA;NA;NA;NA;NA;NA;NA;NA;NA;NA;NA;NA;NA;NA;NA;NA;NA;NA;NA;NA;NA;NA;NA;NA;NA;-0,3843738;39,4920435
"node/6446344499";"node/6446344499";NA;NA;NA;NA;NA;"10";NA;"Carrer del Músic Ginés";NA;NA;NA;NA;"pharmacy";NA;NA;NA;NA;NA;NA;NA;NA;NA;NA;NA;NA;NA;NA;NA;NA;NA;"pharmacy";NA;NA;NA;NA;NA;"Farmacia Casamayor";NA;NA;NA;NA;NA;NA;NA;NA;NA;NA;NA;NA;NA;NA;NA;NA;NA;NA;NA;NA;NA;NA;NA;NA;NA;-0,3431941;39,4694436
"node/6446344503";"node/6446344503";NA;NA;NA;NA;NA;NA;NA;NA;NA;NA;NA;NA;"pharmacy";NA;NA;NA;NA;NA;NA;NA;NA;NA;NA;NA;NA;NA;NA;NA;NA;NA;"pharmacy";NA;NA;NA;NA;NA;"Farmacia Elia Martínez Gimeno";NA;NA;NA;"Mo-Fr 09:00-14:00,16:30-20:30; Sa 09:00-14:00";NA;NA;NA;NA;NA;NA;NA;NA;NA;NA;NA;NA;NA;NA;NA;NA;NA;NA;NA;NA;NA;-0,3427514;39,471714
"node/6448607833";"node/6448607833";NA;NA;NA;NA;NA;NA;NA;NA;NA;NA;NA;NA;"pharmacy";NA;NA;NA;NA;NA;NA;NA;NA;NA;NA;NA;NA;NA;"yes";NA;NA;NA;"pharmacy";NA;NA;NA;NA;NA;"Farmacia Salamanca Borriana";NA;NA;NA;NA;NA;NA;NA;NA;NA;NA;NA;NA;NA;NA;NA;NA;NA;NA;NA;NA;NA;NA;NA;NA;NA;-0,3643562;39,4659938
"node/6459021777";"node/6459021777";NA;NA;NA;NA;NA;NA;NA;NA;NA;NA;NA;NA;"pharmacy";NA;NA;NA;NA;NA;NA;NA;NA;NA;NA;NA;NA;NA;NA;NA;NA;NA;"pharmacy";NA;NA;NA;NA;NA;NA;NA;NA;NA;NA;NA;NA;NA;NA;NA;NA;NA;NA;NA;NA;NA;NA;NA;NA;NA;NA;NA;NA;NA;NA;NA;-0,3507337;39,4780714
"node/6459021778";"node/6459021778";NA;NA;NA;NA;NA;NA;NA;NA;NA;NA;NA;NA;"pharmacy";NA;NA;NA;NA;NA;NA;NA;NA;NA;NA;NA;NA;NA;NA;NA;NA;NA;"pharmacy";NA;NA;NA;NA;NA;NA;NA;NA;"no";"Oct-May: Mo-Fr 09:00-13:30,16:30-20:00; Oct-May: Sa 09:00-13:30";NA;NA;NA;NA;NA;NA;NA;NA;NA;NA;NA;NA;NA;NA;NA;NA;NA;NA;NA;NA;NA;-0,3380656;39,4704688
"node/6459021779";"node/6459021779";NA;NA;NA;NA;NA;NA;NA;NA;NA;NA;NA;NA;"pharmacy";NA;NA;NA;NA;NA;NA;NA;NA;NA;NA;NA;NA;NA;NA;NA;NA;NA;"pharmacy";NA;NA;NA;NA;NA;NA;NA;NA;NA;NA;NA;NA;NA;NA;NA;NA;NA;NA;NA;NA;NA;NA;NA;NA;NA;NA;NA;NA;NA;NA;NA;-0,3387118;39,4681396
"node/6459021780";"node/6459021780";NA;NA;NA;NA;NA;NA;"46001";NA;NA;NA;NA;NA;"pharmacy";NA;NA;2025-06-18;NA;NA;NA;NA;NA;NA;NA;NA;NA;NA;NA;NA;NA;NA;"pharmacy";NA;NA;NA;NA;NA;"Farmacia Del Mercat";NA;NA;NA;"Mo-Fr 08:30-15:00,16:30-20:30";NA;NA;NA;NA;NA;NA;"yes";NA;"yes";"yes";"yes";NA;"yes";NA;NA;NA;"survey";NA;NA;NA;NA;-0,3795889;39,4725518
"node/6459021781";"node/6459021781";NA;NA;NA;NA;NA;NA;NA;NA;NA;NA;NA;NA;"pharmacy";NA;NA;NA;NA;NA;NA;NA;NA;NA;NA;NA;NA;NA;NA;NA;NA;NA;"pharmacy";NA;NA;NA;NA;NA;NA;NA;NA;NA;NA;NA;NA;NA;NA;NA;NA;NA;NA;NA;NA;NA;NA;NA;NA;NA;NA;NA;NA;NA;NA;NA;-0,3819278;39,4665223
"node/6459021782";"node/6459021782";NA;NA;NA;NA;NA;NA;NA;NA;NA;NA;NA;NA;"pharmacy";NA;NA;2023-04-28;NA;NA;NA;NA;NA;NA;NA;NA;NA;NA;NA;NA;NA;NA;"pharmacy";NA;NA;NA;NA;NA;NA;NA;NA;NA;NA;NA;NA;NA;NA;NA;NA;NA;NA;NA;NA;NA;NA;NA;NA;NA;NA;NA;NA;NA;NA;NA;-0,3796345;39,4666279
"node/6462860668";"node/6462860668";"València";NA;NA;NA;NA;"25";"46024";"Carrer de Joan Verdeguer";NA;NA;NA;NA;"pharmacy";NA;NA;NA;NA;NA;NA;NA;NA;NA;NA;NA;NA;NA;"yes";NA;NA;NA;"pharmacy";NA;NA;NA;NA;NA;"Farmacia Disalud";NA;NA;NA;NA;NA;NA;NA;NA;NA;NA;NA;NA;NA;NA;NA;NA;NA;NA;NA;NA;NA;NA;NA;"https://farmaciadisalud.com/";"yes";-0,337361;39,458908
"node/6473361744";"node/6473361744";NA;NA;NA;NA;NA;NA;NA;NA;NA;NA;NA;NA;"pharmacy";NA;NA;NA;NA;NA;NA;NA;NA;NA;NA;NA;NA;NA;NA;NA;NA;NA;"pharmacy";NA;NA;NA;NA;NA;NA;NA;NA;NA;NA;NA;NA;NA;NA;NA;NA;NA;NA;NA;NA;NA;NA;NA;NA;NA;NA;NA;NA;NA;NA;NA;-0,3466689;39,4722525
"node/6501205416";"node/6501205416";NA;NA;NA;NA;NA;NA;NA;NA;NA;NA;NA;NA;"pharmacy";NA;NA;NA;NA;NA;NA;NA;NA;NA;NA;NA;NA;NA;NA;NA;NA;NA;NA;NA;NA;NA;NA;NA;"Farmacia El Perellonet";NA;NA;NA;NA;NA;NA;NA;NA;NA;NA;NA;NA;NA;NA;NA;NA;NA;"+34 961 77 78 25";NA;NA;NA;NA;NA;"http://valencia-farmacia.com/farmaciaonline/";NA;-0,296596;39,3076597
"node/6504178493";"node/6504178493";"València";NA;NA;NA;NA;"3";"46024";"Carrer de Francisco Falcons";NA;NA;NA;NA;"pharmacy";NA;NA;2025-12-18;NA;NA;NA;NA;NA;NA;NA;NA;NA;NA;"yes";NA;"info@farmacianazaret.es";NA;"pharmacy";NA;NA;NA;NA;NA;"Farmacia Nazaret";NA;NA;NA;"Mo-Fr 09:00-14:00,17:00-20:00; Sa 09:00-14:00";NA;NA;NA;NA;NA;NA;NA;NA;NA;NA;NA;NA;NA;"+34 963 67 29 99";NA;NA;NA;NA;NA;"https://farmacianazaret.es/";NA;-0,3339734;39,4481324
"node/6520546740";"node/6520546740";"València";NA;NA;NA;NA;"79";"46021";"Avinguda del Cardenal Benlloch";NA;NA;NA;NA;"pharmacy";NA;NA;NA;NA;NA;NA;NA;NA;NA;NA;NA;NA;NA;NA;NA;NA;NA;"pharmacy";NA;NA;NA;NA;NA;"Farmacia Concha Morales";NA;NA;NA;NA;NA;NA;NA;NA;NA;NA;NA;NA;NA;NA;NA;NA;NA;NA;NA;NA;NA;NA;NA;NA;NA;-0,3538794;39,4729152
"node/6616940239";"node/6616940239";NA;NA;NA;NA;NA;NA;"46015";NA;NA;NA;NA;NA;"pharmacy";NA;NA;2025-06-02;NA;NA;NA;NA;NA;NA;NA;NA;NA;NA;"yes";NA;NA;NA;"pharmacy";NA;NA;NA;NA;NA;"Farmacia Cruz de Campanar";NA;NA;NA;"08:00-23:00";NA;NA;NA;NA;NA;NA;NA;NA;NA;NA;NA;NA;NA;NA;NA;NA;NA;NA;NA;NA;NA;-0,4046699;39,4767233
"node/6812000989";"node/6812000989";NA;NA;NA;NA;NA;NA;NA;NA;NA;NA;NA;NA;"pharmacy";NA;NA;NA;NA;NA;NA;NA;NA;NA;NA;NA;NA;NA;NA;NA;NA;NA;"pharmacy";NA;NA;NA;NA;NA;NA;NA;NA;NA;NA;NA;NA;NA;NA;NA;NA;NA;NA;NA;NA;NA;NA;NA;NA;NA;NA;NA;NA;NA;NA;NA;-0,3582374;39,4848733
"node/6952501001";"node/6952501001";NA;NA;NA;NA;NA;NA;NA;NA;NA;NA;NA;NA;"pharmacy";NA;NA;NA;NA;NA;NA;NA;NA;NA;NA;NA;NA;NA;NA;NA;NA;NA;"pharmacy";NA;NA;NA;NA;NA;NA;NA;NA;NA;NA;NA;NA;NA;NA;NA;NA;NA;NA;NA;NA;NA;NA;NA;NA;NA;NA;NA;NA;NA;NA;NA;-0,357513;39,4888141
"node/6957007372";"node/6957007372";NA;NA;NA;NA;NA;NA;NA;NA;NA;NA;NA;NA;"pharmacy";NA;NA;NA;NA;NA;NA;NA;NA;NA;NA;NA;NA;NA;NA;NA;NA;NA;"pharmacy";NA;NA;NA;NA;NA;NA;NA;NA;NA;NA;NA;NA;NA;NA;NA;NA;NA;NA;NA;NA;NA;NA;NA;NA;NA;NA;NA;NA;NA;NA;NA;-0,3603738;39,4884239
"node/6958974639";"node/6958974639";NA;NA;NA;NA;NA;NA;NA;NA;NA;NA;NA;NA;"pharmacy";NA;NA;NA;NA;NA;NA;NA;NA;NA;NA;NA;NA;NA;NA;NA;NA;NA;"pharmacy";NA;NA;NA;NA;NA;"Farmacia Pitarch";NA;NA;NA;NA;NA;NA;NA;NA;NA;NA;NA;NA;NA;NA;NA;NA;NA;NA;NA;NA;NA;NA;NA;NA;NA;-0,3589752;39,4897041
"node/6960175538";"node/6960175538";NA;NA;NA;NA;NA;NA;NA;NA;NA;NA;NA;NA;"pharmacy";NA;NA;NA;NA;NA;NA;NA;NA;NA;NA;NA;NA;NA;NA;NA;NA;NA;"pharmacy";NA;NA;NA;NA;NA;NA;NA;NA;NA;NA;NA;NA;NA;NA;NA;NA;NA;NA;NA;NA;NA;NA;NA;NA;NA;NA;NA;NA;NA;NA;NA;-0,3587508;39,483264
"node/6960849847";"node/6960849847";NA;NA;NA;NA;NA;NA;NA;NA;NA;NA;NA;NA;"pharmacy";NA;NA;NA;NA;NA;NA;NA;NA;NA;NA;NA;NA;NA;NA;NA;NA;NA;"pharmacy";NA;NA;NA;NA;NA;NA;NA;NA;NA;NA;NA;NA;NA;NA;NA;NA;NA;NA;NA;NA;NA;NA;NA;NA;NA;NA;NA;NA;NA;NA;NA;-0,361777;39,4869295
"node/6970828646";"node/6970828646";NA;NA;NA;NA;NA;NA;NA;NA;NA;NA;NA;NA;"pharmacy";NA;NA;NA;NA;NA;NA;NA;NA;NA;NA;NA;NA;NA;NA;NA;NA;NA;"pharmacy";NA;NA;NA;NA;NA;"Altet";"Altet";NA;NA;"Mo-Fr 08:45-21:00; Sa 09:00-14:00,16:30-20:30";NA;NA;NA;NA;NA;NA;NA;NA;NA;NA;NA;NA;NA;NA;NA;NA;NA;NA;NA;NA;NA;-0,3641816;39,4868661
"node/6975847404";"node/6975847404";NA;NA;NA;NA;NA;NA;NA;NA;NA;NA;NA;NA;"pharmacy";NA;NA;NA;NA;NA;NA;NA;NA;NA;NA;NA;NA;NA;NA;NA;NA;NA;"pharmacy";NA;NA;NA;NA;NA;NA;NA;NA;NA;NA;NA;NA;NA;NA;NA;NA;NA;NA;NA;NA;NA;NA;NA;NA;NA;NA;NA;NA;NA;NA;NA;-0,3657917;39,4862675
"node/7000715541";"node/7000715541";NA;NA;NA;NA;NA;NA;NA;NA;NA;NA;NA;NA;"pharmacy";NA;NA;NA;NA;NA;NA;NA;NA;NA;NA;NA;NA;NA;NA;NA;NA;NA;"pharmacy";NA;NA;NA;NA;NA;NA;NA;NA;NA;NA;NA;NA;NA;NA;NA;NA;NA;NA;NA;NA;NA;NA;NA;NA;NA;NA;NA;NA;NA;NA;NA;-0,3916613;39,4626365
"node/7010652269";"node/7010652269";NA;NA;NA;NA;NA;NA;NA;NA;NA;NA;NA;NA;"pharmacy";NA;NA;NA;NA;NA;NA;NA;NA;NA;NA;NA;NA;NA;NA;NA;NA;NA;"pharmacy";NA;NA;NA;NA;NA;"Ortiz Sahuquillo";NA;NA;NA;"Mo-Fr 09:00-14:00,17:00-20:30; Sa 09:00-13:30";NA;NA;NA;NA;NA;NA;NA;NA;NA;NA;NA;NA;NA;NA;NA;NA;NA;NA;NA;NA;"yes";-0,3886084;39,447364
"node/7013453824";"node/7013453824";NA;NA;NA;NA;NA;NA;NA;NA;NA;NA;NA;NA;"pharmacy";NA;NA;NA;NA;NA;NA;NA;NA;NA;NA;NA;NA;NA;NA;NA;NA;NA;NA;NA;NA;NA;NA;NA;"Abadía";NA;NA;NA;"Mo-Fr 09:00-14:00,16:30-20:00; Sa 09:00-14:00";NA;NA;NA;NA;NA;NA;NA;NA;NA;NA;NA;NA;NA;NA;NA;NA;NA;NA;NA;NA;NA;-0,3992;39,4715214
"node/7013462447";"node/7013462447";NA;NA;NA;NA;NA;NA;NA;NA;NA;NA;NA;NA;"pharmacy";NA;NA;NA;NA;NA;NA;NA;NA;NA;NA;NA;NA;NA;NA;NA;NA;NA;NA;NA;NA;NA;NA;NA;NA;NA;NA;"no";"Mo-Fr 08:30-21:00; Sa 09:00-14:00";NA;NA;NA;NA;NA;NA;NA;NA;NA;NA;NA;NA;NA;NA;NA;NA;NA;NA;NA;NA;NA;-0,3971803;39,4738654
"node/7013462449";"node/7013462449";NA;NA;NA;NA;NA;NA;NA;NA;NA;NA;NA;NA;"pharmacy";NA;NA;NA;NA;NA;NA;NA;NA;NA;NA;NA;NA;NA;NA;NA;NA;NA;"pharmacy";NA;NA;NA;NA;NA;NA;NA;NA;NA;NA;NA;NA;NA;NA;NA;NA;NA;NA;NA;NA;NA;NA;NA;NA;NA;NA;NA;NA;NA;NA;NA;-0,3973222;39,471628
"node/7025383395";"node/7025383395";NA;NA;NA;NA;NA;NA;NA;NA;NA;NA;NA;NA;"pharmacy";NA;NA;NA;NA;NA;NA;NA;NA;NA;NA;NA;NA;NA;NA;NA;NA;NA;"pharmacy";NA;NA;NA;NA;NA;NA;NA;NA;NA;NA;NA;NA;NA;NA;NA;NA;NA;NA;NA;NA;NA;NA;NA;NA;NA;NA;NA;NA;NA;NA;NA;-0,389975;39,4515108
"node/7025996334";"node/7025996334";NA;NA;NA;NA;NA;NA;NA;NA;NA;NA;NA;NA;"pharmacy";NA;NA;NA;NA;NA;NA;NA;NA;NA;NA;NA;NA;NA;NA;NA;NA;NA;"pharmacy";NA;NA;NA;NA;NA;NA;NA;NA;NA;NA;NA;NA;NA;NA;NA;NA;NA;NA;NA;NA;NA;NA;NA;NA;NA;NA;NA;NA;NA;NA;NA;-0,392748;39,4500635
"node/7031748276";"node/7031748276";NA;NA;NA;NA;NA;NA;NA;NA;NA;NA;NA;NA;"pharmacy";NA;NA;NA;NA;NA;NA;NA;NA;NA;NA;NA;NA;NA;NA;NA;NA;NA;"pharmacy";NA;NA;NA;NA;NA;NA;NA;NA;NA;NA;NA;NA;NA;NA;NA;NA;NA;NA;NA;NA;NA;NA;NA;NA;NA;NA;NA;NA;NA;NA;NA;-0,3932904;39,4517429
"node/7043223343";"node/7043223343";NA;NA;NA;NA;NA;NA;NA;NA;NA;NA;NA;NA;"pharmacy";NA;NA;NA;NA;NA;NA;NA;NA;NA;NA;NA;NA;NA;NA;NA;NA;NA;"pharmacy";NA;NA;NA;NA;NA;NA;NA;NA;NA;NA;NA;NA;NA;NA;NA;NA;NA;NA;NA;NA;NA;NA;NA;NA;NA;NA;NA;NA;NA;NA;NA;-0,3866154;39,4518081
"node/7051238235";"node/7051238235";NA;NA;NA;NA;NA;NA;NA;NA;NA;NA;NA;NA;"pharmacy";NA;NA;NA;NA;NA;NA;NA;NA;NA;NA;NA;NA;NA;NA;NA;NA;NA;NA;NA;NA;NA;NA;NA;NA;NA;NA;NA;NA;NA;NA;NA;NA;NA;NA;NA;NA;NA;NA;NA;NA;NA;NA;NA;NA;NA;NA;NA;NA;NA;-0,3893327;39,4541773
"node/7053006880";"node/7053006880";NA;NA;NA;NA;NA;NA;NA;NA;NA;NA;NA;NA;"pharmacy";NA;NA;NA;NA;NA;NA;NA;NA;NA;NA;NA;NA;NA;NA;NA;NA;NA;NA;NA;NA;NA;NA;NA;NA;NA;NA;NA;NA;NA;NA;NA;NA;NA;NA;NA;NA;NA;NA;NA;NA;NA;NA;NA;NA;NA;NA;NA;NA;NA;-0,3848026;39,452692
"node/7058374178";"node/7058374178";NA;NA;NA;NA;NA;NA;NA;NA;NA;NA;NA;NA;"pharmacy";NA;NA;NA;NA;NA;NA;NA;NA;NA;NA;NA;NA;NA;NA;NA;NA;NA;NA;NA;NA;NA;NA;NA;NA;NA;NA;NA;NA;NA;NA;NA;NA;NA;NA;NA;NA;NA;NA;NA;NA;NA;NA;NA;NA;NA;NA;NA;NA;NA;-0,3870988;39,4554824
"node/7108906875";"node/7108906875";NA;NA;NA;NA;NA;NA;NA;NA;NA;NA;NA;NA;"pharmacy";NA;NA;NA;NA;NA;NA;NA;NA;NA;NA;NA;NA;NA;NA;NA;NA;NA;NA;NA;NA;NA;NA;NA;NA;NA;NA;NA;NA;NA;NA;NA;NA;NA;NA;NA;NA;NA;NA;NA;NA;NA;NA;NA;NA;NA;NA;"no";NA;"yes";-0,3830053;39,4550679
"node/7153429679";"node/7153429679";NA;NA;NA;NA;NA;NA;NA;NA;NA;NA;NA;NA;"pharmacy";NA;NA;NA;NA;NA;NA;NA;NA;NA;NA;NA;NA;NA;NA;NA;NA;NA;"pharmacy";NA;NA;NA;NA;NA;"Farmacia El Saler";NA;NA;NA;NA;NA;NA;NA;NA;NA;NA;NA;NA;NA;NA;NA;NA;NA;"+34 963 35 35 82";NA;NA;NA;NA;NA;NA;NA;-0,3573553;39,4521495
"node/7153429680";"node/7153429680";NA;NA;NA;NA;NA;NA;NA;NA;NA;NA;NA;NA;"pharmacy";NA;NA;NA;NA;NA;NA;NA;NA;NA;NA;NA;NA;NA;NA;NA;NA;NA;NA;NA;NA;NA;NA;NA;"Farmacia Casaudoumecq";NA;NA;NA;NA;NA;NA;NA;NA;NA;NA;NA;NA;NA;NA;NA;NA;NA;"+34 963 95 58 74";NA;NA;NA;NA;NA;NA;NA;-0,359151;39,4553199
"node/7194171381";"node/7194171381";"València";NA;NA;NA;NA;NA;"46004";"Carrer de Russafa";NA;NA;NA;NA;"pharmacy";NA;NA;NA;NA;NA;NA;NA;NA;NA;NA;NA;NA;NA;NA;NA;NA;NA;"pharmacy";NA;NA;NA;NA;NA;NA;NA;NA;NA;NA;NA;NA;NA;NA;NA;NA;NA;NA;NA;NA;NA;NA;NA;NA;NA;NA;NA;NA;NA;NA;NA;-0,3747107;39,4664083
"node/7195620339";"node/7195620339";NA;NA;NA;NA;NA;NA;NA;NA;NA;NA;NA;NA;"pharmacy";NA;NA;2024-10-07;NA;NA;NA;NA;NA;NA;NA;NA;NA;NA;"yes";"no";NA;NA;NA;NA;NA;NA;NA;NA;"Farmacia Gran Via";NA;NA;NA;NA;NA;NA;NA;NA;NA;NA;"yes";NA;"yes";"yes";"yes";NA;"yes";NA;NA;NA;"survey";NA;NA;NA;NA;-0,3679265;39,4676726
"node/7226687699";"node/7226687699";NA;NA;NA;NA;NA;NA;NA;NA;NA;NA;NA;NA;"pharmacy";NA;NA;NA;NA;NA;NA;NA;NA;NA;NA;NA;NA;NA;NA;NA;NA;NA;NA;NA;NA;NA;NA;NA;NA;NA;NA;NA;NA;NA;NA;NA;NA;NA;NA;NA;NA;NA;NA;NA;NA;NA;NA;NA;NA;NA;NA;NA;NA;NA;-0,3885548;39,4589328
"node/7229695331";"node/7229695331";NA;NA;NA;NA;NA;NA;NA;NA;NA;NA;NA;NA;"pharmacy";NA;NA;NA;NA;NA;NA;NA;NA;NA;NA;NA;NA;NA;NA;NA;NA;NA;NA;NA;NA;NA;NA;NA;"Farmàcia La Raïosa";NA;NA;NA;NA;NA;NA;NA;NA;NA;NA;NA;NA;NA;NA;NA;NA;NA;NA;NA;NA;NA;NA;NA;NA;NA;-0,3859764;39,4578282
"node/7246872479";"node/7246872479";NA;NA;NA;NA;NA;NA;NA;NA;NA;NA;NA;NA;"pharmacy";NA;NA;NA;NA;NA;NA;NA;NA;NA;NA;NA;NA;NA;NA;NA;NA;NA;NA;NA;NA;NA;NA;NA;NA;NA;NA;NA;NA;NA;NA;NA;NA;NA;NA;NA;NA;NA;NA;NA;NA;NA;NA;NA;NA;NA;NA;NA;NA;NA;-0,3848751;39,460048
"node/7246953334";"node/7246953334";NA;NA;NA;NA;NA;NA;NA;NA;NA;NA;NA;NA;"pharmacy";NA;NA;NA;NA;NA;NA;NA;NA;NA;NA;NA;NA;NA;NA;NA;NA;NA;NA;NA;NA;NA;NA;NA;NA;NA;NA;NA;NA;NA;NA;NA;NA;NA;NA;NA;NA;NA;NA;NA;NA;NA;NA;NA;NA;NA;NA;NA;NA;NA;-0,3832927;39,4640405
"node/7297208940";"node/7297208940";NA;NA;NA;NA;NA;NA;NA;NA;NA;NA;NA;NA;"pharmacy";NA;NA;NA;NA;NA;NA;NA;NA;NA;NA;NA;NA;NA;"yes";"no";NA;NA;"pharmacy";NA;NA;NA;NA;NA;"Farmacia Bolinches Ferrandis";NA;NA;NA;"Mo-Fr 08:30-14:00,16:00-20:30; Sa 09:30-13:30";NA;NA;NA;NA;NA;NA;NA;NA;NA;NA;NA;NA;NA;NA;NA;NA;NA;NA;NA;NA;NA;-0,3770275;39,4906577
"node/7297215978";"node/7297215978";"València";NA;NA;NA;NA;NA;"46019";"Carrer d'Alcanyís";NA;NA;NA;NA;"pharmacy";NA;NA;NA;NA;NA;NA;NA;NA;NA;NA;"yes";NA;NA;"yes";"no";NA;NA;"pharmacy";NA;NA;NA;NA;NA;"Esperanza Serna";NA;NA;NA;NA;"Mo-Fr 09:00-20:00";NA;NA;NA;NA;NA;NA;NA;NA;NA;NA;NA;NA;NA;NA;NA;NA;"yes";NA;NA;NA;-0,378412;39,4936999
"node/7297238080";"node/7297238080";NA;NA;NA;NA;NA;NA;NA;"Carrer de Félix del Río (activista veïnal)";NA;NA;NA;NA;"pharmacy";NA;NA;NA;NA;NA;NA;NA;NA;NA;NA;NA;NA;NA;"yes";"no";NA;NA;"pharmacy";NA;NA;NA;NA;NA;NA;NA;NA;NA;"24/7";NA;NA;NA;NA;NA;NA;NA;NA;NA;NA;NA;NA;NA;NA;NA;NA;NA;NA;NA;NA;NA;-0,3823213;39,491511
"node/7297238081";"node/7297238081";NA;NA;NA;NA;NA;NA;NA;NA;NA;NA;NA;NA;"pharmacy";NA;NA;NA;NA;NA;NA;NA;NA;NA;NA;NA;NA;NA;NA;NA;NA;NA;NA;NA;NA;NA;NA;NA;NA;NA;NA;NA;NA;NA;NA;NA;NA;NA;NA;NA;NA;NA;NA;NA;NA;NA;NA;NA;NA;NA;NA;NA;NA;NA;-0,3796788;39,4926946
"node/7297238083";"node/7297238083";NA;NA;NA;NA;NA;NA;NA;"Avinguda de Joan XXIII";NA;NA;NA;NA;"pharmacy";NA;NA;NA;NA;NA;NA;NA;NA;NA;NA;NA;NA;NA;NA;NA;NA;NA;"pharmacy";NA;NA;NA;NA;NA;NA;NA;NA;NA;NA;NA;NA;NA;NA;NA;NA;NA;NA;NA;NA;NA;NA;NA;NA;NA;NA;NA;NA;NA;NA;NA;-0,3831603;39,4936788
"node/7351117997";"node/7351117997";"València";NA;NA;NA;NA;"130";"46019";"Camí de Montcada";NA;NA;NA;NA;"pharmacy";NA;NA;NA;NA;NA;NA;NA;NA;NA;NA;NA;NA;NA;"yes";"no";NA;NA;"pharmacy";NA;NA;NA;NA;NA;NA;NA;NA;NA;NA;NA;NA;NA;NA;NA;NA;NA;NA;NA;NA;NA;NA;NA;NA;NA;NA;NA;NA;NA;NA;NA;-0,3810172;39,4969755
"node/7351230500";"node/7351230500";"València";NA;NA;NA;NA;NA;"46019";"Carrer del Pintor Jacomart";NA;NA;NA;NA;"pharmacy";NA;NA;NA;NA;NA;NA;NA;NA;NA;NA;NA;NA;NA;"yes";"no";NA;NA;"pharmacy";NA;NA;NA;NA;NA;"Jacomart";NA;NA;NA;NA;NA;NA;NA;NA;NA;NA;NA;NA;NA;NA;NA;NA;NA;NA;NA;NA;NA;NA;NA;NA;"yes";-0,3790074;39,4960912
"node/7366901875";"node/7366901875";"València";NA;NA;NA;NA;"94";"46019";"Carrer de Sant Domènec Savio";NA;NA;NA;NA;"pharmacy";NA;NA;NA;NA;NA;NA;NA;NA;NA;NA;NA;NA;NA;"yes";"no";NA;NA;"pharmacy";NA;NA;NA;NA;NA;"Maria José Rodrigo Soriano";NA;NA;NA;NA;"Mo-Fr 09:00-20:00";NA;NA;NA;NA;NA;NA;NA;NA;NA;NA;NA;NA;NA;NA;NA;NA;"yes";NA;NA;NA;-0,37603;39,4979032
"node/7387389183";"node/7387389183";NA;NA;NA;NA;NA;NA;NA;NA;NA;NA;NA;NA;"pharmacy";NA;NA;NA;NA;NA;NA;NA;NA;NA;NA;NA;NA;NA;NA;NA;NA;NA;"pharmacy";NA;NA;NA;NA;NA;NA;NA;NA;NA;NA;NA;NA;NA;NA;NA;NA;NA;NA;NA;NA;NA;NA;NA;NA;NA;NA;NA;NA;NA;NA;NA;-0,3634053;39,4822949
"node/7394370289";"node/7394370289";"València";NA;NA;NA;NA;"4";"46019";"Carrer del Gravador Fabregat";NA;NA;NA;NA;"pharmacy";NA;NA;NA;NA;NA;NA;NA;NA;NA;NA;NA;NA;NA;"yes";NA;NA;NA;"pharmacy";NA;NA;NA;NA;NA;NA;NA;NA;NA;NA;NA;NA;NA;NA;NA;NA;NA;NA;NA;NA;NA;NA;NA;NA;NA;NA;NA;NA;NA;NA;NA;-0,3725578;39,4967311
"node/7434730190";"node/7434730190";"València";NA;NA;NA;NA;"20";"46019";"Carrer del Riu Bidasoa";NA;NA;NA;NA;"pharmacy";NA;NA;NA;NA;NA;NA;NA;NA;NA;NA;NA;NA;NA;"yes";NA;NA;NA;"pharmacy";NA;NA;NA;NA;NA;"Farmacia Carmen Sebastiá Cortés";NA;NA;NA;NA;NA;NA;NA;NA;NA;NA;NA;NA;NA;NA;NA;NA;NA;NA;NA;NA;NA;NA;NA;NA;NA;-0,3782566;39,4980963
"node/7437216659";"node/7437216659";"València";NA;NA;NA;NA;NA;"46019";"Carrer de l'Erudit Pagés";NA;NA;NA;NA;"pharmacy";NA;NA;NA;NA;NA;NA;NA;NA;NA;NA;NA;NA;NA;"yes";"no";NA;NA;"pharmacy";NA;NA;NA;NA;NA;NA;NA;NA;NA;NA;NA;NA;NA;NA;NA;NA;NA;NA;NA;NA;NA;NA;NA;NA;NA;NA;NA;NA;NA;NA;NA;-0,3769631;39,4957952
"node/7472366409";"node/7472366409";NA;NA;NA;NA;NA;NA;NA;NA;NA;NA;NA;NA;"pharmacy";NA;NA;NA;NA;NA;NA;NA;NA;NA;NA;NA;NA;NA;NA;NA;NA;NA;NA;NA;NA;NA;NA;NA;NA;NA;NA;NA;NA;NA;NA;NA;NA;NA;NA;NA;NA;NA;NA;NA;NA;NA;NA;NA;NA;NA;NA;NA;NA;NA;-0,3968559;39,4625493
"node/7476893828";"node/7476893828";NA;NA;NA;NA;NA;NA;NA;NA;NA;NA;NA;NA;"pharmacy";NA;NA;NA;NA;NA;NA;NA;NA;NA;NA;NA;NA;NA;NA;NA;NA;NA;"pharmacy";NA;NA;NA;NA;NA;"Farmacia Castel Aznar CB";NA;NA;NA;NA;NA;NA;NA;NA;NA;NA;NA;NA;NA;NA;NA;NA;NA;NA;NA;NA;NA;NA;NA;NA;NA;-0,3736947;39,4625801
"node/7477069807";"node/7477069807";NA;NA;NA;NA;NA;NA;NA;NA;NA;NA;NA;NA;"pharmacy";NA;NA;NA;NA;NA;NA;NA;NA;NA;NA;NA;NA;NA;NA;NA;NA;NA;NA;NA;NA;NA;NA;NA;"Reino de Valencia";NA;NA;NA;NA;NA;NA;NA;NA;NA;NA;NA;NA;NA;NA;NA;NA;NA;NA;NA;NA;NA;NA;NA;NA;NA;-0,3700119;39,4640311
"node/7487266013";"node/7487266013";NA;NA;NA;NA;NA;NA;NA;NA;NA;NA;NA;NA;"pharmacy";NA;NA;NA;NA;NA;NA;NA;NA;NA;NA;NA;NA;NA;NA;NA;NA;NA;NA;NA;NA;NA;NA;NA;NA;NA;NA;NA;NA;NA;NA;NA;NA;NA;NA;NA;NA;NA;NA;NA;NA;NA;NA;NA;NA;NA;NA;NA;NA;NA;-0,3729748;39,4639303
"node/7500595956";"node/7500595956";NA;NA;NA;NA;NA;NA;NA;NA;NA;NA;NA;NA;"pharmacy";NA;NA;NA;NA;NA;NA;NA;NA;NA;NA;NA;NA;NA;NA;NA;NA;NA;NA;NA;NA;NA;NA;NA;NA;NA;NA;NA;NA;NA;NA;NA;NA;NA;NA;NA;NA;NA;NA;NA;NA;NA;NA;NA;NA;NA;NA;NA;NA;NA;-0,375983;39,4629397
"node/7501884857";"node/7501884857";"València";"València";NA;NA;NA;"62";"46006";"Carrer de Sueca";NA;NA;NA;NA;"pharmacy";NA;NA;NA;NA;NA;NA;NA;NA;NA;NA;NA;NA;NA;NA;NA;NA;"yes";NA;NA;NA;NA;NA;NA;"Farmacia Sueca (Lda MªDolores Tomás Vallés)";NA;NA;NA;"Mo-Sa 08:30-21:30";NA;NA;NA;NA;NA;NA;NA;NA;NA;NA;NA;NA;NA;"+34963333620";NA;NA;NA;NA;NA;NA;NA;-0,3738487;39,459561
"node/7502848235";"node/7502848235";NA;NA;NA;NA;NA;NA;NA;NA;NA;NA;NA;NA;"pharmacy";NA;NA;NA;NA;NA;NA;NA;NA;NA;NA;NA;NA;NA;NA;NA;NA;NA;"pharmacy";NA;NA;NA;NA;NA;"Farmacia Sorni";NA;NA;NA;NA;NA;NA;NA;NA;NA;NA;NA;NA;NA;NA;NA;NA;NA;NA;NA;NA;NA;NA;NA;NA;NA;-0,3707228;39,4617018
"node/7503506127";"node/7503506127";NA;NA;NA;NA;NA;NA;NA;NA;NA;NA;NA;NA;"pharmacy";NA;NA;NA;NA;NA;NA;NA;NA;NA;NA;NA;NA;NA;NA;NA;NA;NA;NA;NA;NA;NA;NA;NA;NA;NA;NA;NA;NA;NA;NA;NA;NA;NA;NA;NA;NA;NA;NA;NA;NA;NA;NA;NA;NA;NA;NA;NA;NA;NA;-0,3721511;39,464845
"node/7518147941";"node/7518147941";NA;NA;NA;NA;NA;NA;NA;NA;NA;NA;NA;NA;"pharmacy";NA;NA;2024-10-07;NA;NA;NA;NA;NA;NA;NA;NA;NA;NA;NA;NA;NA;NA;NA;NA;NA;NA;NA;NA;"Farmacia Diaz Pozo";NA;NA;NA;"Mo-Fr 08:00-21:00; Sa 09:00-14:00; Su off";NA;NA;NA;NA;NA;NA;"yes";NA;"yes";"yes";"yes";NA;"yes";NA;NA;NA;NA;NA;NA;NA;"yes";-0,3668454;39,4654937
"node/7780652339";"node/7780652339";NA;NA;NA;NA;NA;NA;NA;NA;NA;NA;NA;NA;"pharmacy";NA;NA;NA;NA;NA;NA;NA;NA;NA;NA;NA;NA;NA;NA;NA;NA;NA;"pharmacy";NA;NA;NA;NA;NA;NA;NA;NA;NA;NA;NA;NA;NA;NA;NA;NA;NA;NA;NA;NA;NA;NA;NA;NA;NA;NA;NA;NA;NA;NA;NA;-0,37315;39,4850926
"node/7895144124";"node/7895144124";NA;NA;NA;NA;NA;NA;NA;NA;NA;NA;NA;NA;"pharmacy";NA;NA;NA;NA;NA;NA;NA;NA;NA;NA;NA;NA;NA;NA;NA;NA;NA;NA;NA;NA;NA;NA;NA;NA;NA;NA;NA;NA;NA;NA;NA;NA;NA;NA;NA;NA;NA;NA;NA;NA;NA;NA;NA;NA;NA;NA;NA;NA;NA;-0,3638537;39,4636295
"node/8080673645";"node/8080673645";NA;NA;NA;NA;NA;NA;NA;"Explorador Andrés";NA;NA;NA;NA;"pharmacy";NA;NA;NA;NA;NA;NA;NA;NA;NA;NA;NA;"En verano, abre por la tarde a las 17h.";NA;NA;NA;NA;NA;"pharmacy";NA;NA;NA;NA;NA;"Farmacia Carabal";NA;NA;NA;"Mo-Fr 09:00-14:00,16:30-20:30; Sa 09:00-14:00";NA;NA;NA;NA;NA;NA;NA;NA;NA;NA;NA;NA;NA;NA;NA;NA;NA;NA;NA;"https://www.farmaciacarabal.com/";NA;-0,3443152;39,4712395
"node/8305759383";"node/8305759383";NA;NA;NA;NA;NA;NA;NA;NA;NA;NA;NA;NA;"pharmacy";NA;NA;NA;NA;NA;NA;NA;NA;NA;NA;NA;NA;NA;NA;NA;NA;NA;NA;NA;NA;NA;NA;NA;"Farmacia Fons D´Ocon";NA;NA;NA;NA;NA;NA;NA;NA;NA;NA;NA;NA;NA;NA;NA;NA;NA;NA;NA;NA;NA;NA;NA;NA;NA;-0,3672749;39,4435529
"node/8305759384";"node/8305759384";NA;NA;NA;NA;NA;NA;NA;NA;NA;NA;NA;NA;"pharmacy";NA;NA;NA;NA;NA;NA;NA;NA;NA;NA;NA;NA;NA;NA;NA;NA;NA;NA;NA;NA;NA;NA;NA;"Farmacia Molmeneu";NA;NA;NA;NA;NA;NA;NA;NA;NA;NA;NA;NA;NA;NA;NA;NA;NA;NA;NA;NA;NA;NA;NA;NA;NA;-0,3683156;39,4418316
"node/8702510878";"node/8702510878";NA;NA;NA;NA;NA;NA;NA;NA;NA;NA;NA;NA;"pharmacy";NA;NA;NA;NA;NA;NA;NA;NA;NA;NA;NA;NA;NA;NA;NA;NA;NA;"pharmacy";NA;NA;NA;NA;NA;NA;NA;NA;NA;NA;NA;NA;NA;NA;NA;NA;NA;NA;NA;NA;NA;NA;NA;NA;NA;NA;NA;NA;NA;NA;NA;-0,3655561;39,4614065
"node/8702510879";"node/8702510879";NA;NA;NA;NA;NA;NA;"46006";NA;NA;NA;NA;NA;"pharmacy";NA;NA;2024-10-07;NA;NA;NA;NA;NA;NA;NA;NA;NA;NA;"yes";"no";NA;NA;"pharmacy";NA;NA;NA;NA;NA;NA;NA;NA;NA;NA;NA;NA;NA;NA;NA;NA;"yes";NA;"yes";"yes";NA;NA;NA;NA;NA;NA;NA;NA;NA;NA;"yes";-0,3640955;39,4620624
"node/8753560024";"node/8753560024";NA;NA;NA;NA;NA;NA;NA;NA;NA;NA;NA;NA;"pharmacy";NA;NA;NA;NA;NA;NA;NA;NA;NA;NA;NA;NA;NA;"yes";NA;NA;NA;"pharmacy";NA;NA;NA;NA;NA;"Farmacia Vicente Cabrera";NA;NA;NA;NA;NA;NA;NA;NA;NA;NA;NA;NA;NA;NA;NA;NA;NA;NA;NA;NA;NA;NA;NA;NA;NA;-0,3379376;39,4721848
"node/8755610577";"node/8755610577";NA;NA;NA;NA;NA;NA;NA;NA;NA;NA;NA;NA;"pharmacy";NA;NA;NA;NA;NA;NA;NA;NA;NA;NA;NA;NA;NA;"yes";NA;NA;NA;"pharmacy";NA;NA;NA;NA;NA;"Farmacia Amparo Moncholí";NA;NA;NA;NA;NA;NA;NA;NA;NA;NA;NA;NA;NA;NA;NA;NA;NA;NA;NA;NA;NA;NA;NA;NA;NA;-0,3359375;39,473266
"node/8755610599";"node/8755610599";NA;NA;NA;NA;NA;NA;NA;NA;NA;NA;NA;NA;"pharmacy";NA;NA;NA;NA;NA;NA;NA;NA;NA;NA;NA;NA;NA;"yes";NA;NA;NA;"pharmacy";NA;NA;NA;NA;NA;"Farmacia L'Estació";NA;NA;NA;NA;NA;NA;NA;NA;NA;NA;NA;NA;NA;NA;NA;NA;NA;NA;NA;NA;NA;NA;NA;NA;NA;-0,3363807;39,4710794
"node/9316252452";"node/9316252452";NA;NA;NA;NA;NA;NA;"46001";NA;NA;NA;NA;NA;"pharmacy";NA;NA;2025-11-19;NA;NA;NA;"+34 963 91 79 56";NA;"https://farmaciabalkis.com/";NA;NA;NA;NA;"yes";"no";NA;NA;NA;NA;NA;NA;NA;NA;"Farmacia Ortopedia Balkis";NA;NA;NA;"Mo-Fr 08:30-20:30; Sa 09:00-13:30; Su off";NA;NA;NA;NA;NA;NA;NA;NA;"yes";"yes";NA;NA;NA;NA;NA;NA;"survey";NA;NA;NA;"yes";-0,3799158;39,4720402
"node/9316268503";"node/9316268503";NA;NA;NA;NA;NA;NA;"46001";NA;NA;NA;NA;NA;"pharmacy";NA;NA;2025-06-18;NA;NA;NA;NA;NA;NA;NA;NA;NA;NA;NA;NA;NA;NA;"pharmacy";NA;NA;NA;NA;NA;"Farmacia Avenida del oeste 33";NA;NA;NA;NA;NA;NA;NA;NA;NA;NA;"yes";NA;"yes";"yes";NA;NA;NA;NA;NA;NA;NA;NA;NA;NA;NA;-0,3793607;39,4710882
"node/9346807249";"node/9346807249";NA;NA;NA;NA;NA;NA;NA;NA;NA;NA;NA;NA;"pharmacy";NA;NA;NA;NA;NA;NA;NA;NA;NA;NA;NA;NA;NA;NA;NA;NA;NA;NA;NA;NA;NA;NA;NA;NA;NA;NA;NA;NA;NA;NA;NA;NA;NA;NA;NA;NA;NA;NA;NA;NA;NA;NA;NA;NA;NA;NA;NA;NA;NA;-0,3386585;39,4638781
"node/9378942317";"node/9378942317";"València";NA;NA;NA;NA;"49";"46018";"Carrer de la Democràcia";NA;NA;NA;NA;"pharmacy";NA;NA;NA;NA;NA;NA;NA;NA;NA;NA;NA;NA;NA;"yes";NA;NA;NA;"pharmacy";NA;NA;NA;NA;NA;"López Bernal";NA;NA;NA;NA;NA;NA;NA;NA;NA;NA;NA;NA;NA;NA;NA;NA;NA;NA;NA;NA;NA;NA;NA;NA;NA;-0,4001079;39,4733487
"node/9422393233";"node/9422393233";NA;NA;NA;NA;NA;"4";NA;"Avinguda d'Ausiàs March";NA;NA;NA;NA;"pharmacy";NA;NA;NA;NA;NA;NA;NA;NA;NA;NA;NA;NA;NA;"yes";NA;NA;NA;"pharmacy";NA;NA;NA;NA;NA;"Farmacia Ausiás March 4";NA;NA;NA;NA;NA;NA;NA;NA;NA;NA;NA;NA;NA;NA;NA;NA;NA;NA;NA;NA;NA;NA;NA;NA;NA;-0,3755591;39,4559852
"node/9422831549";"node/9422831549";NA;NA;NA;NA;NA;NA;NA;NA;NA;NA;NA;NA;"pharmacy";NA;NA;NA;NA;NA;NA;NA;NA;NA;NA;NA;NA;NA;"yes";NA;NA;NA;"pharmacy";NA;NA;NA;NA;NA;"Une";NA;NA;NA;NA;NA;NA;NA;NA;NA;NA;NA;NA;NA;NA;NA;NA;NA;NA;NA;NA;NA;NA;NA;NA;NA;-0,3753392;39,4457791
"node/9439443617";"node/9439443617";NA;NA;NA;NA;NA;NA;NA;NA;NA;NA;NA;NA;"pharmacy";NA;NA;NA;NA;NA;NA;NA;NA;NA;NA;NA;NA;NA;NA;NA;NA;NA;NA;NA;NA;NA;NA;NA;"Farmacia Les Arts";NA;NA;NA;NA;NA;NA;NA;NA;NA;NA;NA;NA;NA;NA;NA;NA;NA;NA;NA;NA;NA;NA;NA;NA;NA;-0,3571619;39,4564013
"node/9576574978";"node/9576574978";"València";NA;NA;NA;NA;"109";"46021";"Avinguda del Cardenal Benlloch";NA;NA;NA;NA;"pharmacy";NA;NA;NA;NA;NA;NA;NA;NA;NA;NA;NA;NA;NA;"yes";NA;NA;NA;"pharmacy";NA;NA;NA;NA;NA;"Farmacia María Ibañez Nobell";NA;NA;NA;"Mo-Fr 08:30-22:00; Sa 09:00-21:00";NA;NA;NA;NA;NA;NA;NA;NA;NA;NA;NA;NA;NA;NA;NA;NA;NA;NA;NA;NA;NA;-0,3528456;39,4749612
"node/9735255307";"node/9735255307";"València";NA;NA;NA;NA;"35";"46013";"Avinguda de la Plata";NA;NA;NA;NA;"pharmacy";NA;NA;NA;NA;NA;NA;NA;NA;NA;"+34 722549153";NA;NA;NA;"yes";NA;"e-oliver-v@micof.es";NA;NA;NA;NA;NA;NA;NA;"Farmacia Elvira Oliver";NA;NA;NA;"Mo-Fr 09:00-14:00,16:30-20:30; Sa 09:00-14:00; Jun,Jul,Sep: Mo-Fr 09:00-14:00,17:00-21:00; Aug: Mo-Th 09:00-13:30,17:00-20:00; Fr 09:00-14:00; PH off";NA;NA;NA;NA;NA;NA;NA;NA;NA;NA;NA;NA;NA;"+34 963342434";NA;NA;NA;NA;NA;"https://www.farmaciaelviraoliver.com/";NA;-0,3685332;39,4547189
"node/9735255308";"node/9735255308";"València";NA;NA;NA;NA;"38";"46006";"Carrera de la Fonteta de Sant Lluís";NA;NA;NA;NA;"pharmacy";NA;NA;NA;NA;NA;NA;NA;NA;NA;NA;NA;NA;NA;"yes";NA;NA;NA;NA;NA;NA;NA;NA;NA;"Farmacia M. García Monreal";NA;NA;NA;NA;NA;NA;NA;NA;NA;NA;NA;NA;NA;NA;NA;NA;NA;NA;NA;NA;NA;NA;NA;NA;NA;-0,371663;39,4557336
"node/9817842462";"node/9817842462";NA;NA;NA;NA;NA;NA;NA;NA;NA;NA;NA;NA;"pharmacy";NA;NA;2023-06-30;NA;NA;NA;NA;NA;NA;NA;NA;NA;NA;NA;NA;NA;NA;NA;NA;NA;NA;NA;NA;"Farmacia del Palau";NA;NA;NA;NA;NA;NA;NA;NA;NA;NA;NA;NA;NA;NA;NA;NA;NA;NA;NA;NA;NA;NA;NA;NA;NA;-0,3737324;39,4754233
"node/9826120977";"node/9826120977";NA;NA;NA;NA;NA;NA;NA;NA;NA;NA;NA;NA;"pharmacy";NA;NA;2025-05-20;NA;NA;NA;NA;NA;NA;NA;NA;NA;NA;NA;NA;NA;NA;"pharmacy";NA;NA;NA;NA;NA;NA;NA;NA;NA;"Mo-Fr 08:00-21:00; Sa 09:00-21:00; Su,PH off";NA;NA;NA;NA;NA;NA;NA;NA;NA;NA;NA;NA;NA;NA;NA;NA;NA;NA;NA;NA;NA;-0,3723945;39,473683
"node/9862537294";"node/9862537294";NA;NA;NA;NA;NA;NA;NA;NA;NA;NA;NA;NA;"pharmacy";NA;NA;NA;NA;NA;NA;NA;NA;NA;NA;NA;NA;NA;NA;NA;NA;NA;"pharmacy";NA;NA;NA;NA;NA;"Farmacia Ortopedia Arco";NA;NA;NA;NA;NA;NA;NA;NA;NA;NA;NA;NA;NA;NA;NA;NA;NA;NA;NA;NA;NA;NA;NA;NA;NA;-0,3406064;39,4669281
"node/10085791836";"node/10085791836";NA;NA;NA;NA;NA;NA;NA;NA;NA;NA;NA;NA;"pharmacy";NA;NA;NA;NA;NA;NA;NA;NA;NA;NA;NA;NA;NA;NA;NA;NA;NA;NA;NA;NA;NA;NA;NA;"Farmacia Orti";NA;NA;NA;NA;NA;NA;NA;NA;NA;NA;NA;NA;NA;NA;NA;NA;NA;NA;NA;NA;NA;NA;NA;NA;NA;-0,3795339;39,4544343
"node/10184693422";"node/10184693422";NA;NA;NA;NA;NA;NA;NA;NA;NA;NA;NA;NA;"pharmacy";NA;NA;NA;NA;NA;NA;NA;NA;NA;NA;NA;NA;NA;"yes";NA;NA;NA;NA;NA;NA;NA;NA;NA;"Farmacia Julián Albelda Oliver";NA;NA;NA;NA;NA;NA;NA;NA;NA;NA;NA;NA;NA;NA;NA;NA;NA;NA;NA;NA;NA;NA;NA;NA;NA;-0,369205;39,4587012
"node/10184693423";"node/10184693423";NA;NA;NA;NA;NA;NA;NA;NA;NA;NA;NA;NA;"pharmacy";NA;NA;NA;NA;NA;NA;NA;NA;NA;NA;NA;NA;NA;"yes";NA;NA;NA;NA;NA;NA;NA;NA;NA;"Farmacia Álvarez";NA;NA;NA;"Mo-Fr 08:45-14:00,16:30-20:45; Sa 09:30-14:00,17:00-20:00";NA;NA;NA;NA;NA;NA;NA;NA;NA;NA;NA;NA;NA;NA;NA;NA;NA;NA;NA;NA;NA;-0,3744378;39,4585134
"node/10184693424";"node/10184693424";NA;NA;NA;NA;NA;NA;NA;NA;NA;NA;NA;NA;"pharmacy";NA;NA;NA;NA;NA;NA;NA;NA;NA;NA;NA;NA;NA;"yes";NA;NA;NA;NA;NA;NA;NA;NA;NA;"Farmacia Velázquez Luján";NA;NA;NA;NA;NA;NA;NA;NA;NA;NA;NA;NA;NA;NA;NA;NA;NA;NA;NA;NA;NA;NA;NA;NA;NA;-0,3735764;39,4551417
"node/10184693425";"node/10184693425";"València";NA;NA;NA;NA;"10";"46006";"Carrer de Rubén Vela";NA;NA;NA;NA;"pharmacy";NA;NA;NA;NA;NA;NA;NA;NA;NA;NA;NA;NA;NA;"yes";NA;NA;NA;NA;NA;NA;NA;"0";NA;"Farmacia Bosch";NA;NA;NA;NA;NA;NA;NA;NA;NA;NA;NA;NA;NA;NA;NA;NA;NA;NA;NA;NA;NA;NA;NA;NA;NA;-0,3739076;39,456832
"node/10189290353";"node/10189290353";NA;NA;NA;NA;NA;NA;NA;NA;NA;NA;NA;NA;"pharmacy";NA;NA;2022-11-16;NA;NA;NA;NA;NA;NA;NA;NA;NA;NA;NA;NA;NA;NA;"pharmacy";NA;"wlan";"no";"0";NA;"Farmàcia Politècnic";"Farmàcia Politècnic";"Farmacia Politécnico";NA;"Mo-Sa 08:00-20:00";NA;NA;NA;NA;NA;NA;NA;NA;NA;NA;NA;NA;NA;"+34 963 71 12 51";NA;NA;NA;NA;NA;"https://www.upv.es/entidades/FP/index-es.html";"yes";-0,3430994;39,4818431
"node/10295107715";"node/10295107715";NA;NA;NA;NA;NA;"7";"46006";"Plaza Pedagogo Pestalozzi";NA;NA;NA;NA;"pharmacy";NA;NA;NA;2025-02-14;NA;NA;NA;NA;NA;NA;NA;NA;NA;NA;NA;"info@farmaciapuchades.com";NA;"pharmacy";NA;NA;NA;NA;"+34644334712";"Farmacia Puchades";NA;NA;NA;"Mo-Su 09:00-21:00";NA;NA;NA;NA;NA;NA;NA;NA;NA;NA;NA;NA;NA;"+34963955965";NA;NA;NA;NA;NA;"https://www.farmaciapuchades.com/";NA;-0,3657035;39,4568768
"node/10303502670";"node/10303502670";NA;NA;NA;NA;NA;NA;NA;NA;NA;NA;NA;NA;"pharmacy";NA;NA;NA;NA;NA;NA;NA;NA;NA;NA;NA;NA;NA;NA;NA;NA;NA;NA;NA;NA;NA;NA;NA;NA;NA;NA;NA;NA;NA;NA;NA;NA;NA;NA;NA;NA;NA;NA;NA;NA;NA;NA;NA;NA;NA;NA;NA;NA;NA;-0,3712352;39,4473329
"node/10314636971";"node/10314636971";NA;NA;NA;NA;NA;NA;NA;NA;NA;NA;NA;NA;"pharmacy";NA;NA;NA;NA;NA;NA;NA;NA;NA;NA;NA;NA;NA;NA;NA;NA;NA;"pharmacy";NA;NA;NA;NA;NA;"Farmacia Genovés";NA;NA;NA;NA;NA;NA;NA;NA;NA;NA;NA;NA;NA;NA;NA;NA;NA;NA;NA;NA;NA;NA;NA;NA;NA;-0,3511517;39,4597792
"node/10314775571";"node/10314775571";NA;NA;NA;NA;NA;NA;NA;NA;NA;NA;NA;NA;"pharmacy";NA;NA;NA;NA;NA;NA;NA;NA;NA;NA;NA;NA;NA;NA;NA;NA;NA;NA;NA;NA;NA;NA;NA;"Farmacia Gran Via Pizarro";NA;NA;NA;NA;NA;NA;NA;NA;NA;NA;NA;NA;NA;NA;NA;NA;NA;NA;NA;NA;NA;NA;NA;NA;NA;-0,3715503;39,4664539
"node/10720634685";"node/10720634685";NA;NA;NA;NA;NA;NA;NA;NA;NA;NA;NA;NA;"pharmacy";NA;NA;NA;NA;NA;NA;NA;NA;NA;NA;NA;NA;NA;NA;NA;NA;NA;"pharmacy";NA;NA;NA;NA;NA;"Trébol Farmacias";NA;NA;NA;NA;NA;NA;NA;NA;NA;NA;NA;NA;NA;NA;NA;NA;NA;NA;NA;NA;NA;NA;NA;NA;"yes";-0,3841421;39,4717795
"node/10856878093";"node/10856878093";NA;NA;NA;NA;NA;NA;NA;NA;NA;NA;NA;NA;"pharmacy";NA;NA;NA;NA;NA;NA;NA;NA;NA;NA;NA;NA;NA;NA;NA;NA;NA;"pharmacy";NA;NA;NA;NA;NA;NA;NA;NA;NA;NA;NA;NA;NA;NA;NA;NA;NA;NA;NA;NA;NA;NA;NA;NA;NA;NA;NA;NA;NA;NA;NA;-0,385711;39,5277456
"node/11043029703";"node/11043029703";NA;NA;NA;NA;NA;NA;NA;NA;NA;NA;NA;NA;"pharmacy";NA;NA;NA;NA;NA;NA;NA;NA;NA;NA;NA;NA;NA;NA;NA;NA;NA;"pharmacy";NA;NA;NA;NA;NA;NA;NA;NA;NA;NA;NA;"Reyes Villar Civera";NA;NA;NA;NA;NA;NA;NA;NA;NA;NA;NA;"+34 963791105";NA;NA;NA;NA;NA;NA;NA;-0,4153049;39,4698149
"node/11047054322";"node/11047054322";"València";NA;NA;NA;NA;"7";"46023";"Carrer de Lebon";NA;NA;NA;NA;"pharmacy";NA;NA;NA;NA;NA;NA;NA;NA;NA;NA;NA;NA;NA;"yes";"no";NA;NA;"pharmacy";NA;NA;NA;NA;NA;"Farmacia Frasquet Valencia";NA;NA;NA;NA;NA;"Farmacia Frasquet Valencia";NA;NA;NA;NA;"yes";NA;"yes";"yes";NA;NA;NA;"+34 963304550";NA;NA;NA;NA;NA;NA;"yes";-0,3504338;39,4640456
"node/11047071021";"node/11047071021";NA;NA;NA;NA;NA;NA;NA;NA;NA;NA;NA;NA;"pharmacy";NA;NA;NA;NA;NA;NA;NA;NA;NA;NA;NA;NA;NA;NA;NA;NA;NA;"pharmacy";NA;NA;NA;NA;NA;"Farmacia Monzó";NA;NA;NA;NA;NA;NA;NA;NA;NA;NA;NA;NA;NA;NA;NA;NA;NA;"+34 963591380";NA;NA;NA;NA;NA;NA;NA;-0,4106885;39,4669763
"node/11181451718";"node/11181451718";NA;NA;NA;NA;NA;NA;NA;NA;NA;NA;NA;NA;"pharmacy";NA;NA;NA;NA;NA;NA;NA;NA;NA;NA;NA;NA;NA;NA;NA;NA;NA;"pharmacy";NA;NA;NA;NA;NA;"Farmacia Durán";NA;NA;NA;NA;NA;NA;NA;NA;NA;NA;NA;NA;NA;NA;NA;NA;NA;NA;NA;NA;NA;NA;NA;NA;NA;-0,360369;39,4759403
"node/11182006742";"node/11182006742";NA;NA;NA;NA;NA;NA;"46015";NA;NA;NA;NA;NA;"pharmacy";NA;NA;2025-10-19;NA;NA;NA;NA;NA;NA;NA;NA;NA;NA;"yes";"no";NA;NA;"pharmacy";NA;"no";NA;"0";NA;"La Farmacia";NA;NA;NA;"24/7";NA;NA;NA;NA;NA;"yes";"yes";"yes";"yes";"yes";NA;"no";NA;"+34 963 46 33 60";NA;NA;"survey";NA;NA;"https://farmaciacortsvalencianes.com/";"yes";-0,400998;39,4936497
"node/11188866049";"node/11188866049";NA;NA;NA;NA;NA;"8";NA;"Carrer del Caroig";NA;NA;NA;NA;"pharmacy";NA;NA;2024-11-07;NA;NA;NA;NA;NA;NA;NA;NA;NA;NA;NA;NA;NA;NA;"pharmacy";NA;NA;NA;NA;NA;"Morales Oliver";NA;NA;NA;"Mo-Su 09:00-14:00,17:00-20:00";NA;NA;NA;NA;NA;NA;NA;NA;NA;NA;NA;NA;NA;NA;NA;NA;NA;NA;NA;NA;NA;-0,363025;39,4316931
"node/11188874546";"node/11188874546";NA;NA;NA;NA;NA;"21";NA;"Plaça de la Mare de Déu de Lepant";NA;NA;NA;NA;"pharmacy";NA;NA;2024-11-07;NA;NA;NA;NA;NA;NA;NA;NA;NA;NA;NA;NA;NA;NA;"pharmacy";NA;NA;NA;NA;NA;"Marín Casanova";NA;NA;NA;"Mo-Su 09:00-13:30,16:30-20:00";NA;NA;NA;NA;NA;NA;NA;NA;NA;NA;NA;NA;NA;NA;NA;NA;NA;NA;NA;NA;NA;-0,3634159;39,4298361
"node/11932701744";"node/11932701744";NA;NA;NA;NA;NA;"46";NA;"Carrer d'Alboraia";NA;NA;NA;NA;"pharmacy";NA;NA;2024-05-25;NA;NA;NA;NA;NA;NA;NA;NA;NA;NA;NA;NA;NA;NA;"pharmacy";NA;NA;NA;NA;NA;"Alboraya 46";NA;NA;NA;NA;NA;NA;NA;NA;NA;NA;NA;NA;NA;NA;NA;NA;NA;NA;NA;NA;NA;NA;NA;NA;NA;-0,3691445;39,4844768
"node/11956711543";"node/11956711543";NA;NA;NA;NA;NA;"17";NA;"Travessia de Pinedo al Mar";NA;NA;NA;NA;"pharmacy";NA;NA;NA;NA;NA;NA;NA;NA;NA;NA;NA;NA;NA;"yes";NA;NA;NA;NA;NA;NA;NA;NA;NA;"Farmacia Pinedo al Mar";NA;NA;NA;NA;NA;NA;NA;NA;NA;NA;NA;NA;NA;NA;NA;NA;NA;"+34 963 248 329";NA;NA;NA;NA;NA;NA;NA;-0,3390849;39,4213497
"node/12236165380";"node/12236165380";NA;NA;NA;NA;NA;NA;NA;NA;NA;NA;NA;NA;"pharmacy";"Apotek";NA;2024-10-08;NA;NA;NA;NA;NA;NA;NA;NA;NA;NA;NA;NA;NA;NA;"pharmacy";NA;NA;NA;NA;NA;"Farmacia Santa Catalina";NA;NA;NA;NA;NA;NA;NA;NA;NA;NA;NA;NA;NA;NA;NA;NA;NA;NA;NA;NA;NA;NA;NA;NA;NA;-0,3764089;39,4738634
"node/12241984378";"node/12241984378";"València";"València";NA;NA;NA;NA;"46004";NA;NA;NA;NA;NA;"pharmacy";NA;NA;2025-06-13;NA;NA;NA;NA;NA;NA;NA;NA;NA;NA;"yes";"no";NA;NA;"pharmacy";NA;NA;NA;NA;NA;"Farmacia Mercado Colon";NA;NA;NA;"Mo-Sa 08:30-21:30; Su 11:00-21:00";NA;NA;NA;NA;NA;NA;"yes";NA;"yes";"yes";"yes";NA;"yes";NA;NA;NA;"survey";NA;NA;NA;NA;-0,3676916;39,4687537
"node/12242042628";"node/12242042628";"València";"València";NA;NA;NA;NA;"46004";NA;NA;NA;NA;NA;"pharmacy";NA;NA;2024-10-10;NA;NA;NA;NA;NA;NA;NA;NA;NA;NA;"yes";"no";NA;NA;"pharmacy";NA;NA;NA;NA;NA;"Farmacia Jorge Juan";NA;NA;NA;NA;NA;NA;NA;NA;NA;NA;"yes";NA;"yes";"yes";"yes";NA;"yes";NA;NA;NA;NA;NA;NA;NA;"yes";-0,3699768;39,4700012
"node/12311509906";"node/12311509906";NA;NA;NA;NA;NA;NA;NA;NA;NA;NA;NA;NA;"pharmacy";NA;NA;NA;NA;NA;NA;NA;NA;NA;NA;NA;NA;NA;NA;NA;NA;NA;"pharmacy";NA;NA;NA;NA;NA;NA;NA;NA;NA;NA;NA;NA;NA;NA;NA;NA;NA;NA;NA;NA;NA;NA;NA;NA;NA;NA;NA;NA;NA;NA;NA;-0,3608485;39,4579493
"node/12311509909";"node/12311509909";NA;NA;NA;NA;NA;NA;NA;NA;NA;NA;NA;NA;"pharmacy";NA;NA;NA;NA;NA;NA;NA;NA;NA;NA;NA;NA;NA;NA;NA;NA;NA;"pharmacy";NA;NA;NA;NA;NA;NA;NA;NA;NA;NA;NA;NA;NA;NA;NA;NA;NA;NA;NA;NA;NA;NA;NA;NA;NA;NA;NA;NA;NA;NA;NA;-0,363284;39,4583883
"node/12311528385";"node/12311528385";NA;NA;NA;NA;NA;NA;NA;NA;NA;NA;NA;NA;"pharmacy";NA;NA;NA;NA;NA;NA;NA;NA;NA;NA;NA;NA;NA;NA;NA;NA;NA;"pharmacy";NA;NA;NA;NA;NA;NA;NA;NA;NA;NA;NA;NA;NA;NA;NA;NA;NA;NA;NA;NA;NA;NA;NA;NA;NA;NA;NA;NA;NA;NA;NA;-0,3659187;39,4557844
"node/12324208447";"node/12324208447";"València";NA;NA;NA;NA;"67";NA;"Avinguda del Primat Reig";NA;NA;NA;NA;"pharmacy";NA;NA;NA;NA;NA;"https://www.facebook.com/farmaciaprimadoreig14/";NA;NA;NA;NA;NA;NA;NA;NA;NA;NA;NA;"pharmacy";NA;NA;NA;NA;NA;"Farmácia Primado Reig Alfahuir";NA;NA;NA;NA;NA;NA;NA;NA;NA;NA;NA;NA;NA;NA;NA;NA;NA;NA;NA;NA;NA;NA;NA;NA;NA;-0,3684243;39,4881883
"node/12356979001";"node/12356979001";NA;NA;NA;NA;NA;NA;NA;NA;NA;NA;NA;NA;"pharmacy";NA;NA;NA;NA;NA;NA;NA;NA;NA;NA;NA;NA;NA;NA;NA;NA;NA;NA;NA;NA;NA;NA;NA;NA;NA;NA;NA;NA;NA;NA;NA;NA;NA;NA;NA;NA;NA;NA;NA;NA;NA;NA;NA;NA;NA;NA;NA;NA;NA;-0,3965182;39,4689899
"node/12382325016";"node/12382325016";NA;NA;NA;NA;NA;NA;NA;NA;NA;NA;NA;NA;"pharmacy";NA;NA;NA;NA;NA;NA;NA;NA;NA;NA;NA;NA;NA;"yes";NA;NA;NA;"pharmacy";NA;NA;NA;NA;NA;NA;NA;NA;NA;NA;NA;NA;NA;NA;NA;NA;NA;NA;NA;NA;NA;NA;NA;NA;NA;NA;NA;NA;NA;NA;NA;-0,3942375;39,4658437
"node/12655679282";"node/12655679282";"València";NA;NA;NA;NA;"10";"46011";"Carrer de la Serradora";NA;NA;NA;NA;"pharmacy";NA;NA;NA;NA;NA;NA;NA;NA;NA;NA;NA;NA;NA;"yes";NA;NA;NA;"pharmacy";NA;NA;NA;NA;NA;"Farmacia Lizandra";NA;NA;NA;NA;NA;NA;NA;NA;NA;NA;NA;NA;NA;NA;NA;NA;NA;NA;NA;NA;NA;NA;NA;NA;NA;-0,3374046;39,4624098
"node/12655699681";"node/12655699681";"València";NA;NA;NA;NA;"205";"46022";"Avinguda del Port";NA;NA;NA;NA;"pharmacy";NA;NA;NA;NA;NA;NA;NA;NA;NA;NA;NA;NA;NA;"yes";NA;NA;NA;"pharmacy";NA;NA;NA;NA;NA;"Farmacia Tornero";NA;NA;NA;NA;NA;NA;NA;NA;NA;NA;NA;NA;NA;NA;NA;NA;NA;NA;NA;NA;NA;NA;NA;NA;NA;-0,3405518;39,4624482
"node/12850952151";"node/12850952151";NA;NA;NA;"G";NA;NA;NA;NA;NA;NA;NA;NA;"pharmacy";NA;NA;2025-05-20;NA;NA;NA;NA;NA;NA;NA;NA;NA;NA;NA;NA;NA;NA;"pharmacy";NA;NA;NA;"0";NA;"Farmacia Baviera";NA;NA;NA;NA;NA;NA;NA;NA;NA;NA;NA;NA;NA;NA;NA;NA;NA;NA;NA;NA;NA;NA;NA;NA;NA;-0,3711283;39,4717137
"node/13037181936";"node/13037181936";NA;NA;NA;NA;NA;NA;NA;"Avinguda de l'Equador";NA;NA;NA;NA;"pharmacy";NA;NA;NA;NA;NA;NA;NA;NA;NA;NA;NA;NA;NA;NA;NA;NA;NA;NA;NA;NA;NA;NA;NA;"Farmacia Peris";NA;NA;NA;NA;NA;NA;NA;NA;NA;NA;NA;NA;NA;NA;NA;NA;NA;NA;NA;NA;NA;NA;NA;NA;NA;-0,3920793;39,494996
"node/13283015301";"node/13283015301";"València";NA;NA;NA;NA;"59";"46017";"Avinguda Real de Madrid";NA;NA;NA;NA;"pharmacy";NA;NA;NA;NA;NA;NA;NA;NA;NA;NA;NA;NA;NA;NA;NA;NA;NA;"pharmacy";NA;NA;NA;NA;NA;"Farmacia Nacher Llorente";NA;NA;NA;NA;NA;NA;NA;NA;NA;NA;NA;NA;NA;NA;NA;NA;NA;"+34 661 45 76 67";NA;NA;NA;NA;NA;"https://farmacianacher.com/";NA;-0,3917514;39,4323207
"node/13289314287";"node/13289314287";NA;NA;NA;NA;NA;NA;NA;NA;NA;NA;NA;NA;"pharmacy";NA;NA;NA;NA;NA;NA;NA;NA;NA;NA;NA;NA;NA;NA;NA;NA;NA;"pharmacy";NA;NA;NA;NA;NA;"Farmacia LDA. PILAR VILLAR CIVERA";NA;NA;NA;NA;NA;NA;NA;NA;NA;NA;NA;NA;NA;NA;NA;NA;NA;NA;NA;NA;NA;NA;NA;NA;NA;-0,3415322;39,4681285
"node/13304333854";"node/13304333854";NA;NA;NA;NA;NA;NA;NA;NA;NA;NA;NA;NA;"pharmacy";NA;NA;NA;NA;NA;NA;NA;NA;NA;NA;NA;NA;NA;NA;NA;NA;NA;"pharmacy";NA;NA;NA;NA;NA;"Farmacia";NA;NA;NA;NA;NA;NA;NA;NA;NA;NA;NA;NA;NA;NA;NA;NA;NA;NA;NA;NA;NA;NA;NA;NA;NA;-0,336473;39,4685241
"node/13319401877";"node/13319401877";NA;NA;NA;NA;NA;NA;NA;NA;NA;NA;NA;NA;"pharmacy";NA;NA;NA;NA;NA;NA;NA;NA;NA;NA;NA;NA;NA;NA;NA;NA;NA;"pharmacy";NA;NA;NA;NA;NA;"Farmacia Serrano";NA;NA;NA;NA;NA;NA;NA;NA;NA;NA;NA;NA;NA;NA;NA;NA;NA;NA;NA;NA;NA;NA;NA;NA;NA;-0,3484371;39,4618631
