gid;Nom / Nombre;Portal;Telèfon / Telefono;Ruta;Audio;Escena;Nom Audio / Nombre Audio;geo_shape;geo_point_2d
10;PARRÒQUIA DE SANTA CECÍLIA;24;0;9;0;;;"{""coordinates"": [-0.37588805881016396, 39.454296523715115], ""type"": ""Point""}";39.454296523715115, -0.37588805881016396
11;PLAÇA DEL MERCAT;;0;3;0;;;"{""coordinates"": [-0.3786890903278158, 39.47416072416168], ""type"": ""Point""}";39.47416072416168, -0.3786890903278158
15;PORT DE VALÈNCIA;;0;8;0;;;"{""coordinates"": [-0.3307277630590073, 39.458374375186445], ""type"": ""Point""}";39.458374375186445, -0.3307277630590073
18;ANTIC SEMINARI CONCILIAR FACULTAT DE TEOLOGIA;3;0;7;0;;;"{""coordinates"": [-0.3732297817638602, 39.47701445300119], ""type"": ""Point""}";39.47701445300119, -0.3732297817638602
19;TORRE DE SANT BERTOMEU;3;0;5;0;;;"{""coordinates"": [-0.37695411756771163, 39.477007793072545], ""type"": ""Point""}";39.477007793072545, -0.37695411756771163
22;ESGLÉSIA PARROQUIAL DEL CRIST REDEMPTOR, EL CABANYAL;96;963712520;9;0;;;"{""coordinates"": [-0.32863502582981485, 39.46787869600743], ""type"": ""Point""}";39.46787869600743, -0.32863502582981485
24;ESGLÉSIA PARROQUIAL DE L'ÀNGEL CUSTODI;37;963741843;9;0;;;"{""coordinates"": [-0.36308472589036817, 39.46518887153825], ""type"": ""Point""}";39.46518887153825, -0.36308472589036817
26;ESGLÉSIA PARROQUIAL DE LA PASSIÓ DEL SENYOR;1;963791770;9;0;;;"{""coordinates"": [-0.4005879054682707, 39.46683534657883], ""type"": ""Point""}";39.46683534657883, -0.4005879054682707
30;ESGLÉSIA PARROQUIAL DE MARIA, MARE DE CRIST (PINEDO);27;963672476;9;0;;;"{""coordinates"": [-0.33824689047224293, 39.42252607834641], ""type"": ""Point""}";39.42252607834641, -0.33824689047224293
62;ESCORXADOR MUNICIPAL;42;0;8;0;;;"{""coordinates"": [-0.39461825455991256, 39.4754908640253], ""type"": ""Point""}";39.4754908640253, -0.39461825455991256
65;MONESTIR DE SANTA CLARA - CLARISSES CAPUTXINES;119;963842245;9;0;;;"{""coordinates"": [-0.39435436143329206, 39.47267115031206], ""type"": ""Point""}";39.47267115031206, -0.39435436143329206
67;CASA MUSEU CONCHA PIQUER;23;963485658;9;0;;;"{""coordinates"": [-0.3764490332381726, 39.48519993028469], ""type"": ""Point""}";39.48519993028469, -0.3764490332381726
68;MUSEU FALLER;4;963525478;9;0;;;"{""coordinates"": [-0.35918249301357175, 39.45883654674115], ""type"": ""Point""}";39.45883654674115, -0.35918249301357175
73;ARXIU DEL REGNE DE VALÈNCIA;22;963184550;9;0;;;"{""coordinates"": [-0.3626471798992365, 39.472136850591234], ""type"": ""Point""}";39.472136850591234, -0.3626471798992365
81;CASA DE LA BARONESSA D'ALAQUÀS;9;0;7;0;;;"{""coordinates"": [-0.37279690252640485, 39.474724291342035], ""type"": ""Point""}";39.474724291342035, -0.37279690252640485
83;CASA DEL CARRER DE LA CONCÒRDIA, 6;6;0;9;0;;;"{""coordinates"": [-0.3772605607854714, 39.477355790728325], ""type"": ""Point""}";39.477355790728325, -0.3772605607854714
85;CASA DEL BARÓ DE CAMPOLIVAR;30;0;6;0;;;"{""coordinates"": [-0.37103874723259933, 39.47560368614181], ""type"": ""Point""}";39.47560368614181, -0.37103874723259933
87;CASA DELS MARQUESOS DE TREMOLAR;11, 13;0;7;0;;;"{""coordinates"": [-0.37279829071833726, 39.47507025832903], ""type"": ""Point""}";39.47507025832903, -0.37279829071833726
92;MUSEU DE LA CIUTAT;3;963525478;8;0;;;"{""coordinates"": [-0.37381756118080434, 39.47604165158063], ""type"": ""Point""}";39.47604165158063, -0.37381756118080434
97;MONUMENTS DE LA PLAÇA DE LA MARE DE DÉU DELS DESEMPARATS;;0;0;0;;;"{""coordinates"": [-0.3752834625703955, 39.476318011561055], ""type"": ""Point""}";39.476318011561055, -0.3752834625703955
103;PARRÒQUIA DE SANT JAUME DE BENIFERRI;4;963407426;7;0;;;"{""coordinates"": [-0.4050384523484823, 39.49666362431868], ""type"": ""Point""}";39.49666362431868, -0.4050384523484823
109;ESGLÉSIA DEL SAGRAT COR DE JESÚS (PATRAIX);21;963805430;9;0;;;"{""coordinates"": [-0.3917166477568356, 39.46257926663843], ""type"": ""Point""}";39.46257926663843, -0.3917166477568356
110;ESGLÉSIA DE LA MARE DE DÉU DE L'ASSUMPCIÓ (BENIMACLET);2;963624278;7;0;;;"{""coordinates"": [-0.3595470617204468, 39.48630038207091], ""type"": ""Point""}";39.48630038207091, -0.3595470617204468
111;ESGLÉSIA DE LA MARE DE DÉU DEL CARME (PARES CARMELITES);33;963606757;7;0;;;"{""coordinates"": [-0.3703581677726591, 39.48337886549461], ""type"": ""Point""}";39.48337886549461, -0.3703581677726591
117;ESGLÉSIA PARROQUIAL DE SANT LLÀTZER;13;963668631;3;0;;;"{""coordinates"": [-0.37477598708736365, 39.487951334796094], ""type"": ""Point""}";39.487951334796094, -0.37477598708736365
118;ESGLÉSIA PARROQUIAL DE SANT MATEU;22;963330611;9;0;;;"{""coordinates"": [-0.3730569354317957, 39.45613473667365], ""type"": ""Point""}";39.45613473667365, -0.3730569354317957
121;ESGLÉSIA PARROQUIAL DE SANT ROC DE BENICALAP;2;963490333;9;0;;;"{""coordinates"": [-0.39124802513723755, 39.4922581750928], ""type"": ""Point""}";39.4922581750928, -0.39124802513723755
123;ESGLÉSIA PARROQUIAL DE LA MARE DE DÉU DE LA MISERICÒRDIA (CAMPANAR);11;963492818;4;0;;;"{""coordinates"": [-0.39737235975995616, 39.48213417587745], ""type"": ""Point""}";39.48213417587745, -0.39737235975995616
125;ESGLÉSIA PARROQUIAL DE SANT TOMÀS DE VILLANUEVA (PEDANIA LA FONTETA DE SANT LLUÍS);9;963343441;9;0;;;"{""coordinates"": [-0.3679709821086913, 39.45920189846907], ""type"": ""Point""}";39.45920189846907, -0.3679709821086913
135;CASA SENYORIAL AL CARRER DE ROTEROS;25;0;6;0;;;"{""coordinates"": [-0.37812595814644595, 39.47897301385829], ""type"": ""Point""}";39.47897301385829, -0.37812595814644595
139;COL·LEGI ESGLÉSIA DE SANT JOSEP DE LA MUNTANYA;15;963824335;9;0;;;"{""coordinates"": [-0.3941522540681688, 39.474239096889214], ""type"": ""Point""}";39.474239096889214, -0.3941522540681688
140;CONVENT DE L'ENCARNACIÓ;41;963515758;9;0;;;"{""coordinates"": [-0.3835455824624548, 39.473666060153626], ""type"": ""Point""}";39.473666060153626, -0.3835455824624548
142;CORREOS;24;963102730;9;0;;;"{""coordinates"": [-0.3753658591523965, 39.46949123843816], ""type"": ""Point""}";39.46949123843816, -0.3753658591523965
145;EDIFICI DE LA PLAÇA DE L'ALMOINA, 4;4;0;9;0;;;"{""coordinates"": [-0.37428721883414495, 39.47592028763205], ""type"": ""Point""}";39.47592028763205, -0.37428721883414495
37;ESGLÉSIA PARROQUIAL DE LA MARE DE DÉU DEL SAGRAT COR;28;963666465;5;0;;;"{""coordinates"": [-0.36605922149518777, 39.494869956682216], ""type"": ""Point""}";39.494869956682216, -0.36605922149518777
38;ESGLÉSIA PARROQUIAL DE LA MARE DE DÉU DELS SOCORS;14;963854173;9;0;;;"{""coordinates"": [-0.3858598233048809, 39.46513496222097], ""type"": ""Point""}";39.46513496222097, -0.3858598233048809
39;ESGLÉSIA PARROQUIAL DE LA MARE DE DÉU DELS DESEMPARATS I SANT ISIDRE;2;963772184;9;0;;;"{""coordinates"": [-0.4073259952983346, 39.45339092479941], ""type"": ""Point""}";39.45339092479941, -0.4073259952983346
42;ESGLÉSIA PARROQUIAL DE SANT ANDREU APÒSTOL;8;963526541;9;0;;;"{""coordinates"": [-0.37424499792002364, 39.46736317971602], ""type"": ""Point""}";39.46736317971602, -0.37424499792002364
47;ESGLÉSIA PARROQUIAL DE SANT ISIDOR BISBE;23;963692102;9;0;;;"{""coordinates"": [-0.3633964851513174, 39.48292191506457], ""type"": ""Point""}";39.48292191506457, -0.3633964851513174
54;PALAU DEL MARQUÉS DE CASTELLFORT;9 y 11;0;9;0;;;"{""coordinates"": [-0.3768053772119794, 39.476551834847136], ""type"": ""Point""}";39.476551834847136, -0.3768053772119794
182;MUVIM;8,  y QUEVEDO, 10;963883730;10;75;;10/75.mp3;"{""coordinates"": [-0.3813557121356035, 39.46969845749664], ""type"": ""Point""}";39.46969845749664, -0.3813557121356035
183;JARDÍ D'AIORA;;0;8;66;;8/66.mp3;"{""coordinates"": [-0.34400480761012076, 39.468309768993464], ""type"": ""Point""}";39.468309768993464, -0.34400480761012076
184;PALAU DE JUSTÍCIA;S/N;0;6;32;;6/32.mp3;"{""coordinates"": [-0.36973366126309654, 39.47182326630681], ""type"": ""Point""}";39.47182326630681, -0.36973366126309654
188;GALERIA DEL TOSSAL;S/N;963981803;2;3;;2/3.mp3;"{""coordinates"": [-0.38023938937688967, 39.476213649882254], ""type"": ""Point""}";39.476213649882254, -0.38023938937688967
189;ESGLÉSIA DE SANTA CATERINA;S/N;963917713;3;9;;3/9.mp3;"{""coordinates"": [-0.3763908284072542, 39.4740728161604], ""type"": ""Point""}";39.4740728161604, -0.3763908284072542
190;PALAU DE BENICARLÓ;4;963876100;3;12;;3/12.mp3;"{""coordinates"": [-0.3746438069083626, 39.47787108191776], ""type"": ""Point""}";39.47787108191776, -0.3746438069083626
194;ESGLÉSIA PARROQUIAL DE SANT NICOLAU;35;963913317;5;23;;5/23.mp3;"{""coordinates"": [-0.3789983192144767, 39.47614061610826], ""type"": ""Point""}";39.47614061610826, -0.3789983192144767
195;ESGLÉSIA PARROQUIAL DE SANT ESTEVE;5;963918276;5;26;;5/26.mp3;"{""coordinates"": [-0.3732457401428192, 39.47610079590193], ""type"": ""Point""}";39.47610079590193, -0.3732457401428192
203;MUSEU DEL COL·LEGI DE L'ART MAJOR DE LA SEDA;7;963511951;6;40;;6/40.mp3;"{""coordinates"": [-0.38090769114987055, 39.47079643683795], ""type"": ""Point""}";39.47079643683795, -0.38090769114987055
213;PALAU DEL MARQUÉS DE DOSAIGÜES;6;963516392;6;34;;6/34.mp3;"{""coordinates"": [-0.37477459435891464, 39.472540857919164], ""type"": ""Point""}";39.472540857919164, -0.37477459435891464
215;BASÍLICA;54;963517750;5;25;;5/25.mp3;"{""coordinates"": [-0.37482057258456, 39.47626251063761], ""type"": ""Point""}";39.47626251063761, -0.37482057258456
154;CASA CONSISTORIAL I ENTORN URBANÍSTIC - II;1;0;8;57;;8/57.mp3;"{""coordinates"": [-0.3770089619388928, 39.469790407593976], ""type"": ""Point""}";39.469790407593976, -0.3770089619388928
156;ASIL DE SANT JOAN DE DÉU;1;963352500;8;65;;8/65.mp3;"{""coordinates"": [-0.3313796070420477, 39.47689352815755], ""type"": ""Point""}";39.47689352815755, -0.3313796070420477
157;FINCA ROJA;;0;9;69;;9/69.mp3;"{""coordinates"": [-0.384935140019751, 39.46350897330976], ""type"": ""Point""}";39.46350897330976, -0.384935140019751
160;LLOTJA;S/N;963525478;3;10;Lonja;3/10.mp3;"{""coordinates"": [-0.37840088127179805, 39.47440646622334], ""type"": ""Point""}";39.47440646622334, -0.37840088127179805
162;IVAM;118;963863000;10;70;;10/70.mp3;"{""coordinates"": [-0.38265096632095097, 39.47979041907869], ""type"": ""Point""}";39.47979041907869, -0.38265096632095097
163;PALAU DEL MARQUÉS DE CAMPO;3;963525478;7;47;;7/47.mp3;"{""coordinates"": [-0.37400799327622053, 39.475957579757655], ""type"": ""Point""}";39.475957579757655, -0.37400799327622053
167;CASA ORDEIG;2;0;8;55;;8/55.mp3;"{""coordinates"": [-0.37808433301791455, 39.473217640027165], ""type"": ""Point""}";39.473217640027165, -0.37808433301791455
171;PORTADA DEL PALAU DELS DUCS DE MANDAS;S/N;0;4;17;;4/17.mp3;"{""coordinates"": [-0.36814499614254786, 39.47740931916025], ""type"": ""Point""}";39.47740931916025, -0.36814499614254786
216;L'ALMODÍ;1;963525478;3;6;;3/6.mp3;"{""coordinates"": [-0.3738686161089758, 39.476538286822986], ""type"": ""Point""}";39.476538286822986, -0.3738686161089758
217;ESTACIÓ DEL NORD;24;0;8;58;;8/58.mp3;"{""coordinates"": [-0.37723223723928856, 39.46683976384089], ""type"": ""Point""}";39.46683976384089, -0.37723223723928856
219;MUSEU D'HISTÒRIA DE VALÈNCIA;42;963701105;7;53;MuseoHistoria;7/53.mp3;"{""coordinates"": [-0.4094723493160021, 39.4730778122476], ""type"": ""Point""}";39.4730778122476, -0.4094723493160021
225;PALAU DE CONGRESSOS;;0;10;74;;10/74.mp3;"{""coordinates"": [-0.4018917850252541, 39.49629385265961], ""type"": ""Point""}";39.49629385265961, -0.4018917850252541
132;ESGLÉSIA DE SANT VICENT DE LA ROQUETA (ACTUAL ESGLÉSIA PARROQUIAL DE CRIST REI);134, 136;963411692;3;0;;;"{""coordinates"": [-0.38217603177151843, 39.463610352622034], ""type"": ""Point""}";39.463610352622034, -0.38217603177151843
151;CATEDRAL;S/N;963918127;3;5;Catedral;3/5.mp3;"{""coordinates"": [-0.3751286059976486, 39.4756357375792], ""type"": ""Point""}";39.4756357375792, -0.3751286059976486
172;TORRES DELS GUARDES DE L'ALBEREDA;S/N;0;6;43;;6/43.mp3;"{""coordinates"": [-0.36644217262077045, 39.476169053599634], ""type"": ""Point""}";39.476169053599634, -0.36644217262077045
175;PONT DE L'EXPOSICIÓ;10;0;10;71;;10/71.mp3;"{""coordinates"": [-0.36599648415263764, 39.473131423689225], ""type"": ""Point""}";39.473131423689225, -0.36599648415263764
176;PARC DE CAPÇALERA;;0;12;80;;12/80.mp3;"{""coordinates"": [-0.40941241225310343, 39.476085803568964], ""type"": ""Point""}";39.476085803568964, -0.40941241225310343
178;MUSEU SANT PIUS V;S/N;0;6;42;;6/42.mp3;"{""coordinates"": [-0.37096123623046323, 39.47904002935476], ""type"": ""Point""}";39.47904002935476, -0.37096123623046323
185;PALAU I ESGLÉSIA DEL TEMPLE;2;963918837;6;30;;6/30.mp3;"{""coordinates"": [-0.3712850954701632, 39.47661499598925], ""type"": ""Point""}";39.47661499598925, -0.3712850954701632
2;PALAU DELS MARTÍNEZ DE RAGA;25 y 27;0;7;0;;;"{""coordinates"": [-0.37899494446702714, 39.477910849714426], ""type"": ""Point""}";39.477910849714426, -0.37899494446702714
4;PALAU DE MONTORNÉS;1, 3, 5;0;7;0;;;"{""coordinates"": [-0.3719090538302984, 39.473989548561875], ""type"": ""Point""}";39.473989548561875, -0.3719090538302984
6;PALAU DE LA MARQUESA DE COLOMINA;1;0;7;0;;;"{""coordinates"": [-0.3743753382112253, 39.476587395626915], ""type"": ""Point""}";39.476587395626915, -0.3743753382112253
9;CASA NATALÍCIA DE SANT VICENT FERRER - EL POUET;1;963528481;7;0;;;"{""coordinates"": [-0.37072101173655325, 39.47326896099321], ""type"": ""Point""}";39.47326896099321, -0.37072101173655325
12;PORTAL DE LA VALLDIGNA;;0;3;0;;;"{""coordinates"": [-0.3787033540225543, 39.47749428334232], ""type"": ""Point""}";39.47749428334232, -0.3787033540225543
13;PONT DELS SERRANS;;0;3;0;;;"{""coordinates"": [-0.3753139851055782, 39.48076001244568], ""type"": ""Point""}";39.48076001244568, -0.3753139851055782
14;PONT DE LA MAR;;0;4;0;;;"{""coordinates"": [-0.36363210534111307, 39.47026160011012], ""type"": ""Point""}";39.47026160011012, -0.36363210534111307
21;TORRE DE LA POSADA DE L'ÀNGEL O TORRE DE L'ÀNGEL;;0;2;0;;;"{""coordinates"": [-0.3793653741031475, 39.47658131553629], ""type"": ""Point""}";39.47658131553629, -0.3793653741031475
25;ESGLÉSIA PARROQUIAL DE L'ANTIC CONVENT DE SANTA MARIA DE JESÚS;9;963804556;3;0;;;"{""coordinates"": [-0.38904750215060363, 39.45968290784195], ""type"": ""Point""}";39.45968290784195, -0.38904750215060363
27;ESGLÉSIA PARROQUIAL DE LA MARE DE DÉU DE LA FONTSANTA;1;963790619;9;0;;;"{""coordinates"": [-0.4084313336308517, 39.46489989770689], ""type"": ""Point""}";39.46489989770689, -0.4084313336308517
28;ESGLÉSIA PARROQUIAL DELS SANTS ABDÓ I SENENT;4;961850195;8;0;;;"{""coordinates"": [-0.3781888391857854, 39.51665986789625], ""type"": ""Point""}";39.51665986789625, -0.3781888391857854
63;MERCAT D'ABASTOS;18;0;9;0;;;"{""coordinates"": [-0.388749283489561, 39.46779842250637], ""type"": ""Point""}";39.46779842250637, -0.388749283489561
66;MONUMENT A L'ARQUEBISBE OLAECHEA;;0;9;0;;;"{""coordinates"": [-0.3740849355897308, 39.47573238889933], ""type"": ""Point""}";39.47573238889933, -0.3740849355897308
70;PALAU ARQUEBISBAL;2;963829700;9;0;;;"{""coordinates"": [-0.37422674224360997, 39.47542064779301], ""type"": ""Point""}";39.47542064779301, -0.37422674224360997
71;PALAU D'ARIZA;3;0;8;0;;;"{""coordinates"": [-0.37275135900275014, 39.47753939526829], ""type"": ""Point""}";39.47753939526829, -0.37275135900275014
72;ANTIC SEMINARI CONCILIAR - FACULTAT DE TEOLOGIA;3;963155800;7;0;;;"{""coordinates"": [-0.3732297817638602, 39.47701445300119], ""type"": ""Point""}";39.47701445300119, -0.3732297817638602
75;ASIL I ESGLÉSIA DE SANTA MÒNICA;1;963472912;5;0;;;"{""coordinates"": [-0.3747493148194605, 39.48190713109695], ""type"": ""Point""}";39.48190713109695, -0.3747493148194605
76;ASIL I COL·LEGI DE SANT JOAN BAPTISTA;175;963912365;7;0;;;"{""coordinates"": [-0.3834647311330987, 39.47933750056091], ""type"": ""Point""}";39.47933750056091, -0.3834647311330987
80;CAPELLA DE SANT VALERI;4;0;5;0;;;"{""coordinates"": [-0.37428721883414495, 39.47592028763205], ""type"": ""Point""}";39.47592028763205, -0.37428721883414495
82;CASA DEL CARRER DE BAIX, 48;48;0;4;0;;;"{""coordinates"": [-0.3787201820390012, 39.47824383040734], ""type"": ""Point""}";39.47824383040734, -0.3787201820390012
86;CASA DELS MARQUESOS DE GONZÁLEZ DE QUIRÓS;25;0;7;0;;;"{""coordinates"": [-0.3792916620372267, 39.47772061139805], ""type"": ""Point""}";39.47772061139805, -0.3792916620372267
91;PARRÒQUIA DE SANT ANNA;4;963370998;9;0;;;"{""coordinates"": [-0.3568274396495326, 39.46682619605854], ""type"": ""Point""}";39.46682619605854, -0.3568274396495326
94;EDIFICI DEL RELLOTGE (PORT);S/N;963939400;9;0;;;"{""coordinates"": [-0.331750758403191, 39.46019068957623], ""type"": ""Point""}";39.46019068957623, -0.331750758403191
100;GRAN ASSOCIACIÓ DE LA MARE DE DÉU DELS DESEMPARATS;3;963911791;7;0;;;"{""coordinates"": [-0.37791362682375224, 39.479742371508614], ""type"": ""Point""}";39.479742371508614, -0.37791362682375224
101;PARRÒQUIA DE SANT FRANCESC XAVIER;55;963695858;9;0;;;"{""coordinates"": [-0.351118985424698, 39.47542395442525], ""type"": ""Point""}";39.47542395442525, -0.351118985424698
104;PARRÒQUIA DE SANT JOSEP (EL SALER);9;0;9;0;;;"{""coordinates"": [-0.3329457391526881, 39.38306960009446], ""type"": ""Point""}";39.38306960009446, -0.3329457391526881
105;ESGLÉSIA DE LES MARES REPARADORES;23;963918434;9;0;;;"{""coordinates"": [-0.37114562953949276, 39.47564231941946], ""type"": ""Point""}";39.47564231941946, -0.37114562953949276
107;ESGLÉSIA DEL MIRACLE I HOSPITAL DE SACERDOTS POBRES;6, 4;0;3;0;;;"{""coordinates"": [-0.37264937543814297, 39.47456726607053], ""type"": ""Point""}";39.47456726607053, -0.37264937543814297
112;ESGLÉSIA DE SANT CRISTÒFOL;2;963605885;9;0;;;"{""coordinates"": [-0.37171543766424253, 39.48101559333338], ""type"": ""Point""}";39.48101559333338, -0.37171543766424253
113;ESGLÉSIA DE SANT LLORENÇ;4;963917803;4;0;;;"{""coordinates"": [-0.3752385949435326, 39.47777344248315], ""type"": ""Point""}";39.47777344248315, -0.3752385949435326
114;ESGLÉSIA PARROQUIAL DE SANT JOAN BOSCO;21;963495548;9;0;;;"{""coordinates"": [-0.38612269145803824, 39.48240831907129], ""type"": ""Point""}";39.48240831907129, -0.38612269145803824
116;ESGLÉSIA PARROQUIAL DE SANT JOAN I SANT VICENT;13;963512595;9;0;;;"{""coordinates"": [-0.3704291869343144, 39.46891188539683], ""type"": ""Point""}";39.46891188539683, -0.3704291869343144
127;PALAU I BANYS DE L'ALMIRALL;S/N;0;3;0;;;"{""coordinates"": [-0.36556314728093625, 39.476070997724904], ""type"": ""Point""}";39.476070997724904, -0.36556314728093625
129;PARRÒQUIA DE LA MARE DE DÉU DELS DESEMPARATS (NATZARET);47;963671814;9;0;;;"{""coordinates"": [-0.33337855780282194, 39.44998041381497], ""type"": ""Point""}";39.44998041381497, -0.33337855780282194
131;MICALET;S/N;963918127;3;0;Miguelete;;"{""coordinates"": [-0.3756325374925713, 39.475310366192254], ""type"": ""Point""}";39.475310366192254, -0.3756325374925713
133;ESGLÉSIA PARROQUIAL DE SANT RAFAEL ARCÀNGEL - EL CABANYAL;216;0;9;0;;;"{""coordinates"": [-0.3304766570619312, 39.46983917170912], ""type"": ""Point""}";39.46983917170912, -0.3304766570619312
141;CONVENT DE SANTA ÚRSULA;2;963910130;5;0;;;"{""coordinates"": [-0.3836148908426371, 39.476030706773024], ""type"": ""Point""}";39.476030706773024, -0.3836148908426371
143;CRIPTA DE LA PRESÓ DE SANT VICENT;1;963941417;1;0;;;"{""coordinates"": [-0.3741728716487891, 39.47573707858885], ""type"": ""Point""}";39.47573707858885, -0.3741728716487891
147;ESGLÉSIA DE SANT JOAN DE L'HOSPITAL;5;963922965;3;8;;3/8.mp3;"{""coordinates"": [-0.37273476139848477, 39.47432840427719], ""type"": ""Point""}";39.47432840427719, -0.37273476139848477
148;ESGLÉSIA DE SANT TOMÀS I SANT FELIP NERI;1;963918755;5;27;;5/27.mp3;"{""coordinates"": [-0.37217285486541635, 39.47399352329543], ""type"": ""Point""}";39.47399352329543, -0.37217285486541635
35;ESGLÉSIA PARROQUIAL DE LA MARE DE DÉU DEL REMEI;12;963517544;8;0;;;"{""coordinates"": [-0.36767767790035316, 39.4709507834758], ""type"": ""Point""}";39.4709507834758, -0.36767767790035316
41;ESGLÉSIA PARROQUIAL DE SANT AGUSTÍ;5;963512480;3;0;;;"{""coordinates"": [-0.3801970228823865, 39.46867236619487], ""type"": ""Point""}";39.46867236619487, -0.3801970228823865
43;ESGLÉSIA PARROQUIAL DE SANT ANTONI ABAD;188;963661604;6;0;;;"{""coordinates"": [-0.37434133186499213, 39.490352700693904], ""type"": ""Point""}";39.490352700693904, -0.37434133186499213
45;ESGLÉSIA PARROQUIAL DE SANT BERNAT MÀRTIR (POBLE NOU);188;963638098;9;0;;;"{""coordinates"": [-0.38267825408195405, 39.50296828694664], ""type"": ""Point""}";39.50296828694664, -0.38267825408195405
46;CONVENT DEL CORPUS CHRISTI;169;963910302;5;0;;;"{""coordinates"": [-0.383726996575632, 39.4786181118856], ""type"": ""Point""}";39.4786181118856, -0.383726996575632
48;PALAU DE CERVERÓ;4;963926229;5;0;;;"{""coordinates"": [-0.3760262547260398, 39.478006001323166], ""type"": ""Point""}";39.478006001323166, -0.3760262547260398
50;PALAU DE LA GENERALITAT;2;963863461;3;0;;;"{""coordinates"": [-0.37638627661183427, 39.47666723348957], ""type"": ""Point""}";39.47666723348957, -0.37638627661183427
51;PALAU DE LA REIAL MESTRANÇA DE CAVALLERIA;1;963921270;5;0;;;"{""coordinates"": [-0.3755691149521854, 39.477639741682125], ""type"": ""Point""}";39.477639741682125, -0.3755691149521854
55;PALAU DEL MARQUÉS DE LA SCALA;3;963882500;3;0;;;"{""coordinates"": [-0.37695411756771163, 39.477007793072545], ""type"": ""Point""}";39.477007793072545, -0.37695411756771163
57;PALAU DELS COMTES D'OLIVA (HUI DELS DE DAIA NOVA);33;0;3;0;;;"{""coordinates"": [-0.3784722129606948, 39.4765879503493], ""type"": ""Point""}";39.4765879503493, -0.3784722129606948
58;PALAU DELS EXARCHS;5, 7, 9;0;5;0;;;"{""coordinates"": [-0.3802467394334279, 39.47438927304713], ""type"": ""Point""}";39.47438927304713, -0.3802467394334279
59;PALAU DELS FERNÁNDEZ DE CÓRDOVA;36;0;3;0;;;"{""coordinates"": [-0.3796061498127158, 39.476512334320674], ""type"": ""Point""}";39.476512334320674, -0.3796061498127158
186;PLAÇA DE BOUS;28;963519315;7;52;;7/52.mp3;"{""coordinates"": [-0.3761470429464342, 39.466644096754926], ""type"": ""Point""}";39.466644096754926, -0.3761470429464342
191;ANTIC HOSPITAL GENERAL;11;963510939;4;19;;4/19.mp3;"{""coordinates"": [-0.3817371980795588, 39.47037370280495], ""type"": ""Point""}";39.47037370280495, -0.3817371980795588
192;CASA DE LES ROQUES;3;963153156;5;21;;5/21.mp3;"{""coordinates"": [-0.37672464774012016, 39.4791072354375], ""type"": ""Point""}";39.4791072354375, -0.37672464774012016
196;PALAU DELS VALERIOLA;31;0;5;28;;5/28.mp3;"{""coordinates"": [-0.3731521659639589, 39.473954598414764], ""type"": ""Point""}";39.473954598414764, -0.3731521659639589
197;ESGLÉSIA DE SANT JOAN DE LA CREU;6;963522325;5;29;;5/29.mp3;"{""coordinates"": [-0.3745715374070493, 39.47206781428367], ""type"": ""Point""}";39.47206781428367, -0.3745715374070493
198;PALAU DE PENYALBA;6;0;6;33;;6/33.mp3;"{""coordinates"": [-0.37316757701527425, 39.47076584855541], ""type"": ""Point""}";39.47076584855541, -0.37316757701527425
199;PALAU DELS BOÏL D'ARENÓS;2 y 4;0;6;35;;6/35.mp3;"{""coordinates"": [-0.37388990360087543, 39.4725749180646], ""type"": ""Point""}";39.4725749180646, -0.37388990360087543
201;PALAU DE PINEDA;;0;6;38;;6/38.mp3;"{""coordinates"": [-0.3786601851200452, 39.478952726433015], ""type"": ""Point""}";39.478952726433015, -0.3786601851200452
202;COL·LEGI DE LES ESCOLES PIES;6;963915800;6;39;;6/39.mp3;"{""coordinates"": [-0.3818022552316001, 39.473906601095], ""type"": ""Point""}";39.473906601095, -0.3818022552316001
206;PLAÇA REDONA;;0;7;46;;7/46.mp3;"{""coordinates"": [-0.37661849533084435, 39.47358247591085], ""type"": ""Point""}";39.47358247591085, -0.37661849533084435
209;MUSEU BENLLIURE;23;963911662;7;50;;7/50.mp3;"{""coordinates"": [-0.37902299022229696, 39.480744643070295], ""type"": ""Point""}";39.480744643070295, -0.37902299022229696
210;SALÓ DE RACIONISTES;15;0;7;51;;7/51.mp3;"{""coordinates"": [-0.37777485070572736, 39.4802390177909], ""type"": ""Point""}";39.4802390177909, -0.37777485070572736
212;MERCAT DE COLOM;19;963525478;8;59;;8/59.mp3;"{""coordinates"": [-0.36840182071888544, 39.46891931754965], ""type"": ""Point""}";39.46891931754965, -0.36840182071888544
152;PALAU DE CERVELLÓ;3;963525478;6;31;;6/31.mp3;"{""coordinates"": [-0.37013261650844737, 39.474381451065774], ""type"": ""Point""}";39.474381451065774, -0.37013261650844737
153;CASA CONSISTORIAL I ENTORN URBANÍSTIC - I;1;0;8;57;;8/57.mp3;"{""coordinates"": [-0.3770089619388928, 39.469790407593976], ""type"": ""Point""}";39.469790407593976, -0.3770089619388928
158;REIAL COL·LEGI DEL CORPUS CHRISTI (PATRIARCA);1;963514176;4;16;;4/16.mp3;"{""coordinates"": [-0.3732791083218744, 39.47243498874949], ""type"": ""Point""}";39.47243498874949, -0.3732791083218744
166;JARDÍ BOTÀNIC;80;963156800;6;41;;6/41.mp3;"{""coordinates"": [-0.3863103010833792, 39.47550103066444], ""type"": ""Point""}";39.47550103066444, -0.3863103010833792
169;EDIFICI ALONSO;71-73;0;9;68;;9/68.mp3;"{""coordinates"": [-0.37972448620015986, 39.46806343804923], ""type"": ""Point""}";39.46806343804923, -0.37972448620015986
170;BIOPARC;3;902250340;12;79;;12/79.mp3;"{""coordinates"": [-0.40705606111603254, 39.47809312250169], ""type"": ""Point""}";39.47809312250169, -0.40705606111603254
221;ESGLÉSIA DE LA MARE DE DÉU DEL CARME (PARES CARMELITES);7;0;5;20;;5/20.mp3;"{""coordinates"": [-0.3785824041162072, 39.47922299492331], ""type"": ""Point""}";39.47922299492331, -0.3785824041162072
222;PALAU DE L'ALMIRALL;14;963866200;3;7;;3/7.mp3;"{""coordinates"": [-0.37327721054729085, 39.475199911530595], ""type"": ""Point""}";39.475199911530595, -0.37327721054729085
223;PALAU DE LA MÚSICA;;0;10;72;;10/72.mp3;"{""coordinates"": [-0.36054478155660896, 39.46614657823622], ""type"": ""Point""}";39.46614657823622, -0.36054478155660896
16;REIAL ESGLÉSIA DEL SANTÍSSIM CRIST DEL SALVADOR O ESGLÉSIA DEL SALVADOR;1;963921458;3;0;;;"{""coordinates"": [-0.3738825636970963, 39.477100477286044], ""type"": ""Point""}";39.477100477286044, -0.3738825636970963
34;ESGLÉSIA PARROQUIAL DE LA MARE DEL DÉU DEL PUIG;1;963911736;7;0;;;"{""coordinates"": [-0.38109926095972396, 39.47690706885067], ""type"": ""Point""}";39.47690706885067, -0.38109926095972396
64;MONESTIR DE LA PURITAT (ANTIGA CONFRARIA DE SANT JAUME);4;963913520;3;0;;;"{""coordinates"": [-0.3758618630603213, 39.47695556261521], ""type"": ""Point""}";39.47695556261521, -0.3758618630603213
115;ESGLÉSIA PARROQUIAL DE SANT JOAN DE LA RIBERA;69;963690152;9;0;;;"{""coordinates"": [-0.3537071583917094, 39.46637896663518], ""type"": ""Point""}";39.46637896663518, -0.3537071583917094
173;PALAUET I JARDINS DE MONFORTE;S/N;963525478;8;63;;8/63.mp3;"{""coordinates"": [-0.3654761445611444, 39.47720302818242], ""type"": ""Point""}";39.47720302818242, -0.3654761445611444
174;RECTORAT DE LA UNIVERSITAT DE VALÈNCIA (ANTIGA FACULTAT DE CIÈNCIES);13;0;9;67;;9/67.mp3;"{""coordinates"": [-0.36466765492590547, 39.479478461341515], ""type"": ""Point""}";39.479478461341515, -0.36466765492590547
177;DRASSANES;;963525478;11;76;;11/76.mp3;"{""coordinates"": [-0.33359055103806573, 39.46131408606953], ""type"": ""Point""}";39.46131408606953, -0.33359055103806573
179;CASA MUSEU BLASCO IBÁÑEZ;159;963525478;11;77;;11/77.mp3;"{""coordinates"": [-0.32606432943842883, 39.482734926764124], ""type"": ""Point""}";39.482734926764124, -0.32606432943842883
181;PONT DE LA TRINITAT;;0;3;13;;3/13.mp3;"{""coordinates"": [-0.3726361665852016, 39.479014855449], ""type"": ""Point""}";39.479014855449, -0.3726361665852016
211;EDIFICI DEL PUNT DE GANXO;4;0;8;54;;8/54.mp3;"{""coordinates"": [-0.37430120720198745, 39.475854390014725], ""type"": ""Point""}";39.475854390014725, -0.37430120720198745
3;PALAU DELS QUEIXAL O DELS TRÉNOR;43;0;3;0;;;"{""coordinates"": [-0.37933613199615396, 39.47647471356445], ""type"": ""Point""}";39.47647471356445, -0.37933613199615396
5;PALAU DE MONTORTAL;4;0;5;0;;;"{""coordinates"": [-0.3700983687255801, 39.47446171631874], ""type"": ""Point""}";39.47446171631874, -0.3700983687255801
7;PALAU MUNICIPAL DE L'EXPOSICIÓ;1;963525478;9;0;;;"{""coordinates"": [-0.36266351364064775, 39.47345484111369], ""type"": ""Point""}";39.47345484111369, -0.36266351364064775
8;BANCAIXA - CAIXA D'ESTALVIS DE VALÈNCIA;3;963875500;9;0;;;"{""coordinates"": [-0.37012212972130754, 39.47317215111608], ""type"": ""Point""}";39.47317215111608, -0.37012212972130754
17;REIAL MONESTIR DE LA TRINITAT;13;963605255;3;0;;;"{""coordinates"": [-0.37215494411724137, 39.47985620013994], ""type"": ""Point""}";39.47985620013994, -0.37215494411724137
20;UNIVERSITAT DE VALÈNCIA;2;963864100;4;0;;;"{""coordinates"": [-0.3730859820854088, 39.47200721103887], ""type"": ""Point""}";39.47200721103887, -0.3730859820854088
23;ESGLÉSIA PARROQUIAL DE JESÚS MESTRE;8;963731417;9;0;;;"{""coordinates"": [-0.362836396388384, 39.46174170985962], ""type"": ""Point""}";39.46174170985962, -0.362836396388384
29;ESGLÉSIA PARROQUIAL DEL PATRIARCA SANT JOSEP;153;963304637;9;0;;;"{""coordinates"": [-0.344831843682514, 39.463751714308295], ""type"": ""Point""}";39.463751714308295, -0.344831843682514
31;ESGLÉSIA PARROQUIAL DE LA MARE DE DÉU DE GRÀCIA - LA TORRE;16;963772432;9;0;;;"{""coordinates"": [-0.3911525126151341, 39.43557277393052], ""type"": ""Point""}";39.43557277393052, -0.3911525126151341
69;MUSEU DE LA SETMANA SANTA MARINERA;3;963525478;8;0;;;"{""coordinates"": [-0.33128175520221775, 39.46303569440949], ""type"": ""Point""}";39.46303569440949, -0.33128175520221775
74;ASIL D'ANCIANS DESEMPARATS;1;963479250;8;0;;;"{""coordinates"": [-0.3742967545685616, 39.48185114039868], ""type"": ""Point""}";39.48185114039868, -0.3742967545685616
77;FÀBRICA DE TABAC;11;0;9;0;;;"{""coordinates"": [-0.36163104021061326, 39.47372073475555], ""type"": ""Point""}";39.47372073475555, -0.36163104021061326
78;BIBLIOTECA MUNICIPAL;1;963525478;9;0;;;"{""coordinates"": [-0.4020495759965204, 39.46525294443713], ""type"": ""Point""}";39.46525294443713, -0.4020495759965204
79;CARRER DELS CAVALLERS;14 - 16 y 18;0;3;0;;;"{""coordinates"": [-0.3780614904745287, 39.47663297820952], ""type"": ""Point""}";39.47663297820952, -0.3780614904745287
84;CASA DEL CARRER DELS CAVALLERS, 8 (CANTONADA AMB EL CARRER DELS BORGES);8;0;8;0;;;"{""coordinates"": [-0.377173745045796, 39.4766727604443], ""type"": ""Point""}";39.4766727604443, -0.377173745045796
88;CASA DE MONTOLIU;6;0;6;0;;;"{""coordinates"": [-0.3755855124661028, 39.478004245373114], ""type"": ""Point""}";39.478004245373114, -0.3755855124661028
89;CASA PALAU DELS COMTES D'ALMENARA;10;0;6;0;;;"{""coordinates"": [-0.3726945293606167, 39.47493944715987], ""type"": ""Point""}";39.47493944715987, -0.3726945293606167
90;CASA DE LES SERVES DE MARIA;6;963910167;0;0;;;"{""coordinates"": [-0.3810067135062162, 39.47734415916744], ""type"": ""Point""}";39.47734415916744, -0.3810067135062162
95;EDIFICI D'HABITATGES DONOSO CORTÉS, 7 (CANTONADA AMB LA PLAÇA DE RUSSAFA);7;0;9;0;;;"{""coordinates"": [-0.3705596280337386, 39.46246537673746], ""type"": ""Point""}";39.46246537673746, -0.3705596280337386
96;ERMITA DE SANTA LLÚCIA;15;963920012;7;0;;;"{""coordinates"": [-0.3831805420710788, 39.47060152808316], ""type"": ""Point""}";39.47060152808316, -0.3831805420710788
98;PARRÒQUIA DEL XIQUET JESÚS DE L'HORT (ILLA DEL PALMAR-L'ALBUFERA);14;961620157;8;0;;;"{""coordinates"": [-0.317955071276431, 39.30990005698085], ""type"": ""Point""}";39.30990005698085, -0.317955071276431
99;FONT DE LA PLAÇA DE SANT LLUÍS BERTRAN;;0;9;0;;;"{""coordinates"": [-0.3735560394177723, 39.476504195244196], ""type"": ""Point""}";39.476504195244196, -0.3735560394177723
102;ESGLÉSIA DE LES ESCOLES DE L'AVE MARIA (BENIMÀMET);76;963640633;9;0;;;"{""coordinates"": [-0.42521351059218365, 39.500521691109384], ""type"": ""Point""}";39.500521691109384, -0.42521351059218365
106;ESGLÉSIA DEL CRIST DE L'AGONIA DEL FORN D'ALCEDO;12;963765037;9;0;;;"{""coordinates"": [-0.3768213375369591, 39.43253461436016], ""type"": ""Point""}";39.43253461436016, -0.3768213375369591
108;ESGLÉSIA DEL SAGRAT COR DE JESÚS (COMPANYIA DE JESÚS);10;963918604;7;0;;;"{""coordinates"": [-0.37808901396983885, 39.47477131054383], ""type"": ""Point""}";39.47477131054383, -0.37808901396983885
119;ESGLÉSIA PARROQUIAL DE SANT MIQUEL I SANT SEBASTIÀ;97;963910057;6;0;;;"{""coordinates"": [-0.38729941797813694, 39.47515373380739], ""type"": ""Point""}";39.47515373380739, -0.38729941797813694
120;ESGLÉSIA PARROQUIAL DE SANT PASQUAL BAYLÓN;10;963603907;9;0;;;"{""coordinates"": [-0.3626341652329887, 39.476295262597894], ""type"": ""Point""}";39.476295262597894, -0.3626341652329887
122;ESGLÉSIA PARROQUIAL DE SANTA ANNA (BORBOTÓ);1;963638098;6;0;;;"{""coordinates"": [-0.3904901981425865, 39.51523624532855], ""type"": ""Point""}";39.51523624532855, -0.3904901981425865
33;ESGLÉSIA PARROQUIAL DE LA MARE DE DÉU DELS ÀNGELS (EL CABANYAL);2;963711060;6;0;;;"{""coordinates"": [-0.3319283187148441, 39.47263552373179], ""type"": ""Point""}";39.47263552373179, -0.3319283187148441
124;ESGLÉSIA PARROQUIAL DE LA MARE DE DÉU DEL ROSARI (LEPANT-CASTELLAR);17;963962018;7;0;;;"{""coordinates"": [-0.3634286371567315, 39.42931600090908], ""type"": ""Point""}";39.42931600090908, -0.3634286371567315
126;ESGLÉSIA I COL·LEGI DELS SALESIANS (LA FONTETA DE SANT LLUÍS);10;963343705;9;0;;;"{""coordinates"": [-0.3704065332568732, 39.45318999658599], ""type"": ""Point""}";39.45318999658599, -0.3704065332568732
128;PARRÒQUIA DE L'EPIFANIA DEL SENYOR (CARRERA DE LA FONT D'EN CORTS);38;963338685;9;0;;;"{""coordinates"": [-0.3641627369309903, 39.4574800299907], ""type"": ""Point""}";39.4574800299907, -0.3641627369309903
130;ESGLÉSIA DE SANT PAU (INSTITUT LLUÍS VIVES);4;963510568;5;0;;;"{""coordinates"": [-0.3777646171660325, 39.46840696178313], ""type"": ""Point""}";39.46840696178313, -0.3777646171660325
134;CASA SENYORIAL AL CARRER DE BAIX;48;0;4;0;;;"{""coordinates"": [-0.3787201820390012, 39.47824383040734], ""type"": ""Point""}";39.47824383040734, -0.3787201820390012
136;CENTRE CULTURAL FUNDACIÓ BANCAIXA;23;963875864;8;0;;;"{""coordinates"": [-0.3701159742215172, 39.47375393785749], ""type"": ""Point""}";39.47375393785749, -0.3701159742215172
137;COL·LEGIATA DE SANT BERTOMEU APÒSTOL;60;963337042;5;0;;;"{""coordinates"": [-0.3660885721657188, 39.46317138603976], ""type"": ""Point""}";39.46317138603976, -0.3660885721657188
138;COL·LEGI DEL SAGRAT COR DE JESÚS;5;963910512;7;0;;;"{""coordinates"": [-0.3748182962418988, 39.478511186513245], ""type"": ""Point""}";39.478511186513245, -0.3748182962418988
144;DELEGACIÓ DEL MINISTERI D'ECONOMIA I HISENDA;4;963509404;9;0;;;"{""coordinates"": [-0.3809069214749218, 39.4687479183245], ""type"": ""Point""}";39.4687479183245, -0.3809069214749218
146;TORRES DELS SERRANS;S/N;963919070;3;4;Torres;3/4.mp3;"{""coordinates"": [-0.3760127467498792, 39.47918124745138], ""type"": ""Point""}";39.47918124745138, -0.3760127467498792
149;L'ALMOINA. CENTRE ARQUEOLÒGIC;S/N;962084173;1;2;;1/2.mp3;"{""coordinates"": [-0.3744480446264623, 39.47624093884459], ""type"": ""Point""}";39.47624093884459, -0.3744480446264623
150;CASA VESTUARI;1;0;6;37;;6/37.mp3;"{""coordinates"": [-0.37540084585788114, 39.475994586095], ""type"": ""Point""}";39.475994586095, -0.37540084585788114
36;ESGLÉSIA PARROQUIAL DE LA MARE DE DÉU DEL ROSARI (CANYAMELAR);4;963672360;6;0;;;"{""coordinates"": [-0.3317576631056562, 39.46325532226781], ""type"": ""Point""}";39.46325532226781, -0.3317576631056562
40;ESGLÉSIA PARROQUIAL DE LA MARE DE DÉU (MONTOLIVET);6;963746542;6;0;;;"{""coordinates"": [-0.3592696892031955, 39.45923203096975], ""type"": ""Point""}";39.45923203096975, -0.3592696892031955
44;ESGLÉSIA PARROQUIAL DE SANT ANTONI DE PÀDUA;6;963822708;9;0;;;"{""coordinates"": [-0.3897475038644872, 39.47558523183114], ""type"": ""Point""}";39.47558523183114, -0.3897475038644872
49;PALAU DE LA BATLIA O PALAU DELS JÀUDENES;4;0;3;0;;;"{""coordinates"": [-0.376685435627013, 39.47702118604527], ""type"": ""Point""}";39.47702118604527, -0.376685435627013
52;CASA CARRER DEL PORTAL DE LA VALLDIGNA, 12;12;0;0;0;;;"{""coordinates"": [-0.3785526552560779, 39.47756043083819], ""type"": ""Point""}";39.47756043083819, -0.3785526552560779
53;PALAU DEL MARQUÉS DE CARO;14;0;7;0;;;"{""coordinates"": [-0.3720139877949868, 39.475894839280286], ""type"": ""Point""}";39.475894839280286, -0.3720139877949868
56;PALAU DELS COMTES D'ALMANSA;8, 10;0;6;0;;;"{""coordinates"": [-0.3726945293606167, 39.47493944715987], ""type"": ""Point""}";39.47493944715987, -0.3726945293606167
60;INSTITUT D'EDUCACIÓ SECUNDÀRIA SOROLLA;2;963720016;9;0;;;"{""coordinates"": [-0.33881188444788674, 39.46754556102673], ""type"": ""Point""}";39.46754556102673, -0.33881188444788674
187;PRESÓ DE SANT VICENT MÀRTIR;;0;1;1;;1/1.mp3;"{""coordinates"": [-0.3741293604240174, 39.47578744548076], ""type"": ""Point""}";39.47578744548076, -0.3741293604240174
193;PALAU DELS COMTES D'ALPONT;28;0;5;22;;5/22.mp3;"{""coordinates"": [-0.37859305875692917, 39.47671704281151], ""type"": ""Point""}";39.47671704281151, -0.37859305875692917
200;ESGLÉSIA PARROQUIAL DE SANT MARTÍ;2;963522952;6;36;;6/36.mp3;"{""coordinates"": [-0.3758764395209515, 39.473223386761184], ""type"": ""Point""}";39.473223386761184, -0.3758764395209515
204;PALAU DELS PESCARA;;0;7;44;;7/44.mp3;"{""coordinates"": [-0.37214779273978066, 39.47130133147009], ""type"": ""Point""}";39.47130133147009, -0.37214779273978066
205;TEATRE PRINCIPAL;15;963539200;7;45;;7/45.mp3;"{""coordinates"": [-0.3744764305268653, 39.47057922098156], ""type"": ""Point""}";39.47057922098156, -0.3744764305268653
207;ASIL DEL MARQUÉS DE CAMPO;36;963910530;7;48;;7/48.mp3;"{""coordinates"": [-0.3825891809375533, 39.47833861952678], ""type"": ""Point""}";39.47833861952678, -0.3825891809375533
208;BENEFICÈNCIA;36;963883565;7;49;;7/49.mp3;"{""coordinates"": [-0.3832936437279282, 39.478462591212164], ""type"": ""Point""}";39.478462591212164, -0.3832936437279282
214;PORT COPA DE L'AMÈRICA;;0;11;78;;11/78.mp3;"{""coordinates"": [-0.32427811659355055, 39.46102606302019], ""type"": ""Point""}";39.46102606302019, -0.32427811659355055
155;ESTACIÓ DEL TRENET - ESTACIÓ DEL PONT DE FUSTA;;0;8;64;;8/64.mp3;"{""coordinates"": [-0.3735912899638117, 39.48112647775223], ""type"": ""Point""}";39.48112647775223, -0.3735912899638117
159;ASIL DE LACTÀNCIA;;0;8;62;;8/62.mp3;"{""coordinates"": [-0.3619951132217247, 39.47349429001613], ""type"": ""Point""}";39.47349429001613, -0.3619951132217247
161;TORRES DE QUART;1;0;3;11;;3/11.mp3;"{""coordinates"": [-0.3839431577365817, 39.47571153086644], ""type"": ""Point""}";39.47571153086644, -0.3839431577365817
164;REIAL CONVENT DE SANT DOMÉNEC;22;961963000;3;14;;3/14.mp3;"{""coordinates"": [-0.36960829191515737, 39.47441302344482], ""type"": ""Point""}";39.47441302344482, -0.36960829191515737
165;PORTA DELS JUEUS;S/N;0;3;15;;3/15.mp3;"{""coordinates"": [-0.3707045269624461, 39.470240197605584], ""type"": ""Point""}";39.470240197605584, -0.3707045269624461
168;CASA DELS DRACS;6;0;8;60;;8/60.mp3;"{""coordinates"": [-0.3698992162165883, 39.47019076801601], ""type"": ""Point""}";39.47019076801601, -0.3698992162165883
218;MERCAT CENTRAL;6;963525478;8;56;;8/56.mp3;"{""coordinates"": [-0.37890918469906676, 39.4735621028774], ""type"": ""Point""}";39.4735621028774, -0.37890918469906676
220;ESGLÉSIA DE SANT JOAN DEL MERCAT;S/N;963916354;5;24;;5/24.mp3;"{""coordinates"": [-0.37913798910635155, 39.47427895557461], ""type"": ""Point""}";39.47427895557461, -0.37913798910635155
1;PALAU DELS MARQUESOS DE MALFERIT O DELS COMTES DE BRIZUELA;22;0;5;0;;;"{""coordinates"": [-0.37814872792499166, 39.47670890868035], ""type"": ""Point""}";39.47670890868035, -0.37814872792499166
32;ESGLÉSIA PARROQUIAL DE LA MARE DE DÉU DE LA BONA GUIA;235;963712705;9;0;;;"{""coordinates"": [-0.3257006285868253, 39.47366382320127], ""type"": ""Point""}";39.47366382320127, -0.3257006285868253
61;INSTITUT VALENCIÀ D'ONCOLOGIA - IVO;9 y 19;961114000;9;0;;;"{""coordinates"": [-0.39007056464881884, 39.481653667565745], ""type"": ""Point""}";39.481653667565745, -0.39007056464881884
93;EDIFICI D'HABITATGES - CASA FERRER;29;0;9;0;;;"{""coordinates"": [-0.37223152534567905, 39.46709532497729], ""type"": ""Point""}";39.46709532497729, -0.37223152534567905
180;ANTIC MONESTIR DE SANT MIQUEL DELS REIS;284;963874000;4;18;;4/18.mp3;"{""coordinates"": [-0.3697504768190423, 39.4994354225895], ""type"": ""Point""}";39.4994354225895, -0.3697504768190423
224;CIUTAT DE LES ARTS I LES CIÈNCIES;;0;10;73;;10/73.mp3;"{""coordinates"": [-0.35311915235140556, 39.456302251567145], ""type"": ""Point""}";39.456302251567145, -0.35311915235140556
