"id";"X.id";"access";"addr.city";"addr.city.ca";"addr.city.es";"addr.housenumber";"addr.postcode";"addr.street";"addr.street.ca";"addr.street.es";"alt_name";"alt_name.ca";"alt_name.es";"amenity";"building";"building.levels";"capacity.persons";"check_date";"contact.email";"contact.phone";"contact.website";"description";"education";"email";"fee";"leisure";"level";"name";"name.ca";"name.es";"name.etymology.wikidata";"nohousenumber";"note";"old_name";"opening_hours";"operator";"operator.type";"payment.cash";"payment.credit_cards";"payment.debit_cards";"phone";"ref";"short_name";"source";"sport";"type";"website";"wikidata";"wikipedia";"longitud";"latitud"
"relation/17075724";"relation/17075724";NA;NA;NA;NA;NA;NA;NA;NA;NA;NA;NA;NA;NA;"yes;university";NA;NA;NA;NA;NA;NA;NA;NA;NA;NA;"sports_centre";NA;"Pavelló Poliesportiu";"Pavelló Poliesportiu";"Pabellón Polideportivo";NA;NA;NA;NA;NA;NA;NA;NA;NA;NA;NA;NA;NA;NA;NA;"multipolygon";NA;NA;NA;-0,358565418782447;39,4794859707483
"way/10531147";"way/10531147";NA;NA;NA;NA;NA;NA;NA;NA;NA;NA;NA;NA;"university";NA;NA;NA;NA;NA;NA;NA;NA;"university";NA;NA;"sports_centre";NA;"Campus esportiu de la Universitat de València";"Campus esportiu de la Universitat de València";"Campus deportivo de la Universidad de Valencia";NA;NA;NA;NA;NA;"Universitat de València";"public";NA;NA;NA;NA;NA;NA;NA;NA;NA;NA;NA;NA;-0,359536378570789;39,4799524206351
"way/17037818";"way/17037818";NA;NA;NA;NA;NA;NA;"Carrer de Daniel Balaciart";NA;NA;NA;NA;NA;NA;NA;NA;NA;NA;NA;NA;NA;NA;NA;NA;NA;"sports_centre";NA;"Poliesportiu Benimaclet";"Poliesportiu Benimaclet";NA;NA;NA;NA;NA;NA;NA;NA;NA;NA;NA;NA;NA;NA;NA;NA;NA;NA;NA;NA;-0,35436782320078;39,4808205940101
"way/23389289";"way/23389289";NA;"València";NA;NA;NA;"46022";"Camí de Vera";NA;NA;"Pavelló Poliesportiu";"Pavelló Poliesportiu";"Pabellón Polideportivo";NA;"yes";NA;NA;NA;NA;NA;NA;NA;NA;NA;NA;"sports_centre";NA;"6A";"6A";NA;NA;NA;NA;NA;NA;"Universitat Politècnica de València";NA;NA;NA;NA;NA;NA;NA;NA;NA;NA;NA;NA;NA;-0,341253473163741;39,4792740573073
"way/23389317";"way/23389317";NA;NA;NA;NA;NA;NA;NA;NA;NA;NA;NA;NA;NA;"yes";NA;NA;NA;NA;NA;NA;NA;NA;NA;NA;"sports_centre";NA;"Trinquet Politècnic El Genovés - 9A";"Trinquet Politècnic El Genovés - 9A";NA;NA;NA;NA;NA;NA;NA;NA;NA;NA;NA;NA;"9A";NA;NA;"pelota";NA;NA;NA;NA;-0,336082929225263;39,4797972299719
"way/23396728";"way/23396728";NA;"València";"València";"Valencia";"1";"46022";"Carrer del Campillo de Altobuey";NA;NA;NA;NA;NA;NA;NA;NA;NA;NA;NA;NA;NA;NA;NA;NA;"yes";"sports_centre";NA;"Poliesportiu Verge del Carme - Beteró";NA;NA;NA;NA;NA;NA;"Mo-Fr 08:00-00:00; Sa 08:00-22:00; Su 09:00-14:00,16:00-20:00; PH 09:00-14:00,16:00-20:00";NA;NA;NA;NA;NA;"+34 96 338 90 86";NA;NA;NA;"multi;field_hockey;padel;soccer;skateboard";NA;"https://fhcv.es/betero/";NA;NA;-0,337043079213693;39,4752599970337
"way/23437456";"way/23437456";NA;NA;NA;NA;NA;NA;NA;NA;NA;NA;NA;NA;NA;NA;NA;NA;NA;NA;NA;NA;NA;NA;NA;NA;"sports_centre";NA;"Poliesportiu Montolivet";"Poliesportiu Montolivet";"Polideportivo Monteolivete";NA;NA;NA;NA;NA;NA;NA;NA;NA;NA;NA;NA;NA;NA;"tennis";NA;NA;NA;NA;-0,359501661339341;39,4558731173167
"way/23455764";"way/23455764";NA;NA;NA;NA;NA;NA;NA;NA;NA;NA;NA;NA;NA;"yes";"1";"1200";NA;NA;NA;NA;NA;NA;NA;NA;"sports_centre";NA;"Poliesportiu Municipal Cabanyal - Canyamelar";"Poliesportiu Municipal Cabanyal - Canyamelar";"Polideportivo Municipal Cabañal - Cañamelar";NA;NA;NA;NA;NA;NA;NA;NA;NA;NA;NA;NA;NA;NA;NA;NA;"https://www.fdmvalencia.es/instalaciones/poliesportiu-el-cabanyal/";NA;NA;-0,334733011366764;39,4664835736238
"way/23502225";"way/23502225";NA;NA;NA;NA;NA;NA;NA;NA;NA;NA;NA;NA;NA;NA;NA;NA;NA;NA;NA;NA;NA;NA;NA;NA;"sports_centre";NA;NA;NA;NA;NA;NA;NA;NA;NA;NA;NA;NA;NA;NA;NA;NA;NA;NA;"athletics";NA;NA;NA;NA;-0,327632054865458;39,4644380750944
"way/23502235";"way/23502235";NA;NA;NA;NA;NA;NA;NA;NA;NA;NA;NA;NA;NA;NA;NA;NA;NA;NA;NA;NA;NA;NA;NA;NA;"sports_centre";NA;"Poliesportiu Doctor Lluch";NA;NA;NA;NA;NA;NA;NA;NA;NA;NA;NA;NA;NA;NA;NA;NA;NA;NA;NA;NA;NA;-0,327658724599365;39,4681209040184
"way/23575218";"way/23575218";NA;NA;NA;NA;NA;NA;NA;NA;NA;NA;NA;NA;NA;NA;NA;NA;NA;NA;NA;NA;NA;NA;NA;NA;"sports_centre";NA;"L'Alqueria del Basket";NA;NA;NA;NA;NA;NA;NA;NA;NA;NA;NA;NA;NA;NA;NA;NA;"basketball";NA;NA;NA;NA;-0,364943901281753;39,4508096842415
"way/23576271";"way/23576271";NA;NA;NA;NA;NA;NA;NA;NA;NA;NA;NA;NA;NA;NA;NA;NA;NA;NA;NA;NA;NA;NA;NA;NA;"sports_centre";NA;"Poliesportiu La Rambleta";"Poliesportiu La Rambleta";NA;NA;NA;NA;NA;NA;NA;NA;NA;NA;NA;NA;NA;NA;NA;"multi";NA;NA;NA;NA;-0,395313343766353;39,4436586010522
"way/23793809";"way/23793809";NA;NA;NA;NA;NA;NA;NA;NA;NA;NA;NA;NA;NA;"yes";"2";NA;NA;NA;NA;NA;NA;NA;NA;NA;"sports_centre";NA;"Complejo Deportivo Orriols";NA;NA;NA;NA;NA;NA;NA;NA;NA;NA;NA;NA;NA;NA;NA;NA;NA;NA;NA;NA;NA;-0,366397270109249;39,4935306307177
"way/32935382";"way/32935382";"private";NA;NA;NA;NA;NA;NA;NA;NA;NA;NA;NA;NA;NA;NA;NA;NA;NA;NA;NA;NA;NA;NA;NA;"sports_centre";NA;"Club de Tenis Valencia";NA;NA;NA;NA;NA;NA;NA;NA;NA;NA;NA;NA;NA;NA;NA;NA;NA;NA;NA;NA;NA;-0,365129049360745;39,4839631439122
"way/118695392";"way/118695392";NA;NA;NA;NA;NA;NA;"Avinguda de França";NA;NA;NA;NA;NA;NA;NA;NA;NA;NA;NA;NA;NA;NA;NA;NA;NA;"sports_centre";NA;"Poliesportiu Juan Antonio Samaranch";"Poliesportiu Juan Antonio Samaranch";"Polideportivo Juan Antonio Samaranch";"Q171166";NA;NA;NA;NA;NA;NA;NA;NA;NA;"+34 963289140";NA;NA;"http://www.deportevalencia.com/instalaciones/poliesportiu-juan-antonio-samaranch/";"swimming;tennis;padel";NA;NA;"Q107277446";NA;-0,342032210271944;39,4570705383918
"way/118695434";"way/118695434";NA;NA;NA;NA;NA;NA;NA;NA;NA;NA;NA;NA;NA;NA;NA;NA;NA;NA;NA;NA;NA;NA;NA;NA;"sports_centre";NA;"Polideportivo de Quatre Carreres";NA;NA;NA;NA;NA;NA;NA;NA;NA;NA;NA;NA;NA;NA;NA;NA;NA;NA;NA;NA;NA;-0,362408533760017;39,4518402482891
"way/131157610";"way/131157610";"private";NA;NA;NA;"6";"46009";"Plaza del Padre Domenech";NA;NA;NA;NA;NA;NA;"sports_centre";NA;NA;NA;NA;NA;NA;NA;NA;NA;NA;"sports_centre";NA;"Gimnasio Universitario";NA;NA;NA;NA;NA;NA;NA;"Universidad Catolica de Valencia";"university";NA;NA;NA;NA;NA;NA;"Catastro";NA;NA;NA;NA;NA;-0,393024178687283;39,4799644680363
"way/144808943";"way/144808943";NA;NA;NA;NA;NA;NA;NA;NA;NA;NA;NA;NA;NA;NA;NA;NA;NA;NA;NA;NA;NA;NA;NA;NA;"sports_centre";NA;"Poliesportiu Municipal de Beniferri";"Poliesportiu Municipal de Beniferri";"Polideportivo Municipal de Beniferri";NA;NA;NA;NA;NA;NA;NA;NA;NA;NA;NA;NA;NA;NA;NA;NA;NA;NA;NA;-0,407928922536239;39,4931758561798
"way/144840960";"way/144840960";NA;NA;NA;NA;NA;NA;NA;NA;NA;NA;NA;NA;NA;NA;NA;NA;NA;NA;NA;NA;NA;NA;NA;NA;"sports_centre";NA;"Polideportivo Escuelas de San José";NA;NA;NA;NA;NA;NA;NA;NA;NA;NA;NA;NA;NA;NA;NA;NA;NA;NA;NA;NA;NA;-0,401503724918945;39,4871677448826
"way/148593015";"way/148593015";NA;NA;NA;NA;"42";NA;"Paseo de la Pechina";NA;NA;NA;NA;NA;NA;NA;NA;NA;NA;NA;NA;NA;NA;NA;NA;NA;"sports_centre";NA;"Complex Esportiu-Cultural Petxina";"Complex Esportiu-Cultural Petxina";NA;NA;NA;"Recogida de comida y ropa para los afectados por la DANA";NA;NA;NA;NA;NA;NA;NA;NA;NA;NA;NA;NA;NA;NA;NA;NA;-0,394372504572512;39,4752763110759
"way/150277198";"way/150277198";NA;"València";NA;NA;"21";NA;"Passeig de l'Albereda";NA;NA;NA;NA;NA;NA;"yes";NA;NA;NA;NA;NA;NA;NA;NA;NA;NA;"sports_centre";NA;"Suma Fitness Club Piscina Valencia";NA;NA;NA;NA;NA;"Piscina Valencia";NA;NA;NA;NA;NA;NA;NA;NA;NA;NA;"swimming";NA;NA;NA;NA;-0,362675811441613;39,4728328659118
"way/150631189";"way/150631189";NA;NA;NA;NA;NA;NA;NA;NA;NA;NA;NA;NA;NA;NA;NA;NA;NA;NA;NA;NA;NA;NA;NA;NA;"sports_centre";NA;"Poliesportiu de Natzaret";"Poliesportiu de Natzaret";"Polideportivo de Nazaret";NA;NA;NA;NA;NA;NA;NA;NA;NA;NA;NA;NA;NA;NA;NA;NA;NA;NA;NA;-0,331320613831943;39,4507652847061
"way/156164356";"way/156164356";NA;NA;NA;NA;NA;NA;NA;NA;NA;NA;NA;NA;NA;NA;NA;NA;NA;NA;NA;NA;NA;NA;NA;NA;"sports_centre";NA;"Sporting Tenis Valencia";NA;NA;NA;NA;NA;NA;NA;NA;NA;NA;NA;NA;NA;NA;NA;NA;NA;NA;NA;NA;NA;-0,355112090865767;39,4637320600719
"way/165839383";"way/165839383";NA;NA;NA;NA;NA;NA;NA;NA;NA;NA;NA;NA;NA;NA;NA;NA;NA;NA;NA;NA;NA;NA;NA;NA;"sports_centre";NA;"Real Club Náutico de Valencia";NA;NA;NA;NA;NA;NA;NA;NA;NA;NA;NA;NA;NA;NA;NA;NA;NA;NA;NA;NA;NA;-0,327211796697573;39,4268614924246
"way/168966810";"way/168966810";NA;NA;NA;NA;NA;NA;NA;NA;NA;NA;NA;NA;NA;NA;NA;NA;NA;NA;NA;NA;NA;NA;NA;NA;"sports_centre";NA;"Club Valenciano de Natación";NA;NA;NA;NA;NA;NA;NA;NA;NA;NA;NA;NA;NA;NA;NA;NA;NA;NA;NA;NA;NA;-0,379082407541984;39,5133434351895
"way/187681324";"way/187681324";NA;NA;NA;NA;NA;NA;NA;NA;NA;NA;NA;NA;NA;NA;NA;NA;NA;NA;NA;NA;NA;NA;NA;NA;"sports_centre";NA;"Camp de les Fonts";NA;NA;NA;NA;NA;NA;NA;"Sporting de Benimaclet";NA;NA;NA;NA;NA;NA;NA;NA;"soccer";NA;"https://www.sportingbenimaclet.com/";NA;NA;-0,353405951208382;39,4850554907137
"way/197668230";"way/197668230";NA;NA;NA;NA;NA;"46026";NA;NA;NA;NA;NA;NA;NA;NA;NA;NA;NA;NA;NA;NA;NA;NA;NA;NA;"sports_centre";NA;"Poliesportiu Malilla";"Poliesportiu Malilla";"Polideportivo Malilla";NA;NA;NA;NA;"Mo-Fr 07:00-22:00; Sa 09:00-21:00; Su 09:00-13:00";"Ajuntament de València";NA;NA;NA;NA;NA;NA;NA;NA;"gymnastics;padel";NA;NA;NA;NA;-0,374337376491451;39,4513740362834
"way/222487982";"way/222487982";NA;NA;NA;NA;NA;NA;NA;NA;NA;NA;NA;NA;NA;NA;NA;NA;NA;NA;NA;NA;NA;NA;NA;NA;"sports_centre";NA;"Polideportivo Municipal Ricardo Ten";NA;NA;NA;NA;NA;NA;NA;NA;NA;NA;NA;NA;NA;NA;NA;NA;NA;NA;NA;NA;NA;-0,426766069834615;39,4985215659964
"way/237820291";"way/237820291";NA;NA;NA;NA;NA;NA;NA;NA;NA;NA;NA;NA;NA;NA;NA;NA;NA;NA;NA;NA;NA;NA;NA;NA;"sports_centre";NA;"Instalación Deportiva Elemental";NA;NA;NA;NA;NA;NA;NA;NA;NA;NA;NA;NA;NA;NA;NA;NA;"multi";NA;NA;NA;NA;-0,317380358808536;39,3133144928026
"way/249829977";"way/249829977";NA;"València";NA;NA;NA;"46015";"Carrer de la Reina Violant";NA;NA;NA;NA;NA;NA;NA;NA;NA;NA;NA;NA;NA;NA;NA;NA;"no";"sports_centre";NA;NA;NA;NA;NA;NA;NA;NA;"Mo-Su 09:00-22:00";NA;NA;NA;NA;NA;NA;NA;NA;NA;"futbol;baloncesto;pilota;patinaje;skateboard;scooter;gimnasia;ping_pong";NA;NA;NA;NA;-0,402838971544284;39,4872857748192
"way/256964046";"way/256964046";NA;NA;NA;NA;NA;NA;NA;NA;NA;NA;NA;NA;NA;"yes";"1";NA;NA;NA;NA;NA;NA;NA;NA;NA;"sports_centre";NA;NA;NA;NA;NA;NA;NA;NA;NA;NA;NA;NA;NA;NA;NA;NA;NA;NA;NA;NA;NA;NA;NA;-0,398513268365593;39,4566646597078
"way/262606109";"way/262606109";NA;"València";NA;NA;"76";"46025";"Camí de Montcada";NA;NA;NA;NA;NA;NA;"yes";NA;NA;NA;NA;NA;NA;NA;NA;NA;NA;"sports_centre";NA;"Complex Esportiu Torrefiel";NA;NA;NA;NA;NA;NA;NA;NA;NA;NA;NA;NA;"+34 963662211";NA;NA;NA;NA;NA;NA;NA;NA;-0,379440617298384;39,4935728148573
"way/317171352";"way/317171352";NA;NA;NA;NA;NA;NA;NA;NA;NA;NA;NA;NA;NA;"yes";NA;NA;NA;NA;NA;NA;NA;NA;NA;NA;"sports_centre";NA;"Piscina de Ayora";NA;NA;NA;NA;NA;NA;NA;NA;NA;NA;NA;NA;NA;NA;NA;NA;NA;NA;NA;NA;NA;-0,343489546946092;39,4667195810466
"way/367677076";"way/367677076";NA;NA;NA;NA;NA;NA;NA;NA;NA;NA;NA;NA;NA;NA;NA;NA;NA;NA;NA;NA;NA;NA;NA;NA;"sports_centre";NA;"Club Deportivo Zafranar";NA;NA;NA;NA;NA;NA;NA;NA;NA;NA;NA;NA;NA;NA;NA;NA;NA;NA;NA;NA;NA;-0,400015965574791;39,452038630191
"way/415113768";"way/415113768";NA;NA;NA;NA;NA;NA;NA;NA;NA;NA;NA;NA;NA;NA;NA;NA;NA;NA;NA;NA;NA;NA;NA;NA;"sports_centre";NA;"Poliesportiu El Carme";NA;NA;NA;NA;NA;NA;NA;NA;NA;NA;NA;NA;NA;NA;NA;NA;"swimming;multi";NA;NA;NA;NA;-0,380858572590604;39,478816301795
"way/499561852";"way/499561852";NA;NA;NA;NA;NA;NA;NA;NA;NA;NA;NA;NA;NA;"public";"2";NA;NA;NA;NA;NA;NA;NA;NA;NA;"sports_centre";NA;NA;NA;NA;NA;NA;NA;NA;NA;NA;NA;NA;NA;NA;NA;NA;NA;NA;NA;NA;NA;NA;NA;-0,394901214921174;39,4750855947517
"way/546687106";"way/546687106";NA;NA;NA;NA;NA;NA;NA;NA;NA;NA;NA;NA;NA;"yes";NA;NA;NA;NA;NA;NA;NA;NA;NA;NA;"sports_centre";NA;"Pavelló Municipal Fuensanta";NA;NA;"Q11687662";NA;NA;NA;NA;NA;NA;NA;NA;NA;NA;NA;NA;NA;NA;NA;NA;NA;NA;-0,407846350881477;39,4654032145753
"way/556838678";"way/556838678";NA;NA;NA;NA;NA;NA;NA;NA;NA;NA;NA;NA;NA;"yes";NA;NA;NA;NA;NA;NA;NA;NA;NA;NA;"sports_centre";NA;NA;NA;NA;NA;NA;NA;NA;NA;NA;NA;NA;NA;NA;NA;NA;NA;NA;NA;NA;NA;NA;NA;-0,372603159800403;39,4902795800033
"way/556838686";"way/556838686";NA;NA;NA;NA;NA;NA;NA;NA;NA;NA;NA;NA;NA;"yes";NA;NA;NA;NA;NA;NA;NA;NA;NA;NA;"sports_centre";NA;NA;NA;NA;NA;NA;NA;NA;NA;NA;NA;NA;NA;NA;NA;NA;NA;NA;NA;NA;NA;NA;NA;-0,372604259101708;39,4907585297491
"way/556838687";"way/556838687";NA;NA;NA;NA;NA;NA;NA;NA;NA;NA;NA;NA;NA;"yes";NA;NA;NA;NA;NA;NA;NA;NA;NA;NA;"sports_centre";NA;NA;NA;NA;NA;NA;NA;NA;NA;NA;NA;NA;NA;NA;NA;NA;NA;NA;NA;NA;NA;NA;NA;-0,372934157596656;39,4910666285131
"way/641968185";"way/641968185";NA;NA;NA;NA;NA;NA;NA;NA;NA;NA;NA;NA;NA;NA;NA;NA;NA;NA;NA;NA;NA;NA;NA;"yes";"sports_centre";NA;"Pavelló Benicalap";"Pavelló Benicalap";"Pabellón Benicalap";NA;NA;NA;NA;NA;NA;NA;NA;NA;NA;"+34 962 056 085";NA;NA;NA;"multi";NA;"https://www.fdmvalencia.es/instalaciones/pavello-benicalap/";NA;NA;-0,385961356821287;39,493045482368
"way/690587596";"way/690587596";NA;NA;NA;NA;NA;NA;NA;NA;NA;NA;NA;NA;NA;NA;NA;NA;NA;NA;NA;NA;NA;NA;NA;NA;"sports_centre";NA;NA;NA;NA;NA;NA;NA;NA;NA;NA;NA;NA;NA;NA;NA;NA;NA;NA;"multi";NA;NA;NA;NA;-0,33975307914618;39,4771494912732
"way/753709158";"way/753709158";NA;NA;NA;NA;NA;NA;NA;NA;NA;NA;NA;NA;NA;NA;NA;NA;NA;NA;NA;NA;NA;NA;NA;NA;"sports_centre";NA;"Camp de Futbol Malilla";"Camp de Futbol Malilla";NA;NA;NA;NA;NA;NA;NA;NA;NA;NA;NA;NA;NA;NA;NA;"soccer";NA;NA;NA;NA;-0,373988268839282;39,4508785597649
"way/753709160";"way/753709160";NA;NA;NA;NA;NA;NA;NA;NA;NA;NA;NA;NA;NA;NA;NA;NA;NA;NA;NA;NA;NA;NA;NA;NA;"sports_centre";NA;"Camp de Futbol Malilla";NA;NA;NA;NA;NA;NA;NA;NA;NA;NA;NA;NA;NA;NA;NA;NA;"soccer";NA;NA;NA;NA;-0,375108053843649;39,4495741809366
"way/815857718";"way/815857718";NA;NA;NA;NA;NA;NA;NA;NA;NA;NA;NA;NA;NA;NA;NA;NA;NA;NA;NA;NA;NA;NA;NA;"no";"sports_centre";NA;NA;NA;NA;NA;NA;NA;NA;NA;NA;NA;NA;NA;NA;NA;NA;NA;NA;"climbing";NA;NA;NA;NA;-0,378334841330028;39,4568934066072
"way/815857719";"way/815857719";NA;NA;NA;NA;NA;NA;NA;NA;NA;NA;NA;NA;NA;NA;NA;NA;NA;NA;NA;NA;NA;NA;NA;"no";"sports_centre";NA;NA;NA;NA;NA;NA;NA;NA;NA;NA;NA;NA;NA;NA;NA;NA;NA;NA;"climbing";NA;NA;NA;NA;-0,378285239251848;39,4569984507211
"way/895934827";"way/895934827";NA;"València";NA;NA;"6";"46014";"Carrer dels Campaners";NA;NA;NA;NA;NA;NA;"yes";"1";NA;NA;NA;NA;NA;NA;NA;NA;NA;"sports_centre";NA;"Natural Climb";NA;NA;NA;NA;NA;NA;NA;NA;NA;NA;NA;NA;NA;NA;NA;NA;"climbing";NA;NA;NA;NA;-0,397685189787569;39,4560775323516
"way/905761023";"way/905761023";NA;NA;NA;NA;NA;NA;NA;NA;NA;NA;NA;NA;NA;NA;NA;NA;NA;NA;NA;NA;NA;NA;NA;NA;"sports_centre";NA;"Poliesportiu Astúries";"Poliesportiu Astúries";NA;NA;NA;NA;NA;NA;NA;NA;NA;NA;NA;NA;NA;NA;NA;NA;NA;NA;NA;NA;-0,356406639355603;39,4647410540346
"way/1018563301";"way/1018563301";NA;"València";NA;"Valencia";"6";"46014";"Carrer dels Llanterners";NA;NA;NA;NA;NA;NA;NA;NA;NA;NA;"info@7padel.com";"+34 615 07 10 10";NA;"Partidas y clases de pádel";NA;NA;"yes";"sports_centre";NA;"7Padel";NA;NA;NA;NA;NA;NA;NA;"7Padel";NA;"yes";"yes";"yes";NA;NA;NA;NA;"padel";NA;NA;NA;NA;-0,408733417310546;39,4611244092975
"way/1018568554";"way/1018568554";NA;"València";NA;"Valencia";NA;NA;"Carrer de Vicent la Roda";NA;"Calle de Vicente la Roda";NA;NA;NA;NA;NA;NA;NA;NA;NA;NA;NA;NA;NA;NA;NA;"sports_centre";NA;"Valencia Tennis Center";NA;NA;NA;NA;NA;NA;NA;NA;NA;NA;NA;NA;NA;NA;"VTC";NA;"padel;tennis";NA;"https://www.cmvalenciatenniscenter.com/";NA;NA;-0,330224453230493;39,4807146858976
"way/1098289359";"way/1098289359";NA;NA;NA;NA;NA;NA;NA;NA;NA;NA;NA;NA;NA;NA;NA;NA;NA;NA;NA;NA;NA;NA;NA;NA;"sports_centre";NA;"Poliesportiu de Marxalenes-Saïdia";"Poliesportiu de Marxalenes-Saïdia";NA;NA;NA;NA;NA;NA;NA;NA;NA;NA;NA;NA;NA;NA;NA;NA;NA;NA;NA;NA;-0,381258920106064;39,4882522935783
"way/1112410377";"way/1112410377";"yes";NA;NA;NA;NA;NA;NA;NA;NA;NA;NA;NA;NA;NA;NA;NA;NA;NA;NA;NA;NA;NA;NA;NA;"sports_centre";NA;"Piscina de Benicalap";"Piscina de Benicalap";NA;NA;NA;NA;NA;NA;NA;NA;NA;NA;NA;NA;NA;NA;NA;"swimming";NA;NA;NA;NA;-0,396370068589823;39,4968841770507
"way/1117766254";"way/1117766254";NA;NA;NA;NA;NA;NA;NA;NA;NA;NA;NA;NA;NA;NA;NA;NA;NA;NA;NA;NA;NA;NA;NA;NA;"sports_centre";NA;"Complex Esportiu Orriols";"Complex Esportiu Orriols";NA;NA;NA;NA;NA;NA;NA;NA;NA;NA;NA;NA;NA;NA;NA;NA;NA;NA;NA;NA;-0,366287921665109;39,4932872125064
"way/1119835786";"way/1119835786";NA;NA;NA;NA;"12";"46026";"Carrer del Periodista Matoses";NA;NA;NA;NA;NA;NA;NA;NA;NA;NA;NA;NA;NA;NA;NA;NA;NA;"sports_centre";NA;"Piscina l'Oliveral";"Piscina l'Oliveral";NA;NA;NA;NA;NA;NA;NA;NA;NA;NA;NA;NA;NA;NA;NA;"swimming";NA;NA;NA;NA;-0,365242479436525;39,4235866427563
"way/1169365895";"way/1169365895";NA;NA;NA;NA;NA;NA;NA;NA;NA;NA;NA;NA;NA;NA;NA;NA;NA;NA;NA;NA;NA;NA;NA;NA;"sports_centre";NA;"Complex Esportiu-Cultural d'Abastos";NA;NA;NA;NA;NA;NA;NA;"Fundació Esportiva Municipal de València";"public";NA;NA;NA;NA;NA;NA;NA;"swimming";NA;NA;NA;NA;-0,387982969261233;39,4676498956968
"way/1181708728";"way/1181708728";NA;NA;NA;NA;NA;NA;NA;NA;NA;NA;NA;NA;NA;NA;NA;NA;NA;NA;NA;NA;NA;NA;NA;NA;"sports_centre";NA;"Ciutat Esportiva del Levante U.D.";NA;NA;NA;NA;NA;NA;NA;"Levante U.D.";"private";NA;NA;NA;NA;NA;NA;NA;"soccer";NA;NA;NA;NA;-0,331488315072694;39,4442607787114
"way/1207556276";"way/1207556276";NA;NA;NA;NA;NA;NA;NA;NA;NA;NA;NA;NA;NA;NA;NA;NA;NA;NA;NA;NA;"Campo del Castellar";NA;NA;NA;"sports_centre";NA;NA;NA;NA;NA;NA;NA;NA;NA;NA;NA;NA;NA;NA;NA;NA;NA;NA;"soccer";NA;NA;NA;NA;-0,368258995696892;39,4301701977324
"way/1283598467";"way/1283598467";NA;NA;NA;NA;NA;NA;NA;NA;NA;NA;NA;NA;NA;NA;NA;NA;NA;NA;NA;NA;NA;NA;NA;NA;"sports_centre";NA;NA;NA;NA;NA;NA;NA;NA;NA;NA;NA;NA;NA;NA;NA;NA;NA;NA;NA;NA;NA;NA;NA;-0,389995264321394;39,5189757833385
"way/1325526828";"way/1325526828";NA;NA;NA;NA;NA;NA;NA;NA;NA;NA;NA;NA;NA;NA;NA;NA;NA;NA;NA;NA;NA;NA;NA;NA;"sports_centre";NA;NA;NA;NA;NA;NA;NA;NA;NA;NA;NA;NA;NA;NA;NA;NA;NA;NA;NA;NA;NA;NA;NA;-0,319753312240465;39,4625298303052
"node/110616292";"node/110616292";NA;NA;NA;NA;NA;NA;NA;NA;NA;NA;NA;NA;NA;NA;NA;NA;NA;NA;NA;NA;NA;NA;NA;NA;"sports_centre";NA;"Pavelló Font de Sant Lluís";"Pavelló Font de Sant Lluís";"Pabellón Fuente de San Luís";NA;NA;NA;NA;NA;NA;NA;NA;NA;NA;NA;NA;NA;NA;"basketball";NA;NA;"Q974010";"ca:Pavelló Font de Sant Lluís";-0,3660735;39,4516284
"node/1127895063";"node/1127895063";NA;NA;NA;NA;NA;NA;NA;NA;NA;NA;NA;NA;NA;NA;NA;NA;NA;NA;NA;NA;NA;NA;NA;NA;"sports_centre";NA;"Gimnasio Campvs Gym";NA;NA;NA;NA;NA;NA;NA;NA;NA;NA;NA;NA;NA;NA;NA;NA;"gymnastics";NA;NA;NA;NA;-0,3620387;39,4830345
"node/1699205685";"node/1699205685";NA;NA;NA;NA;NA;NA;NA;NA;NA;NA;NA;NA;NA;NA;NA;NA;NA;NA;NA;NA;NA;NA;NA;NA;"sports_centre";NA;"Poliesportiu Municipal d'Alboraia";"Poliesportiu Municipal d'Alboraia";"Polideportivo Municipal de Alboraya";NA;NA;NA;NA;NA;NA;NA;NA;NA;NA;NA;NA;NA;NA;NA;NA;NA;NA;NA;-0,3553702;39,4994512
"node/3138728451";"node/3138728451";NA;NA;NA;NA;NA;NA;"Carrer Escotilla";NA;NA;NA;NA;NA;NA;NA;NA;NA;NA;NA;NA;NA;NA;NA;NA;NA;"sports_centre";NA;"Club Valenciano de Piragüismo";NA;NA;NA;NA;NA;NA;NA;NA;NA;NA;NA;NA;NA;NA;NA;NA;"Piragua";NA;NA;NA;NA;-0,2773647;39,2805574
"node/3394630207";"node/3394630207";NA;NA;NA;NA;NA;NA;NA;NA;NA;NA;NA;NA;NA;NA;NA;NA;NA;NA;NA;NA;NA;NA;NA;NA;"sports_centre";NA;"Neo Gym";NA;NA;NA;NA;NA;NA;NA;NA;NA;NA;NA;NA;NA;NA;NA;NA;NA;NA;NA;NA;NA;-0,3932287;39,4753354
"node/3620721120";"node/3620721120";NA;"València";NA;NA;"14";"46009";"Carrer del Arquebisbe Fabián i Fuero";NA;NA;NA;NA;NA;NA;NA;NA;NA;NA;NA;NA;NA;NA;NA;NA;NA;"sports_centre";NA;"Sociedad Deportiva Correcaminos";NA;NA;NA;NA;NA;NA;NA;NA;NA;NA;NA;NA;NA;NA;NA;NA;"athletics;running;climbing";NA;"https://correcaminos.org/";NA;NA;-0,3808486;39,4840816
"node/5246295799";"node/5246295799";NA;"València";NA;NA;NA;"46013";"Carrer d'Ángel Villena";NA;NA;NA;NA;NA;NA;NA;NA;NA;NA;NA;NA;NA;"El Polideportivo Quatre Carreres, localizado junto a la Ciudad de las Artes y de las Ciencias de Valencia, ofrece unas instalaciones modernas y accesibles. Consta de dos campos de rugby de césped artificial, cuatro pistas exteriores de pádel de cristal.";NA;NA;"yes";"sports_centre";NA;"Polideportivo Quatre Carreres";NA;NA;NA;"yes";"Conocido como La Ciudad del Rugby, el polideportivo está actualmente gestionado por el Rugby Club Valencia, club de referencia del rugby valenciano.";NA;NA;NA;NA;NA;NA;NA;"+34 678 80 89 02;+34 962 11 28 06";NA;NA;NA;NA;NA;"https://www.polideportivo4c.com/";NA;NA;-0,3629515;39,4508053
"node/6127807413";"node/6127807413";NA;NA;NA;NA;NA;NA;NA;NA;NA;NA;NA;NA;NA;NA;NA;NA;NA;NA;NA;NA;"Sala de escalada.";NA;"laifclimbingym@gmail.com";NA;"sports_centre";NA;"Laif Climbing Gym";NA;NA;NA;NA;NA;NA;"Mo-Th 10:30-22:00; Fr-Su 10:00-14:00,17:00-21:00";NA;NA;NA;NA;NA;"+34 963 38 44 88";NA;NA;NA;"climbing";NA;"http://www.laifclimbinggym.com";NA;NA;-0,3931954;39,5007671
"node/6445318708";"node/6445318708";NA;"València";NA;NA;"6";"46025";"Avinguda de l'Equador";NA;NA;NA;NA;NA;NA;NA;NA;NA;NA;NA;NA;NA;NA;NA;NA;NA;"sports_centre";NA;"Atalanta Ronda Norte Sport Club Spa";NA;NA;NA;NA;NA;NA;NA;NA;NA;NA;NA;NA;NA;NA;NA;NA;NA;NA;NA;NA;NA;-0,3876407;39,4931623
"node/6803337291";"node/6803337291";NA;NA;NA;NA;NA;NA;NA;NA;NA;NA;NA;NA;NA;NA;NA;NA;NA;NA;NA;NA;NA;NA;NA;NA;"sports_centre";NA;"Crossfit supreme Goat";NA;NA;NA;NA;NA;NA;NA;NA;NA;NA;NA;NA;NA;NA;NA;NA;NA;NA;NA;NA;NA;-0,3551085;39,466799
"node/7300246163";"node/7300246163";NA;NA;NA;NA;NA;NA;NA;NA;NA;NA;NA;NA;NA;NA;NA;NA;NA;NA;NA;NA;NA;NA;NA;NA;"sports_centre";NA;"Crossfit Grau";NA;NA;NA;NA;NA;NA;NA;NA;NA;NA;NA;NA;NA;NA;NA;NA;NA;NA;NA;NA;NA;-0,3400997;39,4588575
"node/8327343478";"node/8327343478";NA;NA;NA;NA;NA;NA;NA;NA;NA;NA;NA;NA;NA;NA;NA;NA;NA;NA;NA;NA;NA;NA;NA;NA;"sports_centre";NA;"Complejo Deportivo Patraix";NA;NA;NA;NA;NA;NA;NA;NA;NA;NA;NA;NA;NA;NA;NA;NA;NA;NA;NA;NA;NA;-0,3929742;39,4599444
"node/8702000841";"node/8702000841";NA;"València";"València";"Valencia";"10";"46022";"Carrer del Duc de Gaeta";"Carrer del Duc de Gaeta";"Calle del Duque de Gaeta";NA;NA;NA;NA;NA;NA;NA;NA;NA;NA;NA;NA;NA;"bunkervalencia@gmail.com";"yes";"sports_centre";NA;"Bunker Club de Escalada";NA;NA;NA;NA;NA;NA;NA;NA;NA;NA;NA;NA;"+34 963 364 116";NA;NA;NA;"bouldering;climbing";NA;"https://bunkervalencia.wixsite.com/";NA;NA;-0,3498396;39,4658166
"node/10189281660";"node/10189281660";NA;NA;NA;NA;NA;NA;NA;NA;NA;NA;NA;NA;NA;NA;NA;NA;2022-11-16;NA;NA;NA;NA;NA;NA;NA;"sports_centre";NA;NA;NA;NA;NA;NA;NA;NA;NA;NA;NA;NA;NA;NA;NA;NA;NA;NA;"climbing";NA;NA;NA;NA;-0,3395991;39,480349
"node/11329182902";"node/11329182902";NA;NA;NA;NA;NA;NA;NA;NA;NA;NA;NA;NA;NA;NA;NA;NA;NA;NA;NA;NA;NA;NA;NA;NA;"sports_centre";NA;NA;NA;NA;NA;NA;NA;NA;NA;NA;NA;NA;NA;NA;NA;NA;NA;NA;"climbing";NA;NA;NA;NA;-0,3574533;39,4655759
"node/12201426143";"node/12201426143";NA;NA;NA;NA;NA;NA;NA;NA;NA;NA;NA;NA;NA;NA;NA;NA;2024-09-26;NA;NA;NA;NA;NA;NA;NA;"sports_centre";"0";"Move Mind & Body";NA;NA;NA;NA;NA;NA;"Mo-Th 08:00-21:30; Fr 08:00-13:30,18:00-20:00; Sa-Su off";NA;NA;NA;NA;NA;NA;NA;NA;NA;NA;NA;NA;NA;NA;-0,4001851;39,4952515
"node/13313848265";"node/13313848265";NA;NA;NA;NA;NA;"46015";NA;NA;NA;NA;NA;NA;NA;NA;NA;NA;2025-11-18;NA;NA;"https://activaclub.es/";NA;NA;NA;NA;"sports_centre";NA;"Activaclub Nou Mestalla";NA;NA;NA;NA;NA;NA;"Mo-Fr 06:00-23:00; Sa-Su 08:00-21:00";NA;NA;NA;NA;NA;NA;NA;NA;NA;NA;NA;NA;NA;NA;-0,3988466;39,4909096
