"id";"X.id";"addr.city";"addr.city.ca";"addr.city.es";"addr.floor";"addr.housenumber";"addr.postcode";"addr.street";"addr.street.ca";"addr.street.es";"air_conditioning";"alt_name";"branch";"brand";"brand.website";"brand.wikidata";"brand.wikipedia";"building";"building.levels";"building.levels.underground";"bulk_purchase";"check_date";"check_date.diet.gluten_free";"check_date.opening_hours";"contact.instagram";"currency.EUR";"description";"diet.gluten_free";"diet.kosher";"email";"indoor";"internet_access";"internet_access.fee";"internet_access.ssid";"layer";"level";"location";"name";"name.ca";"name.en";"name.es";"note";"note.en";"old_name";"opening_hours";"operator";"operator.wikidata";"organic";"payment.cards";"payment.cash";"payment.coins";"payment.contactless";"payment.credit_cards";"payment.debit_cards";"payment.maestro";"payment.mastercard";"payment.notes";"payment.visa";"payment.visa_debit";"payment.visa_electron";"phone";"postal_code";"ref";"room";"second_hand";"shop";"source";"stroller";"toilets";"toilets.wheelchair";"website";"wheelchair";"wikimedia_commons";"longitud";"latitud"
"way/23761013";"way/23761013";NA;NA;NA;NA;"78";"46015";"Avinguda del Mestre Rodrigo";NA;NA;NA;NA;NA;"Maxi Dia";NA;"Q925132";"es:Supermercados DIA";"retail";"1";NA;NA;NA;NA;NA;NA;NA;NA;NA;NA;NA;NA;NA;NA;NA;NA;NA;NA;"Maxi Dia";NA;NA;NA;NA;NA;NA;NA;NA;NA;NA;NA;NA;NA;NA;NA;NA;NA;NA;NA;NA;NA;NA;NA;NA;NA;NA;NA;"supermarket";NA;NA;NA;NA;NA;NA;NA;-0,405049981075488;39,4888915559854
"way/23776578";"way/23776578";"València";NA;NA;NA;"83";NA;"Camí de Montcada";NA;NA;NA;NA;NA;"Lidl";"https://www.lidl.es";"Q151954";"en:Lidl";"yes";NA;NA;NA;NA;NA;NA;NA;NA;NA;NA;NA;NA;NA;NA;NA;NA;NA;NA;NA;"Lidl";NA;NA;NA;NA;NA;NA;"Mo-Sa 09:00-21:30";NA;NA;NA;NA;NA;NA;NA;NA;NA;NA;NA;NA;NA;NA;NA;NA;"46025";NA;NA;NA;"supermarket";NA;NA;NA;NA;NA;NA;NA;-0,380313364670715;39,4931107491619
"way/118251587";"way/118251587";NA;NA;NA;NA;NA;NA;NA;NA;NA;NA;NA;NA;"Family Cash";NA;NA;NA;"yes";NA;NA;NA;NA;NA;NA;NA;NA;NA;NA;NA;NA;NA;NA;NA;NA;NA;NA;NA;"Family Cash";NA;NA;NA;NA;NA;NA;NA;NA;NA;NA;NA;NA;NA;NA;NA;NA;NA;NA;NA;NA;NA;NA;NA;NA;NA;NA;NA;"supermarket";NA;NA;NA;NA;NA;NA;NA;-0,404282165162353;39,4998286700207
"way/264281581";"way/264281581";NA;NA;NA;NA;NA;NA;NA;NA;NA;NA;NA;NA;"Mercadona";NA;"Q377705";"es:Mercadona";"apartments";NA;NA;NA;NA;NA;2021-05-21;NA;NA;NA;NA;NA;NA;NA;NA;NA;NA;NA;NA;NA;"Mercadona";"Mercadona";NA;NA;NA;NA;NA;"Mo-Sa 09:00-21:30";NA;NA;NA;NA;NA;NA;NA;NA;NA;NA;NA;NA;NA;NA;NA;NA;NA;NA;NA;NA;"supermarket";NA;NA;NA;NA;"https://www.mercadona.es";NA;NA;-0,345697262191857;39,4711495047048
"way/404032583";"way/404032583";NA;NA;NA;NA;NA;NA;NA;NA;NA;NA;NA;NA;"Mercadona";NA;"Q377705";"es:Mercadona";NA;NA;NA;NA;NA;NA;NA;NA;NA;NA;NA;NA;NA;NA;NA;NA;NA;NA;NA;NA;"Mercadona";"Mercadona";NA;NA;NA;NA;NA;NA;NA;NA;NA;NA;NA;NA;NA;NA;NA;NA;NA;NA;NA;NA;NA;NA;NA;NA;NA;NA;"supermarket";NA;NA;NA;NA;"https://www.mercadona.es";NA;NA;-0,373954988849701;39,4528359239631
"way/405575453";"way/405575453";NA;NA;NA;NA;NA;NA;NA;NA;NA;NA;NA;NA;"ALDI";"https://www.aldi.es";"Q41171373";"en:Aldi";NA;NA;NA;NA;2025-02-18;NA;NA;NA;"yes";NA;NA;NA;NA;NA;NA;NA;NA;NA;NA;NA;"ALDI";NA;NA;NA;NA;NA;NA;"Mo-Sa 09:00-21:30; Su 10:00-21:00";NA;NA;NA;NA;"yes";NA;NA;"yes";"yes";NA;NA;NA;NA;NA;NA;NA;NA;NA;NA;NA;"supermarket";"survey;local knowledge";"yes";NA;NA;NA;NA;NA;-0,354042538161568;39,4623639943053
"way/636630500";"way/636630500";"València";NA;NA;NA;NA;NA;"Calle Cortes de Arenoso";NA;NA;NA;NA;NA;"Mercadona";NA;"Q377705";"es:Mercadona";"yes";NA;NA;NA;NA;NA;NA;NA;NA;NA;NA;NA;NA;NA;NA;NA;NA;NA;NA;NA;"Mercadona";"Mercadona";NA;NA;NA;NA;NA;NA;NA;NA;NA;NA;NA;NA;NA;NA;NA;NA;NA;NA;NA;NA;NA;NA;NA;NA;NA;NA;"supermarket";NA;NA;NA;NA;NA;NA;NA;-0,416136936968195;39,46830861961
"way/657857713";"way/657857713";NA;NA;NA;NA;NA;"46026";"Carretera de Malilla";NA;NA;NA;NA;NA;"Mercadona";NA;"Q377705";"en:Mercadona";"yes";NA;NA;NA;NA;NA;NA;NA;NA;NA;NA;NA;NA;NA;NA;NA;NA;NA;NA;NA;"Mercadona";"Mercadona";NA;NA;NA;NA;NA;"Mo-Sa 09:00-21:30";NA;NA;NA;NA;NA;NA;NA;NA;NA;NA;NA;NA;NA;NA;NA;NA;NA;NA;NA;NA;"supermarket";NA;NA;NA;NA;"https://www.mercadona.es";NA;NA;-0,380075424488847;39,4495825202573
"way/673089848";"way/673089848";NA;NA;NA;NA;NA;NA;NA;NA;NA;NA;NA;NA;"Consum";NA;"Q8350308";"es:Consum";"supermarket";"3";NA;NA;2025-11-29;NA;NA;NA;NA;NA;NA;NA;NA;NA;NA;NA;NA;NA;NA;NA;"Consum";"Consum";NA;NA;NA;NA;NA;NA;NA;NA;NA;NA;NA;NA;NA;NA;NA;NA;NA;NA;NA;NA;NA;NA;NA;NA;NA;NA;"supermarket";NA;NA;NA;NA;NA;NA;NA;-0,359755444603572;39,4907025469721
"way/683561166";"way/683561166";NA;NA;NA;NA;NA;NA;NA;NA;NA;NA;NA;NA;"Consum";NA;"Q8350308";"es:Consum";"retail";"1";NA;NA;NA;NA;NA;NA;NA;NA;NA;NA;NA;NA;NA;NA;NA;NA;NA;NA;"Consum";"Consum";NA;NA;NA;NA;NA;NA;NA;NA;NA;NA;NA;NA;NA;NA;NA;NA;NA;NA;NA;NA;NA;NA;NA;NA;NA;NA;"supermarket";NA;NA;NA;NA;NA;NA;NA;-0,394616572620975;39,4987506899763
"way/683561235";"way/683561235";NA;NA;NA;NA;NA;NA;NA;NA;NA;NA;NA;NA;"Consum";NA;"Q8350308";"es:Consum";"retail";"1";"1";NA;NA;NA;NA;NA;NA;NA;NA;NA;NA;NA;NA;NA;NA;NA;NA;NA;"Consum";"Consum";NA;NA;NA;NA;NA;NA;NA;NA;NA;NA;NA;NA;NA;NA;NA;NA;NA;NA;NA;NA;NA;NA;NA;NA;NA;NA;"supermarket";NA;NA;NA;NA;NA;NA;NA;-0,391008141653986;39,4953159387508
"way/760922137";"way/760922137";NA;NA;NA;NA;NA;NA;NA;NA;NA;NA;NA;NA;"Mercadona";NA;"Q377705";"es:Mercadona";NA;NA;NA;NA;NA;NA;NA;NA;NA;NA;NA;NA;NA;NA;NA;NA;NA;NA;NA;NA;"Mercadona";"Mercadona";NA;NA;NA;NA;NA;NA;NA;NA;NA;NA;"yes";NA;NA;NA;NA;"yes";"yes";NA;"yes";"yes";NA;NA;NA;NA;NA;NA;"supermarket";NA;NA;NA;NA;"https://www.mercadona.es";NA;NA;-0,382720429282623;39,4554953222305
"way/775222200";"way/775222200";"València";NA;NA;NA;"7";"46007";"Carrer de Bailén";NA;NA;NA;NA;NA;NA;NA;NA;NA;"retail";"1";NA;NA;NA;NA;NA;NA;NA;NA;NA;NA;NA;NA;NA;NA;NA;NA;NA;NA;"Hiper Asia";NA;NA;NA;NA;NA;NA;"Mo-Su 10:00-21:00";"Hiperasia";NA;NA;"yes";"yes";NA;NA;NA;NA;NA;NA;NA;NA;NA;NA;"+34 662 388 388";NA;NA;NA;NA;"supermarket";NA;NA;NA;NA;"https://www.hiperasia.eu/";NA;NA;-0,378655519378532;39,4646733035188
"way/777291452";"way/777291452";NA;NA;NA;NA;NA;NA;NA;NA;NA;NA;NA;NA;"ALDI";NA;"Q41171373";"en:Aldi";"yes";"1";NA;NA;NA;NA;NA;NA;NA;NA;NA;NA;NA;NA;NA;NA;NA;NA;NA;NA;"ALDI";NA;NA;NA;NA;NA;NA;NA;NA;NA;NA;NA;NA;NA;NA;NA;NA;NA;NA;NA;NA;NA;NA;NA;NA;NA;NA;NA;"supermarket";NA;NA;NA;NA;NA;NA;NA;-0,374684746623239;39,4539187439473
"way/895065018";"way/895065018";NA;NA;NA;NA;"14";"46007";"Plaça de Jesús";NA;NA;NA;NA;NA;"Dia";NA;"Q925132";"es:DIA (supermercados)";"retail";"1";NA;NA;NA;NA;NA;NA;NA;NA;NA;NA;NA;NA;NA;NA;NA;NA;NA;NA;"Dia";"Dia";NA;NA;NA;NA;NA;NA;NA;NA;NA;NA;NA;NA;NA;NA;NA;NA;NA;NA;NA;NA;NA;NA;NA;NA;NA;NA;"supermarket";NA;NA;NA;NA;NA;NA;NA;-0,388959103703785;39,4608444290097
"way/895938824";"way/895938824";NA;NA;NA;NA;"43";"46017";"Carrer de Pius XI";NA;NA;NA;NA;NA;"Mercadona";NA;"Q377705";"es:Mercadona";"yes";"2";"1";NA;NA;NA;NA;NA;NA;NA;NA;NA;NA;NA;NA;NA;NA;NA;NA;NA;"Mercadona";"Mercadona";NA;NA;NA;NA;NA;NA;NA;NA;NA;NA;NA;NA;NA;NA;NA;NA;NA;NA;NA;NA;NA;NA;NA;NA;NA;NA;"supermarket";NA;NA;NA;NA;NA;NA;NA;-0,394743557193772;39,4566044305494
"way/1113157048";"way/1113157048";NA;NA;NA;NA;NA;NA;"Carrera de la Fonteta de Sant Lluís";NA;NA;NA;NA;NA;"Mercadona";"https://www.mercadona.es";"Q377705";"es:Mercadona";"yes";NA;NA;NA;NA;NA;NA;NA;NA;NA;NA;NA;NA;NA;NA;NA;NA;"-1";NA;NA;"Mercadona";"Mercadona";NA;NA;NA;NA;NA;NA;NA;NA;NA;NA;NA;NA;NA;NA;NA;NA;NA;NA;NA;NA;NA;NA;NA;NA;NA;NA;"supermarket";NA;NA;NA;NA;NA;NA;NA;-0,371063516365102;39,4544249654544
"way/1163121382";"way/1163121382";NA;NA;NA;NA;NA;NA;NA;NA;NA;NA;NA;NA;"Lidl";NA;"Q151954";NA;"yes";NA;NA;NA;NA;NA;NA;NA;NA;NA;NA;NA;NA;NA;NA;NA;NA;NA;NA;NA;"Lidl";NA;NA;NA;NA;NA;NA;NA;NA;NA;NA;NA;NA;NA;NA;NA;NA;NA;NA;NA;NA;NA;NA;NA;NA;NA;NA;NA;"supermarket";NA;NA;NA;NA;NA;NA;NA;-0,40395872896614;39,4576192281239
"way/1172836766";"way/1172836766";NA;NA;NA;NA;NA;NA;NA;NA;NA;NA;NA;NA;"Mercadona";NA;"Q377705";"es:Mercadona";"yes";NA;NA;NA;NA;NA;NA;NA;NA;NA;NA;NA;NA;NA;NA;NA;NA;NA;NA;NA;"Mercadona";"Mercadona";NA;NA;NA;NA;NA;"Mo-Sa 09:00-21:30";NA;NA;NA;NA;NA;NA;NA;NA;NA;NA;NA;NA;NA;NA;NA;NA;NA;NA;NA;NA;"supermarket";NA;NA;NA;NA;"https://www.mercadona.es";NA;NA;-0,36341927328845;39,4576483295279
"way/1177690023";"way/1177690023";"València";NA;NA;NA;"122";"46013";"Avinguda d'Ausiàs March";NA;NA;NA;NA;NA;"ALDI";NA;"Q41171373";NA;"retail";NA;NA;NA;NA;NA;NA;NA;NA;NA;NA;NA;NA;NA;NA;NA;NA;NA;NA;NA;"ALDI";NA;NA;NA;NA;NA;NA;"Mo-Sa 09:00-21:30";NA;NA;NA;NA;NA;NA;NA;NA;NA;NA;NA;NA;NA;NA;NA;NA;NA;NA;NA;NA;"supermarket";NA;NA;NA;NA;NA;NA;NA;-0,370359856243611;39,4448512247721
"way/1253919948";"way/1253919948";NA;NA;NA;NA;"41";NA;"Avinguda del Mestre Rodrigo";NA;NA;NA;NA;NA;"Lidl";"https://www.lidl.es";"Q151954";NA;"retail";NA;NA;NA;NA;NA;NA;NA;NA;NA;NA;NA;NA;NA;NA;NA;NA;NA;NA;NA;"Lidl";NA;NA;NA;NA;NA;NA;"Mo-Sa 09:00-21:30";NA;NA;NA;NA;NA;NA;NA;NA;NA;NA;NA;NA;NA;NA;NA;NA;NA;NA;NA;NA;"supermarket";NA;NA;NA;NA;NA;NA;NA;-0,401431151820513;39,4816338333173
"way/1279478132";"way/1279478132";NA;NA;NA;NA;NA;NA;NA;NA;NA;NA;NA;NA;"Mercadona";NA;"Q377705";"es:Mercadona";NA;NA;NA;NA;NA;NA;NA;NA;NA;NA;NA;NA;NA;"room";NA;NA;NA;"-1";"-1";"indoor";"Mercadona";"Mercadona";NA;NA;NA;NA;NA;NA;NA;NA;NA;NA;NA;NA;NA;NA;NA;NA;NA;NA;NA;NA;NA;NA;NA;"181";"shop";NA;"supermarket";NA;NA;NA;NA;NA;NA;NA;-0,390319590994904;39,4815789134829
"way/1283628782";"way/1283628782";NA;NA;NA;NA;NA;NA;NA;NA;NA;NA;NA;NA;"Carrefour";NA;"Q217599";"fr:Carrefour (enseigne)";NA;NA;NA;NA;NA;NA;NA;NA;NA;NA;NA;NA;NA;"room";NA;NA;NA;NA;"0";NA;"Carrefour";"Carrefour";NA;NA;NA;NA;NA;"Mo-Sa 09:00-22:00; Su 10:00-22:00";NA;NA;NA;NA;NA;NA;NA;NA;NA;NA;NA;NA;NA;NA;NA;NA;NA;NA;"shop";NA;"supermarket";NA;NA;NA;NA;NA;NA;NA;-0,356066064676595;39,4528330219416
"way/1286364708";"way/1286364708";NA;NA;NA;NA;NA;NA;NA;NA;NA;NA;NA;NA;"Family Cash";NA;"Q118557754";NA;NA;NA;NA;NA;NA;NA;NA;NA;NA;NA;NA;NA;NA;"room";NA;NA;NA;NA;"-1";NA;"Family Cash";NA;NA;NA;NA;NA;NA;"Mo-Sa 09:00-22:45";NA;NA;NA;NA;NA;NA;NA;NA;NA;NA;NA;NA;NA;NA;NA;NA;NA;NA;"shop";NA;"supermarket";NA;NA;NA;NA;NA;NA;NA;-0,363307420542418;39,4934752572722
"node/99503486";"node/99503486";NA;NA;NA;NA;NA;"46010";NA;NA;NA;NA;NA;NA;"Mercadona";NA;"Q377705";"es:Mercadona";NA;NA;NA;NA;NA;NA;2025-11-13;NA;NA;NA;NA;NA;NA;NA;NA;NA;NA;NA;NA;NA;"Mercadona";"Mercadona";NA;NA;NA;NA;NA;"Mo-Sa 09:00-21:30";NA;NA;NA;NA;NA;NA;NA;NA;NA;NA;NA;NA;NA;NA;NA;NA;NA;NA;NA;NA;"supermarket";NA;NA;NA;NA;"https://www.mercadona.es";"yes";NA;-0,3628127;39,4766594
"node/106333350";"node/106333350";NA;NA;NA;NA;NA;NA;NA;NA;NA;NA;NA;NA;"Mercadona";NA;"Q377705";"es:Mercadona";NA;NA;NA;NA;NA;NA;NA;NA;NA;NA;NA;NA;NA;NA;NA;NA;NA;NA;NA;NA;"Mercadona";"Mercadona";NA;NA;NA;NA;NA;NA;NA;NA;NA;NA;NA;NA;NA;NA;NA;NA;NA;NA;NA;NA;NA;NA;NA;NA;NA;NA;"supermarket";NA;NA;NA;NA;"https://www.mercadona.es";NA;NA;-0,4033839;39,4531762
"node/106914654";"node/106914654";NA;NA;NA;NA;NA;NA;NA;NA;NA;NA;NA;NA;"Consum";NA;"Q8350308";"es:Consum";NA;NA;NA;NA;NA;NA;NA;NA;NA;NA;NA;NA;NA;NA;NA;NA;NA;NA;NA;NA;"Consum";"Consum";NA;NA;NA;NA;NA;NA;NA;NA;NA;NA;NA;NA;NA;NA;NA;NA;NA;NA;NA;NA;NA;NA;NA;NA;NA;NA;"supermarket";NA;NA;NA;NA;NA;NA;NA;-0,3721654;39,4505646
"node/106914701";"node/106914701";NA;NA;NA;NA;NA;NA;NA;NA;NA;NA;NA;NA;"Consum";NA;"Q8350308";"es:Consum";NA;NA;NA;NA;NA;NA;NA;NA;NA;NA;NA;NA;NA;NA;NA;NA;NA;NA;NA;NA;"Consum";"Consum";NA;NA;NA;NA;NA;NA;NA;NA;NA;NA;NA;NA;NA;NA;NA;NA;NA;NA;NA;NA;NA;NA;NA;NA;NA;NA;"supermarket";NA;NA;NA;NA;NA;NA;NA;-0,3752203;39,4526054
"node/106914719";"node/106914719";"València";NA;NA;NA;"71";"46006";"Carrer de la Pianista Empar Iturbi";NA;NA;NA;NA;NA;"Consum";NA;"Q8350308";"es:Consum";NA;NA;NA;NA;NA;NA;NA;NA;NA;NA;NA;NA;NA;NA;NA;NA;NA;NA;NA;NA;"Consum";"Consum";NA;NA;NA;NA;NA;NA;NA;NA;NA;NA;NA;NA;NA;NA;NA;NA;NA;NA;NA;NA;NA;NA;NA;NA;NA;NA;"supermarket";NA;NA;NA;NA;NA;NA;NA;-0,3757511;39,454908
"node/109967232";"node/109967232";NA;NA;NA;NA;NA;NA;NA;NA;NA;NA;NA;NA;"Mercadona";NA;"Q377705";"es:Mercadona";NA;NA;NA;NA;NA;NA;NA;NA;NA;NA;NA;NA;NA;NA;NA;NA;NA;NA;NA;NA;"Mercadona";"Mercadona";NA;NA;NA;NA;NA;NA;NA;NA;NA;NA;NA;NA;NA;NA;NA;NA;NA;NA;NA;NA;NA;NA;NA;NA;NA;NA;"supermarket";NA;NA;NA;NA;"https://www.mercadona.es";NA;NA;-0,4037265;39,4537653
"node/318321813";"node/318321813";NA;NA;NA;NA;NA;NA;NA;NA;NA;NA;NA;NA;"Mercadona";NA;"Q377705";"es:Mercadona";NA;NA;NA;NA;NA;NA;2025-11-09;NA;NA;NA;NA;NA;NA;NA;NA;NA;NA;NA;NA;NA;"Mercadona";"Mercadona";NA;NA;NA;NA;NA;"Mo-Sa 09:00-21:30";NA;NA;NA;NA;NA;NA;NA;NA;NA;NA;NA;NA;NA;NA;NA;NA;NA;NA;NA;NA;"supermarket";NA;NA;NA;NA;"https://www.mercadona.es";"yes";NA;-0,348203;39,4750318
"node/318321824";"node/318321824";NA;NA;NA;NA;"1";NA;"carrer leandro de saralegui";NA;NA;NA;NA;NA;"Consum";NA;"Q8350308";"es:Consum";NA;NA;NA;NA;2022-06-16;NA;NA;NA;NA;NA;NA;NA;NA;NA;"no";NA;NA;NA;NA;NA;"Consum";"Consum";NA;NA;NA;NA;NA;"Mo-Sa 09:00-21:30; PH off";NA;NA;NA;NA;NA;NA;NA;NA;NA;NA;"yes";NA;"yes";NA;NA;"+34 963 89 06 00";NA;NA;NA;NA;"supermarket";NA;NA;NA;NA;"https://consum.es/";"yes";NA;-0,3478056;39,4760214
"node/318325840";"node/318325840";NA;NA;NA;NA;NA;NA;NA;NA;NA;NA;NA;NA;"Mercadona";NA;"Q377705";"es:Mercadona";NA;NA;NA;NA;NA;NA;2025-11-09;NA;NA;NA;NA;NA;NA;NA;NA;NA;NA;NA;NA;NA;"Mercadona";"Mercadona";NA;NA;NA;NA;NA;"Mo-Sa 09:00-21:30";NA;NA;NA;NA;NA;NA;NA;NA;NA;NA;NA;NA;NA;NA;NA;NA;NA;NA;NA;NA;"supermarket";NA;NA;NA;NA;"https://www.mercadona.es";"yes";NA;-0,3481778;39,4745644
"node/525664378";"node/525664378";NA;NA;NA;NA;NA;NA;NA;NA;NA;NA;NA;NA;"Consum";NA;"Q8350308";"es:Consum";NA;NA;NA;NA;NA;NA;NA;NA;NA;NA;NA;NA;NA;NA;NA;NA;NA;NA;NA;NA;"Consum";"Consum";NA;NA;NA;NA;NA;NA;NA;NA;NA;NA;NA;NA;NA;NA;NA;NA;NA;NA;NA;NA;NA;NA;NA;NA;NA;NA;"supermarket";NA;NA;NA;NA;NA;NA;NA;-0,3917474;39,4436039
"node/530074755";"node/530074755";"València";NA;NA;NA;NA;"46015";"C/ de Godelleta";NA;NA;NA;NA;NA;"Mercadona";NA;"Q377705";"es:Mercadona";NA;NA;NA;NA;NA;NA;NA;NA;NA;NA;NA;NA;NA;NA;NA;NA;NA;NA;NA;NA;"Mercadona";"Mercadona";NA;NA;NA;NA;NA;NA;NA;NA;NA;NA;NA;NA;NA;NA;NA;NA;NA;NA;NA;NA;NA;NA;NA;NA;NA;NA;"supermarket";NA;NA;NA;NA;"https://www.mercadona.es";NA;NA;-0,3959186;39,4830955
"node/765327355";"node/765327355";"Benimàmet";NA;NA;NA;"17";"46035";"Carrer del Pare Simó";NA;NA;NA;NA;NA;"Mercadona";NA;"Q377705";"es:Mercadona";NA;NA;NA;NA;NA;NA;NA;NA;NA;NA;NA;NA;NA;NA;NA;NA;NA;NA;NA;NA;"Mercadona";"Mercadona";NA;NA;NA;NA;NA;"Mo-Sa 09:00-21:30; PH off";NA;NA;NA;NA;"yes";NA;NA;"yes";"yes";NA;NA;NA;NA;NA;NA;"+34 96 363 46 77";NA;NA;NA;NA;"supermarket";NA;NA;"yes";NA;"https://www.mercadona.es";"yes";NA;-0,4231779;39,5033053
"node/825264575";"node/825264575";NA;NA;NA;NA;NA;NA;NA;NA;NA;NA;NA;NA;"Consum";NA;"Q8350308";"es:Consum";NA;NA;NA;NA;NA;NA;NA;NA;NA;NA;NA;NA;NA;NA;NA;NA;NA;NA;NA;NA;"Consum";"Consum";NA;NA;NA;NA;NA;NA;"Consum";NA;NA;NA;NA;NA;NA;NA;NA;NA;NA;NA;NA;NA;NA;NA;NA;NA;NA;NA;"supermarket";NA;NA;NA;NA;NA;NA;NA;-0,3590522;39,4733891
"node/825264576";"node/825264576";NA;NA;NA;NA;NA;NA;NA;NA;NA;NA;NA;NA;"Mercadona";NA;"Q377705";"es:Mercadona";NA;NA;NA;NA;NA;NA;NA;NA;NA;NA;NA;NA;NA;NA;NA;NA;NA;NA;NA;NA;"Mercadona";"Mercadona";NA;NA;NA;NA;NA;NA;"Mercadona";NA;NA;NA;NA;NA;NA;NA;NA;NA;NA;NA;NA;NA;NA;NA;NA;NA;NA;NA;"supermarket";NA;NA;NA;NA;NA;NA;NA;-0,3704291;39,4954963
"node/1189715660";"node/1189715660";NA;NA;NA;NA;NA;NA;NA;NA;NA;NA;NA;NA;NA;NA;NA;NA;NA;NA;NA;NA;NA;NA;NA;NA;NA;NA;NA;NA;NA;NA;NA;NA;NA;NA;NA;NA;"Family Home";NA;NA;NA;NA;NA;NA;NA;NA;NA;NA;NA;NA;NA;NA;NA;NA;NA;NA;NA;NA;NA;NA;NA;NA;NA;NA;NA;"supermarket";"survey";NA;NA;NA;NA;NA;NA;-0,3907684;39,4541367
"node/1386005512";"node/1386005512";NA;NA;NA;NA;NA;NA;NA;NA;NA;NA;NA;NA;"Consum";NA;"Q8350308";"es:Consum";NA;NA;NA;NA;NA;NA;NA;NA;NA;NA;NA;NA;NA;NA;NA;NA;NA;NA;NA;NA;"Consum";"Consum";NA;NA;NA;NA;NA;"Mo-Sa 09:00-21:30";NA;NA;NA;NA;NA;NA;NA;NA;NA;NA;NA;NA;NA;NA;NA;NA;NA;NA;NA;NA;"supermarket";NA;NA;NA;NA;NA;NA;NA;-0,3802202;39,4949603
"node/1386005513";"node/1386005513";NA;NA;NA;NA;NA;NA;NA;NA;NA;NA;NA;NA;"Mercadona";NA;"Q377705";"es:Mercadona";NA;NA;NA;NA;NA;NA;NA;NA;NA;NA;NA;NA;NA;NA;NA;NA;NA;NA;NA;NA;"Mercadona";"Mercadona";NA;NA;NA;NA;NA;NA;NA;NA;NA;NA;NA;NA;NA;NA;NA;NA;NA;NA;NA;NA;NA;NA;NA;NA;NA;NA;"supermarket";NA;NA;NA;NA;"https://www.mercadona.es";NA;NA;-0,3789935;39,494015
"node/1386005517";"node/1386005517";NA;NA;NA;NA;NA;NA;NA;NA;NA;NA;NA;NA;"Consum";NA;"Q8350308";"es:Consum";NA;NA;NA;NA;NA;NA;NA;NA;NA;NA;NA;NA;NA;NA;NA;NA;NA;NA;NA;NA;"Consum";"Consum";NA;NA;NA;NA;NA;"Mo-Sa 09:00-21:30";NA;NA;NA;NA;NA;NA;NA;NA;NA;NA;NA;NA;NA;NA;NA;NA;NA;NA;NA;NA;"supermarket";NA;NA;NA;NA;NA;NA;NA;-0,379437;39,4950265
"node/1386005518";"node/1386005518";NA;NA;NA;NA;NA;NA;NA;NA;NA;NA;NA;NA;"Mercadona";NA;"Q377705";"es:Mercadona";NA;NA;NA;NA;NA;NA;NA;NA;NA;NA;NA;NA;NA;NA;NA;NA;NA;NA;NA;NA;"Mercadona";"Mercadona";NA;NA;NA;NA;NA;NA;NA;NA;NA;NA;NA;NA;NA;NA;NA;NA;NA;NA;NA;NA;NA;NA;NA;NA;NA;NA;"supermarket";NA;NA;NA;NA;"https://www.mercadona.es";NA;NA;-0,378771;39,4933751
"node/1452342492";"node/1452342492";NA;NA;NA;NA;"22";"46015";"Calle de Castielfabib";NA;NA;NA;NA;NA;"Consum";NA;"Q8350308";"es:Consum";NA;NA;NA;NA;NA;NA;NA;NA;NA;NA;NA;NA;NA;NA;NA;NA;NA;NA;NA;NA;"Consum";"Consum";NA;NA;NA;NA;NA;"Mo-Sa 09:00-21:30";NA;NA;NA;NA;NA;NA;NA;NA;NA;NA;NA;NA;NA;NA;NA;NA;NA;NA;NA;NA;"supermarket";"survey";NA;NA;NA;NA;NA;NA;-0,3964546;39,4796371
"node/1452779636";"node/1452779636";NA;NA;NA;NA;"15";"46015";"Avenida Pío XII";NA;NA;NA;NA;NA;NA;NA;NA;NA;NA;NA;NA;NA;NA;NA;NA;NA;NA;NA;NA;NA;NA;NA;NA;NA;NA;NA;NA;NA;"Herbolario Navarro";NA;NA;NA;NA;NA;NA;NA;NA;NA;"only";NA;NA;NA;NA;NA;NA;NA;NA;NA;NA;NA;NA;NA;NA;NA;NA;NA;"supermarket";"survey";NA;NA;NA;"https://www.herbolarionavarro.es/";NA;NA;-0,3937716;39,4812758
"node/1474264704";"node/1474264704";NA;NA;NA;NA;NA;"46015";NA;NA;NA;"yes";NA;NA;"Mercadona";NA;"Q377705";"es:Mercadona";NA;NA;NA;NA;2024-10-07;NA;NA;NA;NA;NA;NA;NA;NA;NA;NA;NA;NA;NA;"0";NA;"Mercadona";"Mercadona";NA;NA;NA;NA;NA;"Mo-Sa 09:15-21:15";NA;NA;"yes";NA;"yes";NA;NA;"yes";"yes";NA;"yes";NA;"yes";NA;NA;NA;NA;NA;NA;NA;"supermarket";"survey";NA;NA;NA;"https://www.mercadona.es";NA;NA;-0,3957917;39,4911683
"node/1479104479";"node/1479104479";NA;NA;NA;NA;NA;"46015";NA;NA;NA;"yes";NA;NA;"Consum";NA;"Q8350308";"es:Consum";NA;NA;NA;NA;2025-04-16;NA;2024-10-04;NA;NA;NA;NA;NA;NA;NA;"wlan";"customers";NA;NA;"0";NA;"Consum";"Consum";NA;NA;NA;NA;NA;"Mo-Sa 09:00-21:30";NA;NA;NA;NA;NA;NA;NA;NA;NA;NA;"yes";NA;"yes";NA;NA;NA;NA;NA;NA;"no";"supermarket";"survey";"yes";NA;NA;NA;"yes";NA;-0,3965606;39,4919261
"node/1480123244";"node/1480123244";"València";NA;NA;NA;"22";"46015";"Avda. Cortes Valencianas";NA;NA;"yes";NA;"Consum";"Consum";NA;"Q8350308";"es:Consum";NA;NA;NA;NA;2025-11-18;NA;2025-06-07;NA;NA;NA;NA;NA;NA;NA;"wlan";"customers";"CONSUM_Clientes";NA;"-1";NA;"Consum";"Consum";NA;NA;NA;NA;NA;"Mo-Sa 09:00-21:30";"Consum Cooperativa";NA;"yes";NA;"yes";NA;NA;"yes";"yes";NA;NA;NA;NA;NA;NA;NA;NA;NA;NA;NA;"supermarket";NA;"yes";"no";NA;"https://www.consum.es/directory/listing/valencia-cortes-valencianas";"yes";NA;-0,3991226;39,4910463
"node/1563550248";"node/1563550248";NA;NA;NA;NA;NA;"46015";NA;NA;NA;"yes";NA;NA;"Carrefour";NA;"Q217599";"fr:Carrefour (enseigne)";NA;NA;NA;NA;2024-09-30;NA;NA;NA;NA;NA;NA;NA;NA;NA;"wlan";"customers";NA;NA;"0";NA;"Carrefour";"Carrefour";NA;"Carrefour";NA;NA;NA;"09:00-22:00; PH 10:00-22:00";"Centros Comerciales Carrefour S.A.";NA;"yes";NA;"yes";NA;NA;"yes";"yes";NA;"yes";NA;"yes";NA;NA;"+34 608 95 26 28";NA;NA;NA;"no";"supermarket";"survey";"yes";"yes";NA;"https://www.carrefour.es/tiendas-carrefour/hipermercados/carrefour/campanar_-_valencia.aspx";"yes";NA;-0,4047287;39,4771439
"node/1563550254";"node/1563550254";"València";NA;NA;NA;NA;"46015";"C/ GENERAL AVILÉS 79";NA;NA;NA;NA;NA;"Mercadona";NA;"Q377705";"es:Mercadona";NA;NA;NA;NA;NA;NA;NA;NA;NA;NA;NA;NA;NA;NA;NA;NA;NA;NA;NA;NA;"Mercadona";"Mercadona";NA;NA;NA;NA;NA;NA;NA;NA;NA;NA;NA;NA;NA;NA;NA;NA;NA;NA;NA;NA;NA;NA;NA;NA;NA;NA;"supermarket";"Survey";NA;NA;NA;"https://www.mercadona.es";"yes";NA;-0,4034198;39,4822947
"node/1594857166";"node/1594857166";NA;NA;NA;NA;NA;NA;NA;NA;NA;NA;NA;NA;"Mercadona";NA;"Q377705";"es:Mercadona";NA;NA;NA;NA;NA;NA;NA;NA;NA;NA;NA;NA;NA;NA;NA;NA;NA;NA;NA;NA;"Mercadona";"Mercadona";NA;NA;NA;NA;NA;NA;NA;NA;NA;NA;NA;NA;NA;NA;NA;NA;NA;NA;NA;NA;NA;NA;NA;NA;NA;NA;"supermarket";NA;NA;NA;NA;"https://www.mercadona.es";NA;NA;-0,3751377;39,4883983
"node/1594857578";"node/1594857578";NA;NA;NA;NA;NA;NA;NA;NA;NA;NA;NA;NA;"Consum";NA;"Q8350308";"es:Consum";NA;NA;NA;NA;2024-06-03;NA;NA;NA;NA;NA;NA;NA;NA;NA;"wlan";"no";NA;NA;NA;NA;"Consum";"Consum";NA;NA;NA;NA;NA;"Mo-Sa 09:00-21:30";NA;NA;NA;NA;"yes";NA;NA;"yes";"yes";NA;NA;NA;NA;NA;NA;NA;NA;NA;NA;NA;"supermarket";NA;NA;NA;NA;"https://tienda.consum.es";"yes";NA;-0,3728906;39,4868744
"node/1595401596";"node/1595401596";NA;NA;NA;NA;NA;NA;NA;NA;NA;NA;NA;NA;"Mercadona";NA;"Q377705";"es:Mercadona";NA;NA;NA;NA;NA;NA;NA;NA;NA;NA;NA;NA;NA;NA;NA;NA;NA;NA;NA;NA;"Mercadona";"Mercadona";NA;NA;NA;NA;NA;"Mo-Sa 09:00-21:30";NA;NA;NA;NA;NA;NA;NA;NA;NA;NA;NA;NA;NA;NA;NA;NA;NA;NA;NA;NA;"supermarket";NA;NA;NA;NA;"https://www.mercadona.es";NA;NA;-0,3465184;39,4630901
"node/1671632000";"node/1671632000";"València";NA;NA;NA;"6";"46022";"Carrer de José María Haro (Magistrat)";NA;NA;NA;NA;NA;"Mercadona";NA;"Q377705";"es:Mercadona";NA;NA;NA;NA;NA;NA;NA;NA;NA;NA;NA;NA;NA;NA;NA;NA;NA;NA;NA;NA;"Mercadona";"Mercadona";NA;NA;NA;NA;NA;"Mo-Sa 09:00-21:30";"Mercadona";NA;NA;"yes";"yes";NA;NA;NA;NA;NA;NA;NA;NA;NA;NA;"+34 963720079";NA;NA;NA;NA;"supermarket";"https://www.mercadona.es/list_prov.php";NA;NA;NA;"https://www.mercadona.es";NA;NA;-0,3386173;39,468306
"node/1707333838";"node/1707333838";"València";NA;NA;NA;NA;"46023";"C/ MENORCA (C.C. AQUA) 19";NA;NA;NA;NA;NA;"Mercadona";NA;"Q377705";"es:Mercadona";NA;NA;NA;NA;NA;NA;NA;NA;NA;NA;NA;NA;NA;NA;NA;NA;NA;NA;"-1";NA;"Mercadona";"Mercadona";NA;NA;NA;NA;NA;"Mo-Sa 10:00-22:00";NA;NA;NA;"yes";"yes";NA;NA;NA;NA;NA;NA;NA;NA;NA;NA;NA;NA;NA;NA;NA;"supermarket";NA;NA;NA;NA;"https://www.mercadona.es";NA;NA;-0,3452875;39,4571156
"node/1708719150";"node/1708719150";NA;NA;NA;NA;NA;NA;NA;NA;NA;NA;NA;NA;"Consum";NA;"Q8350308";"es:Consum";NA;NA;NA;NA;NA;NA;NA;NA;NA;NA;NA;NA;NA;NA;NA;NA;NA;NA;NA;NA;"Consum";"Consum";NA;NA;NA;NA;NA;"Mo-Sa 09:00-21:30";NA;NA;NA;NA;NA;NA;NA;NA;NA;NA;NA;NA;NA;NA;NA;NA;NA;NA;NA;NA;"supermarket";NA;NA;NA;NA;NA;NA;NA;-0,3442311;39,46168
"node/1708940829";"node/1708940829";NA;NA;NA;NA;NA;NA;NA;NA;NA;NA;NA;NA;"Consum";NA;"Q8350308";"es:Consum";NA;NA;NA;NA;NA;NA;2025-11-08;NA;NA;NA;NA;NA;NA;NA;NA;NA;NA;NA;NA;NA;"Consum";"Consum";NA;NA;NA;NA;NA;"Mo-Sa 09:00-21:30";NA;NA;NA;NA;NA;NA;NA;NA;NA;NA;NA;NA;NA;NA;NA;NA;NA;NA;NA;NA;"supermarket";NA;NA;NA;NA;NA;NA;NA;-0,3444244;39,4718305
"node/1708940860";"node/1708940860";NA;NA;NA;NA;NA;NA;NA;NA;NA;NA;NA;NA;"Consum";NA;"Q8350308";"es:Consum";NA;NA;NA;NA;NA;NA;2025-11-08;NA;NA;NA;NA;NA;NA;NA;NA;NA;NA;NA;NA;NA;"Consum";"Consum";NA;NA;NA;NA;NA;"Mo-Sa 09:00-21:30";"Consum";NA;NA;NA;NA;NA;NA;NA;NA;NA;NA;NA;NA;NA;NA;NA;NA;NA;NA;NA;"supermarket";NA;NA;NA;NA;NA;"yes";NA;-0,3440704;39,4723916
"node/1708952090";"node/1708952090";NA;NA;NA;NA;NA;NA;NA;NA;NA;NA;NA;NA;"Dia";NA;"Q925132";"es:DIA (supermercados)";NA;NA;NA;NA;NA;NA;NA;NA;NA;NA;NA;NA;NA;NA;NA;NA;NA;NA;NA;NA;"Dia";"Dia";NA;NA;NA;NA;NA;NA;NA;NA;NA;NA;NA;NA;NA;NA;NA;NA;NA;NA;NA;NA;NA;NA;NA;NA;NA;NA;"supermarket";NA;NA;NA;NA;NA;"yes";NA;-0,3455868;39,4744721
"node/1783289777";"node/1783289777";NA;NA;NA;NA;NA;NA;NA;NA;NA;NA;NA;NA;"Consum";NA;"Q8350308";"es:Consum";NA;NA;NA;NA;NA;NA;NA;NA;NA;NA;NA;NA;NA;NA;NA;NA;NA;NA;NA;NA;"Consum";"Consum";NA;NA;NA;NA;NA;NA;NA;NA;NA;NA;NA;NA;NA;NA;NA;NA;NA;NA;NA;NA;NA;NA;NA;NA;NA;NA;"supermarket";NA;NA;NA;NA;NA;NA;NA;-0,3664771;39,45897
"node/1783289780";"node/1783289780";NA;NA;NA;NA;NA;NA;NA;NA;NA;NA;NA;NA;"Consum";NA;"Q8350308";"es:Consum";NA;NA;NA;NA;NA;NA;NA;NA;NA;NA;NA;NA;NA;NA;NA;NA;NA;NA;NA;NA;"Consum";"Consum";NA;NA;NA;NA;NA;"Mo-Sa 09:00-21:30";NA;NA;NA;NA;NA;NA;NA;NA;NA;NA;NA;NA;NA;NA;NA;NA;NA;NA;NA;NA;"supermarket";NA;NA;NA;NA;NA;NA;NA;-0,3758083;39,4604631
"node/1783289781";"node/1783289781";NA;NA;NA;NA;NA;NA;NA;NA;NA;NA;NA;NA;"Consum";NA;"Q8350308";"es:Consum";NA;NA;NA;NA;NA;NA;NA;NA;NA;NA;NA;NA;NA;NA;NA;NA;NA;NA;NA;NA;"Consum";"Consum";NA;NA;NA;NA;NA;NA;NA;NA;NA;NA;NA;NA;NA;NA;NA;NA;NA;NA;NA;NA;NA;NA;NA;NA;NA;NA;"supermarket";NA;NA;NA;NA;NA;NA;NA;-0,3660587;39,4615851
"node/1783289782";"node/1783289782";"València";"València";NA;NA;"8";"46004";"Carrer del General San Martín";NA;NA;NA;NA;NA;"Consum";NA;"Q8350308";"es:Consum";NA;NA;NA;NA;NA;NA;NA;NA;NA;NA;NA;NA;NA;NA;NA;NA;NA;NA;NA;NA;"Consum";"Consum";NA;NA;NA;NA;NA;"Mo-Sa 09:00-14:00,17:00-20:30";"Consum, S. Coop. Valenciana";NA;NA;NA;NA;NA;NA;NA;NA;NA;NA;NA;NA;NA;NA;"+34 96 380 58 51";NA;NA;NA;NA;"supermarket";NA;NA;NA;NA;"https://www.consum.es/";NA;NA;-0,3753612;39,4652948
"node/1783289783";"node/1783289783";"València";"València";NA;NA;NA;"46004";NA;NA;NA;NA;NA;NA;"Consum";NA;"Q8350308";"es:Consum";NA;NA;NA;NA;2025-05-16;NA;NA;NA;NA;NA;NA;NA;NA;NA;NA;NA;NA;NA;NA;NA;"Consum";"Consum";NA;NA;NA;NA;NA;"Mo-Sa 09:00-21:30";NA;NA;NA;NA;"yes";NA;NA;"yes";"yes";NA;"yes";NA;"yes";NA;NA;NA;NA;NA;NA;NA;"supermarket";NA;NA;NA;NA;NA;"yes";NA;-0,3682834;39,4696066
"node/1783289787";"node/1783289787";"València";"València";NA;NA;"56";"46006";"Carrer de Sueca";NA;NA;NA;NA;NA;"Mercadona";NA;"Q377705";"es:Mercadona";NA;NA;NA;NA;NA;NA;NA;NA;NA;NA;NA;NA;NA;NA;NA;NA;NA;NA;NA;NA;"Mercadona";"Mercadona";NA;NA;NA;NA;NA;"Mo-Sa 09:00-21:30";NA;NA;NA;NA;NA;NA;NA;NA;NA;NA;NA;NA;NA;NA;NA;"+34 963 41 35 22";NA;NA;NA;NA;"supermarket";NA;NA;NA;NA;"https://www.mercadona.es";NA;NA;-0,3741169;39,4598674
"node/1783289793";"node/1783289793";NA;NA;NA;NA;NA;NA;NA;NA;NA;NA;NA;NA;"Mercadona";NA;"Q377705";"es:Mercadona";NA;NA;NA;NA;NA;NA;NA;NA;NA;NA;NA;NA;NA;NA;NA;NA;NA;NA;NA;NA;"Mercadona";"Mercadona";NA;NA;NA;NA;NA;NA;NA;NA;NA;NA;NA;NA;NA;NA;NA;NA;NA;NA;NA;NA;NA;NA;NA;NA;NA;NA;"supermarket";NA;NA;NA;NA;"https://www.mercadona.es";NA;NA;-0,3644473;39,465406
"node/1792880816";"node/1792880816";"València";"València";"Valencia";NA;"31";"46010";"Carrer d'Alboraia";"Carrer d'Alboraia";"Calle de Alboraya";NA;NA;NA;"Consum";NA;"Q8350308";"es:Consum";NA;NA;NA;NA;NA;NA;NA;NA;NA;NA;NA;NA;NA;NA;NA;NA;NA;NA;NA;NA;"Consum";"Consum";NA;NA;NA;NA;NA;"Mo-Sa 09:00-21:30";NA;NA;NA;NA;NA;NA;NA;NA;NA;NA;NA;NA;NA;NA;NA;"+34 96 389 16 80";NA;NA;NA;NA;"supermarket";NA;NA;NA;NA;NA;NA;NA;-0,370389;39,4826991
"node/1792880817";"node/1792880817";"València";"València";"Valencia";NA;"39";"46010";"Carrer d'Alboraia";"Carrer d'Alboraia";"Calle de Alboraya";NA;NA;NA;"Mercadona";NA;"Q377705";"es:Mercadona";NA;NA;NA;NA;NA;NA;NA;NA;NA;NA;NA;NA;NA;NA;NA;NA;NA;NA;NA;NA;"Mercadona";"Mercadona";NA;NA;NA;NA;NA;"Mo-Sa 09:00-21:30";NA;NA;NA;NA;NA;NA;NA;NA;NA;NA;NA;NA;NA;NA;NA;"+34 963620654";NA;NA;NA;NA;"supermarket";NA;NA;NA;NA;"https://www.mercadona.es";NA;NA;-0,3697138;39,4839609
"node/1850882649";"node/1850882649";NA;NA;NA;NA;NA;NA;NA;NA;NA;NA;NA;NA;"Mercadona";NA;"Q377705";"es:Mercadona";NA;NA;NA;NA;NA;NA;NA;NA;NA;NA;NA;NA;NA;NA;NA;NA;NA;NA;NA;NA;"Mercadona";"Mercadona";NA;NA;NA;NA;NA;NA;NA;NA;NA;NA;NA;NA;NA;NA;NA;NA;NA;NA;NA;NA;NA;NA;NA;NA;NA;NA;"supermarket";NA;NA;NA;NA;"https://www.mercadona.es";NA;NA;-0,3938248;39,4616985
"node/2149423896";"node/2149423896";NA;NA;NA;NA;NA;NA;NA;NA;NA;NA;NA;NA;"Consum";NA;"Q8350308";"es:Consum";NA;NA;NA;NA;NA;NA;NA;NA;NA;NA;NA;NA;NA;NA;NA;NA;NA;NA;NA;NA;"Consum";"Consum";NA;NA;NA;NA;NA;NA;NA;NA;NA;NA;NA;NA;NA;NA;NA;NA;NA;NA;NA;NA;NA;NA;NA;NA;NA;NA;"supermarket";NA;NA;NA;NA;NA;NA;NA;-0,344867;39,4693231
"node/2281179758";"node/2281179758";"València";NA;NA;NA;"23";"46020";"Carrer d'Emili Baró";NA;NA;NA;NA;NA;"Mercadona";NA;"Q377705";"en:Mercadona";NA;NA;NA;NA;NA;NA;NA;NA;NA;NA;NA;NA;NA;NA;NA;NA;NA;NA;NA;NA;"Mercadona";"Mercadona";NA;NA;NA;NA;NA;"Mo-Sa 09:00-21:30; Su,PH off";"Mercadona";NA;NA;NA;NA;NA;NA;NA;NA;NA;NA;NA;NA;NA;NA;"+34 963 62 36 12";NA;NA;NA;NA;"supermarket";NA;NA;NA;NA;"https://www.mercadona.es";NA;NA;-0,3620859;39,4855827
"node/2281497821";"node/2281497821";NA;NA;NA;NA;NA;NA;NA;NA;NA;NA;NA;NA;"Supercor";NA;"Q6135841";"es:Supercor";NA;NA;NA;NA;NA;NA;NA;NA;NA;NA;NA;NA;NA;NA;NA;NA;NA;NA;NA;NA;"Supercor";NA;NA;NA;NA;NA;NA;NA;NA;NA;NA;NA;NA;NA;NA;NA;NA;NA;NA;NA;NA;NA;NA;NA;NA;NA;NA;NA;"supermarket";NA;NA;NA;NA;NA;NA;NA;-0,3660262;39,4898171
"node/2281497833";"node/2281497833";NA;NA;NA;NA;NA;NA;NA;NA;NA;NA;NA;NA;"Mercadona";NA;"Q377705";"es:Mercadona";NA;NA;NA;NA;NA;NA;NA;NA;NA;NA;NA;NA;NA;NA;NA;NA;NA;NA;NA;NA;"Mercadona";"Mercadona";NA;NA;NA;NA;NA;NA;NA;NA;NA;NA;NA;NA;NA;NA;NA;NA;NA;NA;NA;NA;NA;NA;NA;NA;NA;NA;"supermarket";NA;NA;NA;NA;"https://www.mercadona.es";NA;NA;-0,3642425;39,4908479
"node/2288834261";"node/2288834261";"València";NA;NA;NA;"5";"46011";"Carrer de l'Arquitecte Alfaro";NA;NA;NA;NA;NA;"Consum";NA;"Q8350308";"es:Consum";NA;NA;NA;NA;NA;NA;NA;NA;NA;NA;NA;NA;NA;NA;NA;NA;NA;NA;NA;NA;"Consum";"Consum";NA;NA;NA;NA;NA;"Mo-Sa 09:00-21:30; PH off";NA;NA;NA;NA;NA;NA;NA;NA;NA;NA;NA;NA;NA;NA;NA;"+34 963674880";NA;NA;NA;NA;"supermarket";NA;NA;NA;NA;"https://www.consum.es/directory/listing/valencia-arquitecto-alfaro";NA;NA;-0,3357813;39,4615907
"node/2475527908";"node/2475527908";NA;NA;NA;NA;NA;NA;NA;NA;NA;NA;NA;NA;NA;NA;NA;NA;NA;NA;NA;NA;NA;NA;NA;NA;NA;NA;NA;NA;NA;NA;NA;NA;NA;NA;NA;NA;"Aquara";NA;NA;NA;NA;NA;NA;NA;NA;NA;"only";NA;NA;NA;NA;NA;NA;NA;NA;NA;NA;NA;NA;NA;NA;NA;NA;NA;"supermarket";NA;NA;NA;NA;NA;NA;NA;-0,3813299;39,4685544
"node/2507735994";"node/2507735994";NA;NA;NA;NA;NA;NA;NA;NA;NA;NA;"Supermercados Amigo";NA;"Amigo";NA;"Q4746234";"en:Amigo Supermarkets";NA;NA;NA;NA;NA;NA;2022-04-01;NA;NA;NA;NA;NA;NA;NA;NA;NA;NA;NA;NA;NA;"Amigo";NA;NA;NA;NA;NA;NA;"PH,Mo-Su 08:00-22:00";NA;NA;NA;NA;NA;NA;NA;NA;NA;NA;NA;NA;NA;NA;NA;NA;NA;NA;NA;NA;"supermarket";NA;NA;NA;NA;NA;NA;NA;-0,3495055;39,4704409
"node/2656119553";"node/2656119553";NA;NA;NA;NA;NA;NA;NA;NA;NA;NA;NA;NA;"Consum";NA;"Q8350308";"es:Consum";NA;NA;NA;NA;NA;NA;NA;NA;NA;NA;NA;NA;NA;NA;NA;NA;NA;NA;NA;NA;"Consum";"Consum";NA;NA;NA;NA;NA;NA;"Consum";NA;NA;NA;NA;NA;NA;NA;NA;NA;NA;NA;NA;NA;NA;NA;NA;NA;NA;NA;"supermarket";NA;NA;NA;NA;NA;NA;NA;-0,3811959;39,4906161
"node/2656119556";"node/2656119556";NA;NA;NA;NA;NA;NA;NA;NA;NA;NA;NA;NA;"Consum";NA;"Q8350308";"es:Consum";NA;NA;NA;NA;NA;NA;NA;NA;NA;NA;NA;NA;NA;NA;NA;NA;NA;NA;NA;NA;"Consum";"Consum";NA;NA;NA;NA;NA;NA;"Consum";NA;NA;NA;NA;NA;NA;NA;NA;NA;NA;NA;NA;NA;NA;NA;NA;NA;NA;NA;"supermarket";NA;NA;NA;NA;NA;NA;NA;-0,380819;39,4912511
"node/2682321456";"node/2682321456";NA;NA;NA;NA;NA;NA;NA;NA;NA;NA;NA;NA;"Mercadona";NA;"Q377705";"es:Mercadona";NA;NA;NA;NA;NA;NA;NA;NA;NA;NA;NA;NA;NA;NA;NA;NA;NA;NA;NA;NA;"Mercadona";"Mercadona";NA;NA;NA;NA;NA;NA;"Mercadona";NA;NA;NA;NA;NA;NA;NA;NA;NA;NA;NA;NA;NA;NA;NA;NA;NA;NA;NA;"supermarket";NA;NA;NA;NA;"https://www.mercadona.es";NA;NA;-0,3889864;39,4516666
"node/2682321461";"node/2682321461";NA;NA;NA;NA;NA;NA;NA;NA;NA;NA;NA;NA;"Mercadona";NA;"Q377705";"es:Mercadona";NA;NA;NA;NA;NA;NA;NA;NA;NA;NA;NA;NA;NA;NA;NA;NA;NA;NA;NA;NA;"Mercadona";"Mercadona";NA;NA;NA;NA;NA;NA;NA;NA;NA;NA;NA;NA;NA;NA;NA;NA;NA;NA;NA;NA;NA;NA;NA;NA;NA;NA;"supermarket";NA;NA;NA;NA;"https://www.mercadona.es";NA;NA;-0,3898444;39,452159
"node/2701330955";"node/2701330955";"València";NA;NA;NA;NA;"46011";"Carrer del Riu Jiloca";NA;NA;NA;NA;NA;NA;NA;NA;NA;NA;NA;NA;NA;NA;NA;NA;NA;NA;NA;NA;NA;NA;NA;NA;NA;NA;NA;NA;NA;"Superbotella";NA;NA;NA;NA;NA;NA;"Mo-Su 09:00-21:00";NA;NA;NA;NA;NA;NA;NA;NA;NA;NA;NA;NA;NA;NA;NA;NA;NA;NA;NA;NA;"supermarket";NA;NA;NA;NA;NA;NA;NA;-0,3278699;39,4838763
"node/2701353355";"node/2701353355";"València";NA;NA;NA;"84";"46011";"Avinguda de la Malva-rosa";NA;NA;NA;NA;NA;"Mercadona";NA;"Q377705";"es:Mercadona";NA;NA;NA;NA;NA;NA;NA;NA;NA;NA;NA;NA;NA;NA;NA;NA;NA;NA;NA;NA;"Mercadona";"Mercadona";NA;NA;NA;NA;NA;"Mo-Sa 09:00-21:30";NA;NA;NA;NA;NA;NA;NA;NA;NA;NA;NA;NA;NA;NA;NA;"+34963556777";NA;NA;NA;NA;"supermarket";NA;NA;NA;NA;"https://www.mercadona.es";"yes";NA;-0,3279389;39,4807087
"node/2808230980";"node/2808230980";NA;NA;NA;NA;NA;NA;NA;NA;NA;NA;NA;NA;"Mercadona";NA;"Q377705";"es:Mercadona";NA;NA;NA;NA;NA;NA;NA;NA;NA;NA;NA;NA;NA;NA;NA;NA;NA;NA;NA;NA;"Mercadona";"Mercadona";NA;NA;NA;NA;NA;"Mo-Sa 09:00-21:30";NA;NA;NA;NA;NA;NA;NA;NA;NA;NA;NA;NA;NA;NA;NA;NA;NA;NA;NA;NA;"supermarket";NA;NA;NA;NA;"https://www.mercadona.es";"yes";NA;-0,3568309;39,4782614
"node/3013881972";"node/3013881972";"València";NA;NA;NA;"1";"46008";"Carrer del Palleter";NA;NA;NA;NA;NA;"Mercadona";NA;"Q377705";"es:Mercadona";NA;NA;NA;NA;NA;NA;NA;NA;NA;NA;NA;NA;NA;NA;NA;NA;NA;NA;NA;NA;"Mercadona";"Mercadona";NA;NA;NA;NA;NA;NA;"Mercadona";NA;NA;NA;NA;NA;NA;NA;NA;NA;NA;NA;NA;NA;NA;"+34 900 50 01 03";NA;NA;NA;NA;"supermarket";NA;NA;NA;NA;"https://www.mercadona.es";"yes";NA;-0,3856018;39,4678704
"node/3283707161";"node/3283707161";NA;NA;NA;NA;NA;NA;NA;NA;NA;NA;NA;NA;"Mercadona";NA;"Q377705";"es:Mercadona";NA;NA;NA;NA;NA;NA;NA;NA;NA;NA;NA;NA;NA;NA;NA;NA;NA;NA;NA;NA;"Mercadona";"Mercadona";NA;NA;NA;NA;NA;NA;NA;NA;NA;NA;NA;NA;NA;NA;NA;NA;NA;NA;NA;NA;NA;NA;NA;NA;NA;NA;"supermarket";NA;NA;NA;NA;"https://www.mercadona.es";NA;NA;-0,3907142;39,4707871
"node/3467890619";"node/3467890619";"València";NA;NA;NA;"8";"46021";"Plaça del Xúquer";NA;NA;NA;NA;NA;"ALDI";NA;"Q41171373";NA;NA;NA;NA;NA;NA;NA;NA;NA;NA;NA;NA;NA;NA;NA;NA;NA;NA;NA;NA;NA;"ALDI";NA;NA;NA;NA;NA;NA;NA;NA;NA;NA;NA;NA;NA;NA;NA;NA;NA;NA;NA;NA;NA;NA;NA;NA;NA;NA;NA;"supermarket";NA;NA;NA;NA;NA;"yes";NA;-0,3507026;39,4766124
"node/3521129116";"node/3521129116";NA;NA;NA;NA;NA;NA;NA;NA;NA;NA;NA;NA;"Charter";NA;"Q95916752";NA;NA;NA;NA;NA;NA;NA;NA;NA;NA;NA;NA;NA;NA;NA;NA;NA;NA;NA;NA;NA;"Charter";NA;NA;NA;NA;NA;NA;"Mo-Sa 09:00-14:00,17:00-21:00";NA;NA;NA;NA;NA;NA;NA;NA;NA;NA;NA;NA;NA;NA;NA;NA;NA;NA;NA;NA;"supermarket";NA;NA;NA;NA;"https://www.consum.es/supermercados/valencia-felipe-de-gauna/";NA;NA;-0,3333855;39,4715908
"node/3593701732";"node/3593701732";"València";NA;NA;NA;"39";"46035";"Estación";NA;NA;NA;NA;NA;"Consum";NA;"Q8350308";"es:Consum";NA;NA;NA;NA;NA;NA;NA;NA;NA;NA;NA;NA;NA;NA;NA;NA;NA;NA;NA;NA;"Consum";"Consum";NA;NA;NA;NA;NA;"Mo-Sa 09:00-21:30";NA;NA;NA;NA;NA;NA;NA;NA;NA;NA;NA;NA;NA;NA;NA;"+34 900 50 01 26";NA;NA;NA;NA;"supermarket";NA;NA;"yes";NA;"https://www.consum.es/";"yes";NA;-0,4225617;39,5005373
"node/3600385824";"node/3600385824";NA;NA;NA;NA;NA;NA;NA;NA;NA;NA;NA;NA;"Mercadona";NA;"Q377705";"es:Mercadona";NA;NA;NA;NA;NA;NA;NA;NA;NA;NA;NA;NA;NA;NA;NA;NA;NA;NA;NA;NA;"Mercadona";"Mercadona";NA;NA;NA;NA;NA;NA;NA;NA;NA;NA;NA;NA;NA;NA;NA;NA;NA;NA;NA;NA;NA;NA;NA;NA;NA;NA;"supermarket";NA;NA;NA;NA;"https://www.mercadona.es";NA;NA;-0,3929365;39,49323
"node/3607188804";"node/3607188804";NA;NA;NA;NA;"3";"46035";"Calle Campamento";NA;NA;NA;NA;NA;NA;NA;NA;NA;NA;NA;NA;NA;NA;NA;NA;NA;NA;NA;NA;NA;NA;NA;NA;NA;NA;NA;NA;NA;"Natur House";NA;NA;NA;NA;NA;NA;NA;NA;NA;"only";NA;NA;NA;NA;NA;NA;NA;NA;NA;NA;NA;NA;NA;NA;NA;NA;NA;"supermarket";NA;NA;NA;NA;NA;NA;NA;-0,4200779;39,5026175
"node/3608183860";"node/3608183860";NA;NA;NA;NA;"12";"46035";"Calle de Felipe Valls";NA;NA;NA;NA;NA;NA;NA;NA;NA;NA;NA;NA;NA;NA;NA;NA;NA;NA;NA;NA;NA;NA;NA;NA;NA;NA;NA;NA;NA;"Blat Market";NA;NA;NA;NA;NA;NA;NA;NA;NA;NA;NA;NA;NA;NA;NA;NA;NA;NA;NA;NA;NA;NA;NA;NA;NA;NA;NA;"supermarket";NA;NA;NA;NA;NA;NA;NA;-0,4183289;39,4995991
"node/3658278552";"node/3658278552";NA;NA;NA;NA;NA;NA;NA;NA;NA;NA;NA;NA;NA;NA;NA;NA;NA;NA;NA;NA;NA;NA;NA;NA;NA;NA;NA;NA;NA;NA;NA;NA;NA;NA;NA;NA;"Supermercat D'omar";"Supermercat D'omar";NA;NA;NA;NA;NA;NA;NA;NA;NA;NA;NA;NA;NA;NA;NA;NA;NA;NA;NA;NA;NA;NA;NA;NA;NA;NA;"supermarket";NA;NA;NA;NA;NA;NA;NA;-0,3719267;39,4636691
"node/3686352663";"node/3686352663";NA;NA;NA;NA;NA;NA;NA;NA;NA;NA;NA;NA;NA;NA;NA;NA;NA;NA;NA;NA;NA;NA;NA;NA;NA;NA;NA;NA;NA;NA;NA;NA;NA;NA;NA;NA;"Euromarket";NA;NA;NA;NA;NA;NA;NA;NA;NA;NA;NA;NA;NA;NA;NA;NA;NA;NA;NA;NA;NA;NA;NA;NA;NA;NA;NA;"supermarket";NA;NA;NA;NA;NA;NA;NA;-0,3425384;39,4621495
"node/3698712535";"node/3698712535";NA;NA;NA;NA;NA;NA;NA;NA;NA;NA;NA;NA;"Consum";NA;"Q8350308";"es:Consum";NA;NA;NA;NA;NA;NA;NA;NA;NA;NA;NA;NA;NA;NA;NA;NA;NA;NA;NA;NA;"Consum";"Consum";NA;NA;NA;NA;NA;"Mo-Sa 09:00-21:30";NA;NA;NA;NA;NA;NA;NA;NA;NA;NA;NA;NA;NA;NA;NA;NA;NA;NA;NA;NA;"supermarket";NA;NA;NA;NA;NA;NA;NA;-0,3877233;39,4614507
"node/3713754805";"node/3713754805";NA;NA;NA;"G";"53";NA;"Carrer de la Reina";NA;NA;NA;NA;NA;"Coaliment";NA;"Q127503706";NA;NA;NA;NA;NA;2025-05-21;NA;NA;NA;NA;NA;NA;NA;NA;NA;"no";NA;NA;NA;"0";NA;"Coaliment";NA;NA;NA;NA;NA;NA;"Mo-Sa 09:00-14:00,17:00-20:30; Su 09:00-14:00";"Coaliment";NA;NA;NA;"yes";NA;NA;"yes";"yes";NA;NA;NA;NA;NA;NA;NA;NA;NA;NA;NA;"supermarket";NA;NA;NA;NA;NA;"yes";NA;-0,3292803;39,4660311
"node/3735789628";"node/3735789628";"València";NA;NA;NA;"19";"46002";"Carrer de Roger de Llòria";NA;NA;NA;NA;NA;"Mercadona";NA;"Q377705";"es:Mercadona";NA;NA;NA;NA;NA;NA;NA;NA;NA;NA;NA;NA;NA;NA;NA;NA;NA;NA;NA;NA;"Mercadona";"Mercadona";NA;NA;NA;NA;NA;"Mo-Sa 09:00-21:30";NA;NA;NA;NA;NA;NA;NA;NA;NA;NA;NA;NA;NA;NA;NA;NA;NA;NA;NA;NA;"supermarket";NA;NA;NA;NA;"https://www.mercadona.es";NA;NA;-0,3733128;39,469304
"node/3802231201";"node/3802231201";NA;NA;NA;NA;NA;NA;NA;NA;NA;NA;NA;NA;"Mercadona";NA;"Q377705";"es:Mercadona";NA;NA;NA;NA;NA;NA;NA;NA;NA;NA;NA;NA;NA;NA;NA;NA;NA;NA;NA;NA;"Mercadona";"Mercadona";NA;NA;NA;NA;NA;"Mo-Sa 09:00-21:30";NA;NA;NA;NA;NA;NA;NA;NA;NA;NA;NA;NA;NA;NA;NA;NA;NA;NA;NA;NA;"supermarket";NA;NA;NA;NA;"https://www.mercadona.es";NA;NA;-0,3326755;39,4666651
"node/3872587312";"node/3872587312";NA;NA;NA;NA;NA;NA;NA;NA;NA;NA;NA;NA;"Dialprix";NA;NA;NA;NA;NA;NA;NA;NA;NA;NA;NA;NA;NA;NA;NA;NA;NA;NA;NA;NA;NA;NA;NA;"Dialprix";NA;NA;NA;NA;NA;NA;NA;NA;NA;NA;NA;NA;NA;NA;NA;NA;NA;NA;NA;NA;NA;NA;NA;NA;NA;NA;NA;"supermarket";NA;NA;NA;NA;NA;NA;NA;-0,3798457;39,4697591
"node/4100398778";"node/4100398778";NA;NA;NA;NA;NA;NA;NA;NA;NA;NA;NA;NA;NA;NA;NA;NA;NA;NA;NA;NA;NA;NA;NA;NA;NA;NA;NA;NA;NA;NA;NA;NA;NA;NA;NA;NA;NA;NA;NA;NA;NA;"unsure about exact position";NA;NA;NA;NA;NA;NA;NA;NA;NA;NA;NA;NA;NA;NA;NA;NA;NA;NA;NA;NA;NA;NA;"supermarket";NA;NA;NA;NA;NA;NA;NA;-0,3325443;39,3832294
"node/4103882463";"node/4103882463";"València";NA;NA;NA;NA;NA;"Carrer Escultor Ricart Boix";NA;NA;NA;NA;NA;"Economy Cash";NA;"Q114915795";NA;NA;NA;NA;NA;NA;NA;NA;NA;NA;NA;NA;NA;NA;NA;NA;NA;NA;NA;NA;NA;"Economy Cash";NA;NA;NA;NA;NA;NA;"Mo-Sa 09:00-21:00";"Kuups Design International SL";"Q113464694";NA;NA;NA;NA;NA;NA;NA;NA;NA;NA;NA;NA;NA;"+34 902 702 604";NA;NA;NA;NA;"supermarket";NA;NA;NA;NA;NA;NA;NA;-0,3928204;39,4581502
"node/4111725004";"node/4111725004";"València";NA;NA;NA;NA;"46009";"Avenida de Burjassot";NA;NA;NA;NA;NA;"Economy Cash";NA;"Q114915795";NA;NA;NA;NA;NA;NA;NA;NA;NA;NA;NA;NA;NA;NA;NA;NA;NA;NA;NA;NA;NA;"Economy Cash";NA;NA;NA;NA;NA;NA;"Mo-Su 09:00-21:30";"Kuups Design International SL";"Q113464694";NA;NA;NA;NA;NA;NA;NA;NA;NA;NA;NA;NA;NA;"+34 902 702 604";NA;NA;NA;NA;"supermarket";NA;NA;NA;NA;"http://www.vidaltiendas.com/tienda-vidal-en-valencia-3";NA;NA;-0,3831355;39,4834015
"node/4111725005";"node/4111725005";"València";NA;NA;NA;NA;"46008";"Calle de Cuenca";NA;NA;NA;NA;NA;NA;NA;NA;NA;NA;NA;NA;NA;NA;NA;NA;NA;NA;NA;NA;NA;NA;NA;NA;NA;NA;NA;NA;NA;"Kuups";NA;NA;NA;NA;NA;"Vidal";"Mo-Su 09:00-21:00";NA;NA;NA;NA;NA;NA;NA;NA;NA;NA;NA;NA;NA;NA;NA;"+34 902 702 604";NA;NA;NA;NA;"supermarket";NA;NA;NA;NA;NA;NA;NA;-0,3837299;39,4696764
"node/4111725006";"node/4111725006";"València";NA;NA;NA;NA;"46023";"Carrer del Pare Tomás de Montañana";NA;NA;NA;NA;NA;NA;NA;NA;NA;NA;NA;NA;NA;NA;NA;NA;NA;NA;NA;NA;NA;NA;NA;NA;NA;NA;NA;NA;NA;"Economy Cash";NA;NA;NA;NA;NA;NA;"Mo-Su 09:00-21:00";NA;NA;NA;NA;NA;NA;NA;NA;NA;NA;NA;NA;NA;NA;NA;"+34 902 702 604";NA;NA;NA;NA;"supermarket";NA;NA;NA;NA;NA;NA;NA;-0,352385;39,4635025
"node/4145037710";"node/4145037710";"València";NA;NA;NA;"118";"46009";"Carrer de Sagunt";NA;NA;NA;NA;NA;"Lidl";"https://www.lidl.es";"Q151954";"en:Lidl";NA;NA;NA;NA;NA;NA;NA;NA;NA;NA;NA;NA;NA;NA;NA;NA;NA;NA;NA;NA;"Lidl";NA;NA;NA;NA;NA;NA;"Mo-Sa 09:00-21:30";NA;NA;NA;NA;NA;"yes";NA;NA;NA;NA;NA;"yes";NA;NA;NA;NA;NA;NA;NA;NA;"supermarket";NA;NA;NA;NA;NA;"yes";NA;-0,3749129;39,4870005
"node/4179594694";"node/4179594694";NA;NA;NA;NA;NA;NA;"Carrer de Trafalgar";NA;NA;NA;NA;NA;"Consum";NA;"Q8350308";"es:Consum";NA;NA;NA;NA;NA;NA;NA;NA;NA;NA;NA;NA;NA;NA;NA;NA;NA;NA;NA;NA;"Consum";"Consum";NA;NA;NA;NA;NA;"Mo-Sa 09:00-21:30";NA;NA;NA;NA;NA;NA;NA;NA;NA;NA;NA;NA;NA;NA;NA;NA;NA;NA;NA;NA;"supermarket";NA;NA;NA;NA;NA;NA;NA;-0,3449904;39,4612135
"node/4265726133";"node/4265726133";NA;NA;NA;NA;"4";"46011";"Carrer d'Antoni Joan";NA;NA;NA;NA;NA;"Dia";NA;"Q925132";"es:DIA (supermercados)";NA;NA;NA;NA;NA;NA;NA;NA;NA;NA;NA;NA;NA;NA;NA;NA;NA;NA;NA;NA;"Dia";"Dia";NA;NA;NA;NA;NA;"Mo-We 09:00-14:30,17:00-21:00; Th-Sa 09:00-21:00";NA;NA;NA;NA;NA;NA;NA;NA;NA;NA;NA;NA;NA;NA;NA;NA;NA;NA;NA;NA;"supermarket";NA;NA;NA;NA;NA;NA;NA;-0,3334738;39,4725623
"node/4307621589";"node/4307621589";NA;NA;NA;NA;NA;NA;NA;NA;NA;NA;NA;NA;"Mercadona";NA;"Q377705";"es:Mercadona";NA;NA;NA;NA;NA;NA;2024-10-18;NA;NA;NA;NA;NA;NA;NA;NA;NA;NA;NA;NA;NA;"Mercadona";"Mercadona";NA;NA;NA;NA;NA;"Mo-Sa 09:00-21:30";NA;NA;NA;NA;NA;NA;NA;NA;NA;NA;NA;NA;NA;NA;NA;NA;NA;NA;NA;NA;"supermarket";NA;NA;NA;NA;"https://www.mercadona.es";NA;NA;-0,3899027;39,475093
"node/4316605297";"node/4316605297";NA;NA;NA;NA;NA;"46011";"Carrer de Mendizábal";NA;NA;NA;NA;NA;"Consum";NA;"Q8350308";"es:Consum";NA;NA;NA;NA;NA;NA;NA;NA;NA;NA;NA;NA;NA;NA;NA;NA;NA;NA;NA;NA;"Consum";"Consum";NA;NA;NA;NA;NA;NA;NA;NA;NA;NA;NA;NA;NA;NA;NA;NA;NA;NA;NA;NA;NA;NA;NA;NA;NA;NA;"supermarket";NA;NA;NA;NA;NA;"yes";NA;-0,3271946;39,4835123
"node/4384980191";"node/4384980191";NA;NA;NA;NA;NA;NA;NA;NA;NA;NA;NA;NA;"Consum";NA;"Q8350308";"es:Consum";NA;NA;NA;NA;NA;NA;NA;NA;NA;NA;NA;NA;NA;NA;NA;NA;NA;NA;NA;NA;"Consum";"Consum";NA;NA;NA;NA;NA;"Mo-Sa 09:00-21:30";NA;NA;NA;NA;NA;NA;NA;NA;NA;NA;NA;NA;NA;NA;NA;NA;NA;NA;NA;NA;"supermarket";NA;NA;NA;NA;NA;NA;NA;-0,3346699;39,4512693
"node/4523277176";"node/4523277176";NA;NA;NA;NA;NA;NA;NA;NA;NA;NA;NA;NA;"Mercadona";NA;"Q377705";"es:Mercadona";NA;NA;NA;NA;NA;NA;NA;NA;NA;NA;NA;NA;NA;NA;NA;NA;NA;NA;NA;NA;"Mercadona";"Mercadona";NA;NA;NA;NA;NA;NA;NA;NA;NA;NA;NA;NA;NA;NA;NA;NA;NA;NA;NA;NA;NA;NA;NA;NA;NA;NA;"supermarket";NA;NA;NA;NA;NA;NA;NA;-0,383364;39,484434
"node/4599439190";"node/4599439190";NA;NA;NA;NA;"49";"46019";"Carrer d'Alfauir";NA;NA;NA;NA;NA;"Lidl";"https://www.lidl.es";"Q151954";"en:Lidl";NA;NA;NA;NA;NA;NA;NA;NA;NA;NA;NA;NA;NA;NA;NA;NA;NA;NA;NA;NA;"Lidl";NA;"Lidl";"Lidl";NA;NA;NA;"Mo-Sa";NA;NA;NA;NA;NA;NA;NA;NA;NA;NA;NA;NA;NA;NA;NA;"+34902243222";NA;NA;NA;NA;"supermarket";NA;NA;NA;NA;NA;NA;NA;-0,359274;39,493685
"node/4599543390";"node/4599543390";NA;NA;NA;NA;"14";"46007";"Carrer del Convent de Jerusalem";NA;NA;NA;NA;NA;NA;NA;NA;NA;NA;NA;NA;NA;NA;NA;NA;NA;NA;NA;NA;NA;NA;NA;NA;NA;NA;NA;NA;NA;"Super Nuevo Zhong Hua";NA;NA;"Super Nuevo Zhong Hua";NA;NA;NA;NA;NA;NA;NA;NA;NA;NA;NA;NA;NA;NA;NA;NA;NA;NA;NA;NA;NA;NA;NA;NA;"supermarket";NA;NA;NA;NA;NA;NA;NA;-0,3792498;39,4671679
"node/4601469191";"node/4601469191";"València";NA;NA;NA;"86";"46008";"Avinguda de Pérez Galdós";NA;NA;NA;NA;NA;"ALDI";"https://www.aldi.es";"Q41171373";"en:Aldi";NA;NA;NA;NA;NA;NA;NA;NA;NA;NA;NA;NA;NA;NA;NA;NA;NA;NA;NA;NA;"ALDI";NA;NA;NA;NA;NA;NA;"Mo-Sa 09:00-21:30";NA;NA;NA;NA;NA;NA;NA;NA;NA;NA;NA;NA;NA;NA;NA;"+34900902466";NA;NA;NA;NA;"supermarket";NA;NA;NA;NA;"https://aldi.es/";NA;NA;-0,39154;39,4693425
"node/4608688991";"node/4608688991";"València";NA;NA;NA;"189";"46022";"Avinguda del Port";NA;NA;NA;NA;NA;"Lidl";"https://www.lidl.es";"Q151954";"en:Lidl";NA;NA;NA;NA;NA;NA;NA;NA;NA;NA;NA;NA;NA;NA;NA;NA;NA;NA;NA;NA;"Lidl";NA;NA;NA;NA;NA;NA;"Mo-Sa 09:00-21:30";NA;NA;NA;NA;NA;"yes";NA;NA;NA;"yes";"yes";"yes";"yes";"yes";"yes";NA;NA;NA;NA;NA;"supermarket";NA;NA;NA;NA;NA;"yes";NA;-0,3420661;39,4629572
"node/4633920691";"node/4633920691";"València";NA;NA;NA;"79";"46022";"Avinguda del Port";NA;NA;NA;NA;NA;"Consum";NA;"Q8350308";"es:Consum";NA;NA;NA;NA;NA;NA;NA;NA;NA;NA;NA;NA;NA;NA;NA;NA;NA;NA;NA;NA;"Consum";"Consum";NA;NA;NA;NA;NA;"Mo-Sa 09:00-21:30";NA;NA;NA;NA;NA;NA;NA;NA;NA;NA;NA;NA;NA;NA;NA;NA;NA;NA;NA;NA;"supermarket";NA;NA;NA;NA;NA;NA;NA;-0,3521603;39,4659547
"node/4679983191";"node/4679983191";NA;NA;NA;NA;NA;NA;"Avinguda del Primat Reig";NA;NA;NA;NA;NA;"Mercadona";NA;"Q377705";"en:Mercadona";NA;NA;NA;NA;NA;NA;NA;NA;NA;NA;NA;NA;NA;NA;NA;NA;NA;NA;NA;NA;"Mercadona";"Mercadona";NA;NA;NA;NA;NA;"Mo-Sa 09:00-21:30";NA;NA;NA;NA;NA;NA;NA;NA;NA;NA;NA;NA;NA;NA;NA;"+34963690630";NA;NA;NA;NA;"supermarket";NA;NA;NA;NA;"https://www.mercadona.es";NA;NA;-0,3608682;39,4821412
"node/4679988389";"node/4679988389";NA;NA;NA;"G";"24";"46010";"Carrer del Batxiller";NA;NA;NA;NA;NA;"Consum";NA;"Q8350308";"es:Consum";NA;NA;NA;NA;2024-06-04;NA;NA;NA;NA;NA;NA;NA;NA;NA;"wlan";"no";NA;NA;"0";NA;"Consum";"Consum";NA;NA;NA;NA;NA;"Mo-Sa 09:00-21:30";NA;NA;NA;NA;"yes";NA;NA;"yes";"yes";NA;NA;NA;NA;NA;NA;"+34963699771";NA;NA;NA;NA;"supermarket";NA;NA;NA;NA;"https://www.consum.es/";"yes";NA;-0,3611776;39,4813013
"node/4710305268";"node/4710305268";"València";NA;NA;NA;"1";"46001";"Carrer de l'Hospital";NA;NA;NA;NA;NA;"Consum";NA;"Q8350308";"es:Consum";NA;NA;NA;NA;2024-03-07;NA;NA;NA;NA;NA;NA;NA;NA;NA;NA;NA;NA;NA;"0";NA;"Consum";"Consum";NA;NA;NA;NA;NA;"Mo-Sa 09:00-21:30";NA;NA;NA;NA;"yes";NA;NA;"yes";"yes";NA;NA;NA;NA;NA;NA;"+34 96 394 14 78";NA;NA;NA;NA;"supermarket";NA;NA;NA;NA;"https://www.consum.es/";"yes";NA;-0,3802139;39,4710377
"node/4734189852";"node/4734189852";NA;NA;NA;NA;NA;NA;NA;NA;NA;NA;NA;NA;"Consum";NA;"Q8350308";"es:Consum";NA;NA;NA;NA;NA;NA;NA;NA;NA;NA;NA;NA;NA;NA;NA;NA;NA;NA;NA;NA;"Consum";"Consum";NA;NA;NA;NA;NA;NA;NA;NA;NA;NA;NA;NA;NA;NA;NA;NA;NA;NA;NA;NA;NA;NA;NA;NA;NA;NA;"supermarket";NA;NA;NA;NA;NA;NA;NA;-0,3846174;39,4837107
"node/4738442021";"node/4738442021";NA;NA;NA;NA;NA;NA;"Avinguda del Port";NA;NA;NA;NA;NA;NA;NA;NA;NA;NA;NA;NA;NA;NA;NA;NA;NA;NA;NA;NA;NA;NA;NA;NA;NA;NA;NA;NA;NA;"Alimentacion Gran Jardin";NA;NA;NA;NA;NA;NA;NA;NA;NA;NA;NA;NA;NA;NA;NA;NA;NA;NA;NA;NA;NA;NA;NA;NA;NA;NA;NA;"supermarket";NA;NA;NA;NA;NA;NA;NA;-0,3487868;39,4646119
"node/4741418422";"node/4741418422";"València";"València";NA;NA;"5";"46005";"Carrer del Mestre Gozalbo";NA;NA;"yes";NA;NA;"Mercadona";NA;"Q377705";"es:Mercadona";NA;NA;NA;NA;NA;NA;NA;NA;NA;NA;NA;NA;NA;NA;NA;NA;NA;NA;"0";NA;"Mercadona";"Mercadona";NA;NA;"Sin parking";NA;NA;"Mo-Sa 09:00-21:30";"Mercadona";NA;NA;"yes";"yes";NA;NA;NA;NA;NA;NA;NA;NA;NA;NA;"+34 963 955 087";NA;NA;NA;NA;"supermarket";NA;NA;NA;NA;"https://www.mercadona.es";"yes";NA;-0,3695529;39,4658173
"node/4741566835";"node/4741566835";NA;NA;NA;NA;NA;NA;NA;NA;NA;NA;NA;NA;"Tandy";NA;NA;NA;NA;NA;NA;NA;NA;NA;NA;NA;NA;NA;NA;NA;NA;NA;NA;NA;NA;NA;NA;NA;"Tandy";NA;NA;NA;NA;NA;NA;NA;NA;NA;NA;NA;NA;NA;NA;NA;NA;NA;NA;NA;NA;NA;NA;NA;NA;NA;NA;NA;"supermarket";NA;NA;NA;NA;NA;NA;NA;-0,3982252;39,4775091
"node/4741575743";"node/4741575743";NA;NA;NA;NA;NA;NA;"Gran Via Ferran 'el Catòlic'";NA;NA;NA;NA;NA;"Consum";NA;"Q8350308";"es:Consum";NA;NA;NA;NA;NA;NA;NA;NA;NA;NA;NA;NA;NA;NA;NA;NA;NA;NA;NA;NA;"Consum";"Consum";NA;NA;NA;NA;NA;"Mo-Sa 09:00-21:30";NA;NA;NA;NA;NA;NA;NA;NA;NA;NA;NA;NA;NA;NA;NA;NA;NA;NA;NA;NA;"supermarket";NA;NA;NA;NA;NA;NA;NA;-0,3868354;39,4734991
"node/4744211521";"node/4744211521";NA;NA;NA;NA;NA;"46001";NA;NA;NA;"yes";NA;NA;"Dia";NA;"Q925132";"es:DIA (supermercados)";NA;NA;NA;NA;2025-06-18;NA;NA;NA;NA;NA;NA;NA;NA;NA;NA;NA;NA;NA;NA;NA;"Dia";"Dia";NA;NA;NA;NA;NA;"09:00-21:30";NA;NA;NA;NA;"yes";NA;NA;"yes";"yes";NA;NA;NA;NA;NA;NA;NA;NA;NA;NA;NA;"supermarket";"survey";"yes";NA;NA;NA;"yes";NA;-0,3796178;39,4727098
"node/4897372522";"node/4897372522";NA;NA;NA;NA;NA;NA;NA;NA;NA;NA;NA;NA;"Dia";NA;"Q925132";"es:DIA (supermercados)";NA;NA;NA;NA;NA;NA;NA;NA;NA;NA;NA;NA;NA;NA;NA;NA;NA;NA;NA;NA;"Dia";"Dia";NA;NA;NA;NA;NA;NA;NA;NA;NA;NA;NA;NA;NA;NA;NA;NA;NA;NA;NA;NA;NA;NA;NA;NA;NA;NA;"supermarket";NA;NA;NA;NA;NA;NA;NA;-0,3876226;39,4653143
"node/4932505621";"node/4932505621";NA;NA;NA;NA;"27";"46007";"Gran Vía de Ramón y Cajal";NA;NA;NA;NA;NA;NA;NA;NA;NA;NA;NA;NA;NA;NA;NA;NA;NA;NA;NA;NA;NA;NA;NA;NA;NA;NA;NA;NA;NA;"Ecorganic ecomarket - supermecado ecológico";NA;NA;"Ecorganic ecomarket - supermecado ecológico";NA;NA;NA;"Mo-Sa 09:00-21:30";NA;NA;NA;NA;NA;NA;NA;NA;NA;NA;NA;NA;NA;NA;NA;"+34963220717";NA;NA;NA;NA;"supermarket";NA;NA;NA;NA;"https://www.ecorganicweb.com/";NA;NA;-0,3823663;39,4661127
"node/4932505622";"node/4932505622";"València";"València";NA;NA;"42";"46005";"Gran Vía del Marqués del Turia";NA;NA;NA;NA;NA;NA;NA;NA;NA;NA;NA;NA;NA;NA;NA;NA;NA;NA;NA;NA;NA;NA;NA;NA;NA;NA;NA;NA;NA;"Ecorganic ecomarket - supermercado ecológico";NA;NA;"Ecorganic ecomarket - supermercado ecológico";NA;NA;NA;"Mo-Sa 09:00-21:30";NA;NA;NA;NA;NA;NA;NA;NA;NA;NA;NA;NA;NA;NA;NA;"+34960660197";NA;NA;NA;NA;"supermarket";NA;NA;NA;NA;"https://www.ecorganicweb.com/";NA;NA;-0,3693374;39,4665055
"node/4937348722";"node/4937348722";NA;NA;NA;NA;NA;NA;NA;NA;NA;NA;NA;NA;"Consum";NA;"Q8350308";"es:Consum";NA;NA;NA;NA;NA;NA;NA;NA;NA;NA;NA;NA;NA;NA;NA;NA;NA;NA;NA;NA;"Consum";"Consum";NA;NA;NA;NA;NA;"Mo-Sa 09:00-21:30";NA;NA;NA;NA;NA;NA;NA;NA;NA;NA;NA;NA;NA;NA;NA;NA;NA;NA;NA;NA;"supermarket";NA;NA;NA;NA;NA;NA;NA;-0,335979;39,4650107
"node/4937348723";"node/4937348723";NA;NA;NA;NA;NA;NA;NA;NA;NA;NA;NA;NA;"Dialprix";NA;NA;NA;NA;NA;NA;NA;NA;NA;NA;NA;NA;NA;NA;NA;NA;NA;NA;NA;NA;NA;NA;NA;"Dialprix";NA;NA;NA;NA;NA;NA;"Mo-Sa 08:45-22:00; Su 09:00-15:00";NA;NA;NA;NA;NA;NA;NA;NA;NA;NA;NA;NA;NA;NA;NA;NA;NA;NA;NA;NA;"supermarket";NA;NA;NA;NA;NA;"yes";NA;-0,3842317;39,4726129
"node/4948961222";"node/4948961222";"València";NA;NA;NA;"21";"46006";"Carrer de Pere Aleixandre";NA;NA;NA;NA;NA;"Dia";NA;"Q925132";"es:DIA (supermercados)";NA;NA;NA;NA;NA;NA;NA;NA;NA;NA;NA;NA;NA;NA;NA;NA;NA;NA;NA;NA;"Dia";"Dia";NA;NA;NA;NA;NA;"Mo-Sa 09:00-21:30";NA;NA;NA;NA;NA;NA;NA;NA;NA;NA;NA;NA;NA;NA;NA;NA;NA;NA;NA;NA;"supermarket";NA;NA;NA;NA;NA;NA;NA;-0,3634684;39,4608482
"node/4989970386";"node/4989970386";NA;NA;NA;NA;NA;NA;NA;NA;NA;NA;NA;NA;NA;NA;NA;NA;NA;NA;NA;NA;NA;NA;NA;NA;NA;NA;NA;NA;NA;NA;NA;NA;NA;NA;NA;NA;"farm";NA;NA;NA;NA;NA;NA;NA;NA;NA;"only";NA;NA;NA;NA;NA;NA;NA;NA;NA;NA;NA;NA;NA;NA;NA;NA;NA;"supermarket";NA;NA;NA;NA;NA;NA;NA;-0,3352166;39,460636
"node/5060618463";"node/5060618463";NA;NA;NA;NA;NA;NA;NA;NA;NA;NA;NA;NA;"Supercor";NA;"Q6135841";"es:Supercor";NA;NA;NA;NA;NA;NA;NA;NA;NA;NA;NA;NA;NA;NA;NA;NA;NA;NA;NA;NA;"Supercor";NA;NA;NA;NA;NA;NA;"Mo-Su,PH 07:00-01:00";NA;NA;NA;NA;NA;NA;NA;NA;NA;NA;NA;NA;NA;NA;NA;NA;NA;NA;NA;NA;"supermarket";NA;NA;NA;NA;NA;"yes";NA;-0,3573161;39,4570221
"node/5075087170";"node/5075087170";"València";NA;NA;NA;"5-7";"46007";"Carrer de Fontanars dels Alforins";NA;NA;NA;NA;NA;"Consum";NA;"Q8350308";"es:Consum";NA;NA;NA;NA;NA;NA;NA;NA;NA;NA;NA;NA;NA;NA;NA;NA;NA;NA;NA;NA;"Consum";"Consum";NA;NA;NA;NA;NA;NA;NA;NA;NA;NA;NA;NA;NA;NA;NA;NA;NA;NA;NA;NA;NA;"+34 963778288";NA;NA;NA;NA;"supermarket";NA;NA;NA;NA;"https://www.consum.es/";NA;NA;-0,3911177;39,456984
"node/5176209525";"node/5176209525";NA;NA;NA;NA;NA;NA;NA;NA;NA;NA;NA;NA;"Mercadona";NA;"Q377705";"es:Mercadona";NA;NA;NA;NA;NA;NA;NA;NA;NA;NA;NA;NA;NA;NA;NA;NA;NA;NA;NA;NA;"Mercadona";"Mercadona";NA;NA;NA;NA;NA;"Mo-Sa 09:00-21:30";NA;NA;NA;NA;NA;NA;NA;NA;NA;NA;NA;NA;NA;NA;NA;NA;NA;NA;NA;NA;"supermarket";NA;NA;NA;NA;"https://www.mercadona.es";NA;NA;-0,3541321;39,4633336
"node/5247592422";"node/5247592422";"València";NA;NA;NA;NA;NA;"Avinguda de la Gola del Pujol";NA;NA;"yes";NA;NA;NA;NA;NA;NA;NA;NA;NA;NA;NA;NA;NA;NA;"yes";NA;NA;"no";NA;NA;"no";NA;NA;NA;NA;NA;"Mar Market";NA;"supermercado";NA;NA;NA;NA;"Jun-Sep: Mo-Sa 09:00-14:00,18:00-21:00; Jun-Sep: Su 09:00-14:00";"MarMarket";NA;NA;NA;"yes";"yes";NA;"yes";"yes";NA;"yes";NA;"yes";NA;NA;NA;NA;NA;NA;NA;"supermarket";"local knowledge";"yes";NA;NA;NA;"yes";NA;-0,3219564;39,3569626
"node/5257504624";"node/5257504624";NA;NA;NA;NA;NA;NA;NA;NA;NA;NA;NA;NA;"Charter";NA;"Q95916752";NA;NA;NA;NA;NA;NA;NA;NA;NA;NA;NA;NA;NA;NA;NA;NA;NA;NA;NA;NA;NA;"Charter";NA;NA;NA;NA;NA;NA;"Mo-Sa 09:00-21:00";NA;NA;NA;NA;NA;NA;NA;NA;NA;NA;NA;NA;NA;NA;NA;"+34 961 36 27 03";NA;NA;NA;NA;"supermarket";NA;NA;NA;"yes";"https://www.consum.es/supermercados/valencia-monestir-de-poblet/";"yes";NA;-0,3925974;39,4859793
"node/5273932723";"node/5273932723";NA;NA;NA;NA;NA;NA;NA;NA;NA;NA;NA;NA;NA;NA;NA;NA;NA;NA;NA;NA;NA;NA;NA;NA;NA;NA;NA;NA;NA;NA;NA;NA;NA;NA;NA;NA;"Unide";NA;NA;NA;NA;NA;NA;NA;NA;NA;NA;NA;NA;NA;NA;NA;NA;NA;NA;NA;NA;NA;NA;NA;NA;NA;NA;NA;"supermarket";NA;NA;NA;NA;NA;NA;NA;-0,3674713;39,4731991
"node/5299082020";"node/5299082020";NA;NA;NA;NA;NA;NA;NA;NA;NA;NA;NA;NA;NA;NA;NA;NA;NA;NA;NA;NA;2024-06-06;NA;NA;NA;NA;NA;NA;NA;NA;NA;NA;NA;NA;NA;NA;NA;"Sarmis Mercado De Sabores Internacionales";NA;NA;NA;NA;NA;NA;NA;NA;NA;NA;NA;NA;NA;NA;NA;NA;NA;NA;NA;NA;NA;NA;NA;NA;NA;NA;NA;"supermarket";NA;NA;NA;NA;NA;NA;NA;-0,3903848;39,4879935
"node/5299082723";"node/5299082723";NA;NA;NA;NA;NA;NA;NA;NA;NA;NA;NA;NA;"Consum";NA;"Q8350308";"es:Consum";NA;NA;NA;NA;NA;NA;NA;NA;NA;NA;NA;NA;NA;NA;NA;NA;NA;NA;NA;NA;"Consum";"Consum";NA;NA;NA;NA;NA;NA;NA;NA;NA;NA;NA;NA;NA;NA;NA;NA;NA;NA;NA;NA;NA;NA;NA;NA;NA;NA;"supermarket";NA;NA;NA;NA;NA;NA;NA;-0,3896146;39,4879404
"node/5606961623";"node/5606961623";NA;NA;NA;NA;NA;NA;NA;NA;NA;NA;NA;NA;"Consum";NA;"Q8350308";"es:Consum";NA;NA;NA;NA;NA;NA;NA;NA;NA;NA;NA;NA;NA;NA;NA;NA;NA;NA;NA;NA;"Consum";"Consum";NA;NA;NA;NA;NA;NA;NA;NA;NA;NA;NA;NA;NA;NA;NA;NA;NA;NA;NA;NA;NA;NA;NA;NA;NA;NA;"supermarket";NA;NA;NA;NA;NA;NA;NA;-0,3892694;39,4897616
"node/5609473044";"node/5609473044";NA;NA;NA;NA;NA;NA;NA;NA;NA;NA;NA;NA;"Consum";NA;"Q8350308";"es:Consum";NA;NA;NA;NA;NA;NA;NA;NA;NA;NA;NA;NA;NA;NA;NA;NA;NA;NA;NA;NA;"Consum";"Consum";NA;NA;NA;NA;NA;NA;NA;NA;NA;NA;NA;NA;NA;NA;NA;NA;NA;NA;NA;NA;NA;NA;NA;NA;NA;NA;"supermarket";NA;NA;NA;NA;NA;NA;NA;-0,3886244;39,4492542
"node/5863363297";"node/5863363297";NA;NA;NA;NA;NA;NA;NA;NA;NA;NA;NA;NA;"Mercadona";NA;"Q377705";"es:Mercadona";NA;NA;NA;NA;NA;NA;NA;NA;NA;NA;NA;NA;NA;NA;NA;NA;NA;NA;NA;NA;"Mercadona";"Mercadona";NA;NA;NA;NA;NA;"Mo-Fr 09:00-21:30";NA;NA;NA;NA;"yes";NA;NA;"yes";"yes";NA;NA;NA;NA;NA;NA;NA;NA;NA;NA;NA;"supermarket";NA;NA;NA;NA;NA;NA;NA;-0,3839533;39,4843516
"node/5972762969";"node/5972762969";NA;NA;NA;NA;NA;NA;NA;NA;NA;NA;NA;NA;NA;NA;NA;NA;NA;NA;NA;NA;NA;NA;NA;NA;NA;NA;NA;NA;NA;NA;NA;NA;NA;NA;NA;NA;"Coaliment";NA;NA;NA;NA;NA;NA;"PH,Mo-Su 08:00-23:00";NA;NA;NA;NA;NA;NA;NA;NA;NA;NA;NA;NA;NA;NA;NA;NA;NA;NA;NA;NA;"supermarket";NA;NA;NA;NA;NA;NA;NA;-0,3632382;39,4751448
"node/6263488216";"node/6263488216";"València";NA;NA;NA;"35";"46020";"Carrer d'Enric Navarro";NA;NA;NA;NA;NA;"Charter";NA;"Q95916752";"ca:Consum (cooperativa)";NA;NA;NA;NA;NA;NA;NA;NA;NA;NA;NA;NA;NA;NA;NA;NA;NA;NA;NA;NA;"Charter";NA;NA;NA;NA;NA;NA;"Mo-Sa 08:30-21:30; Su 09:00-21:00";"Consum";NA;NA;NA;NA;NA;NA;NA;NA;NA;NA;NA;NA;NA;NA;NA;NA;NA;NA;NA;"supermarket";NA;NA;NA;NA;NA;NA;NA;-0,356883;39,4844439
"node/6265563397";"node/6265563397";"València";NA;NA;NA;"16";"46020";"Carrer de Mistral";NA;NA;NA;NA;NA;"Dia";NA;"Q925132";"es:DIA (supermercados)";NA;NA;NA;NA;NA;NA;NA;NA;NA;NA;NA;NA;NA;NA;NA;NA;NA;NA;NA;NA;"Dia";"Dia";NA;NA;NA;NA;NA;"Mo-Sa 09:00-21:30";"Dia";NA;NA;NA;NA;NA;NA;NA;NA;NA;NA;NA;NA;NA;NA;NA;NA;NA;NA;NA;"supermarket";NA;NA;NA;NA;NA;NA;NA;-0,3580045;39,4849349
"node/6291636875";"node/6291636875";NA;NA;NA;NA;NA;NA;NA;NA;NA;NA;NA;NA;"Consum";NA;"Q8350308";"es:Consum";NA;NA;NA;NA;NA;NA;NA;NA;NA;NA;NA;NA;NA;NA;NA;NA;NA;NA;NA;NA;"Consum";"Consum";NA;NA;NA;NA;NA;"Mo-Sa 09:00-21:30";NA;NA;NA;NA;NA;NA;NA;NA;NA;NA;NA;NA;NA;NA;NA;NA;NA;NA;NA;NA;"supermarket";NA;NA;NA;NA;NA;NA;NA;-0,3622866;39,4873945
"node/6318095963";"node/6318095963";NA;NA;NA;NA;NA;NA;NA;NA;NA;NA;NA;NA;"Consum";NA;"Q8350308";"es:Consum";NA;NA;NA;NA;NA;NA;NA;NA;NA;NA;NA;NA;NA;NA;NA;NA;NA;NA;NA;NA;"Consum";"Consum";NA;NA;NA;NA;NA;"Mo-Sa 09:00-21:30";NA;NA;NA;NA;NA;NA;NA;NA;NA;NA;NA;NA;NA;NA;NA;NA;NA;NA;NA;NA;"supermarket";NA;NA;NA;NA;NA;NA;NA;-0,3781217;39,4829896
"node/6318095964";"node/6318095964";NA;NA;NA;NA;NA;NA;NA;NA;NA;NA;NA;NA;"Mercadona";NA;"Q377705";"es:Mercadona";NA;NA;NA;NA;NA;NA;NA;NA;NA;NA;NA;NA;NA;NA;NA;NA;NA;NA;NA;NA;"Mercadona";"Mercadona";NA;NA;NA;NA;NA;NA;NA;NA;NA;NA;NA;NA;NA;NA;NA;NA;NA;NA;NA;NA;NA;NA;NA;NA;NA;NA;"supermarket";NA;NA;NA;NA;NA;NA;NA;-0,3598548;39,4894582
"node/6320623003";"node/6320623003";NA;NA;NA;NA;NA;NA;NA;NA;NA;NA;NA;NA;NA;NA;NA;NA;NA;NA;NA;NA;NA;NA;NA;NA;NA;NA;NA;NA;NA;NA;NA;NA;NA;NA;NA;NA;"Coaliment";NA;NA;NA;NA;NA;NA;"Mo-Su 10:00-23:00";NA;NA;NA;NA;NA;NA;NA;NA;NA;NA;NA;NA;NA;NA;NA;NA;NA;NA;NA;NA;"supermarket";NA;NA;NA;NA;NA;NA;NA;-0,3632266;39,4839114
"node/6337557628";"node/6337557628";NA;NA;NA;NA;NA;NA;NA;NA;NA;NA;NA;NA;"Consum";NA;"Q8350308";"es:Consum";NA;NA;NA;NA;NA;NA;NA;NA;NA;NA;NA;NA;NA;NA;NA;NA;NA;NA;NA;NA;"Consum";"Consum";NA;NA;NA;NA;NA;NA;NA;NA;NA;NA;NA;NA;NA;NA;NA;NA;NA;NA;NA;NA;NA;NA;NA;NA;NA;NA;"supermarket";NA;NA;NA;NA;NA;NA;NA;-0,3712953;39,4928347
"node/6395687842";"node/6395687842";NA;NA;NA;NA;"6";NA;"Carrer de Misser Mascó";NA;NA;NA;NA;NA;NA;NA;NA;NA;NA;NA;NA;NA;NA;NA;NA;NA;NA;NA;NA;NA;NA;NA;NA;NA;NA;NA;NA;NA;"Flipo en Verde";NA;NA;NA;NA;NA;NA;"Mo-Sa 10:00-14:00; Mo-Fr 17:00-20:30";NA;NA;"only";NA;NA;NA;NA;NA;NA;NA;NA;NA;NA;NA;NA;NA;NA;NA;NA;NA;"supermarket";NA;NA;NA;NA;NA;NA;NA;-0,3651775;39,4761041
"node/6395687843";"node/6395687843";"València";NA;NA;NA;"13";"46007";"Carrer d'Albacete";NA;NA;NA;NA;NA;NA;NA;NA;NA;NA;NA;NA;"yes";NA;NA;NA;NA;NA;NA;NA;NA;"valencia@granelslowshop.com";NA;NA;NA;NA;NA;NA;NA;"Granel Valencia";NA;NA;NA;NA;NA;NA;"Mo-Sa 10:00-14:00; Mo-Fr 17:00-20:00";NA;NA;"only";NA;NA;NA;NA;NA;NA;NA;NA;NA;NA;NA;NA;"+34 960019443";NA;NA;NA;NA;"supermarket";NA;NA;NA;NA;"https://granel.cat/ca/shop/granel-valencia/";NA;NA;-0,3832271;39,4641192
"node/6395687844";"node/6395687844";NA;NA;NA;NA;NA;NA;NA;NA;NA;NA;NA;NA;NA;NA;NA;NA;NA;NA;NA;NA;NA;NA;NA;NA;NA;NA;NA;NA;NA;NA;NA;NA;NA;NA;NA;NA;"Al Grano";NA;NA;NA;NA;NA;NA;NA;NA;NA;"only";NA;NA;NA;NA;NA;NA;NA;NA;NA;NA;NA;NA;NA;NA;NA;NA;NA;"supermarket";NA;NA;NA;NA;NA;NA;NA;-0,3326371;39,467226
"node/6395687845";"node/6395687845";"València";"València";NA;NA;"45";NA;"Carrer de Cuba";NA;NA;NA;NA;NA;NA;NA;NA;NA;NA;NA;NA;NA;NA;NA;NA;NA;NA;NA;NA;NA;NA;NA;NA;NA;NA;NA;NA;NA;"Biosofia";NA;NA;NA;NA;NA;NA;"Mo-Fr 10:30-14:00, 17:30-20:30; Sa-Su 10:30-14:00";NA;NA;"only";NA;NA;NA;NA;NA;NA;NA;NA;NA;NA;NA;NA;NA;NA;NA;NA;NA;"supermarket";NA;NA;NA;NA;NA;"yes";NA;-0,3758709;39,4605336
"node/6395687847";"node/6395687847";NA;NA;NA;NA;"26";NA;"Carrer de Maximilià Thous";NA;NA;NA;NA;NA;NA;NA;NA;NA;NA;NA;NA;NA;NA;NA;NA;NA;NA;"Tienda cooperativa de productos ecológicos y de proximidad.";NA;NA;NA;NA;NA;NA;NA;NA;NA;NA;"Som Alimentació";"Som Alimentació";NA;NA;NA;NA;NA;NA;NA;NA;"yes";NA;NA;NA;NA;NA;NA;NA;NA;NA;NA;NA;NA;NA;NA;NA;NA;NA;"supermarket";NA;NA;NA;NA;"https://somalimentacio.com";NA;NA;-0,3738134;39,4874655
"node/6395687848";"node/6395687848";NA;NA;NA;NA;"28";NA;"Avinguda de Valladolid";NA;NA;NA;NA;NA;NA;NA;NA;NA;NA;NA;NA;NA;NA;NA;NA;NA;NA;NA;NA;NA;NA;NA;NA;NA;NA;NA;NA;NA;"Fruos Secos Oliguer";NA;NA;NA;NA;NA;NA;NA;NA;NA;"only";NA;NA;NA;NA;NA;NA;NA;NA;NA;NA;NA;NA;NA;NA;NA;NA;NA;"supermarket";NA;NA;NA;NA;NA;NA;NA;-0,3595834;39,4888042
"node/6404014385";"node/6404014385";NA;NA;NA;NA;"42";"46018";"Carrer de l'Olivereta";NA;NA;NA;NA;NA;"Consum";NA;"Q8350308";"es:Consum";NA;NA;NA;NA;NA;NA;2024-10-18;NA;NA;NA;NA;NA;NA;NA;NA;NA;NA;NA;NA;NA;"Consum";"Consum";NA;NA;NA;NA;NA;"Mo-Sa 09:00-21:30";"Consum Cooperativa";NA;NA;NA;"yes";"yes";"yes";NA;"yes";NA;NA;NA;NA;NA;NA;"+34 96 379 70 80";NA;NA;NA;NA;"supermarket";NA;NA;NA;NA;"https://www.consum.es/directory/listing/valencia-olivereta";NA;NA;-0,3967038;39,4717824
"node/6408986229";"node/6408986229";NA;NA;NA;NA;NA;NA;NA;NA;NA;NA;NA;NA;"Mercadona";NA;"Q377705";"es:Mercadona";NA;NA;NA;NA;NA;NA;NA;NA;NA;NA;NA;NA;NA;NA;NA;NA;NA;NA;NA;NA;"Mercadona";"Mercadona";NA;NA;NA;NA;NA;NA;NA;NA;NA;NA;NA;NA;NA;NA;NA;NA;NA;NA;NA;NA;NA;NA;NA;NA;NA;NA;"supermarket";NA;NA;NA;"no";NA;"yes";NA;-0,383755;39,4557789
"node/6436894203";"node/6436894203";NA;NA;NA;NA;NA;NA;NA;NA;NA;NA;NA;NA;"Consum";NA;"Q8350308";"es:Consum";NA;NA;NA;NA;NA;NA;NA;NA;NA;NA;NA;NA;NA;NA;NA;NA;NA;NA;NA;NA;"Consum";"Consum";NA;NA;NA;NA;NA;NA;NA;NA;NA;NA;NA;NA;NA;NA;NA;NA;NA;NA;NA;NA;NA;NA;NA;NA;NA;NA;"supermarket";NA;NA;NA;NA;NA;NA;NA;-0,3831502;39,4662618
"node/6439787530";"node/6439787530";NA;NA;NA;NA;NA;NA;NA;NA;NA;NA;NA;NA;"Consum";NA;"Q8350308";"es:Consum";NA;NA;NA;NA;NA;NA;NA;NA;NA;NA;NA;NA;NA;NA;NA;NA;NA;NA;NA;NA;"Consum";"Consum";NA;NA;NA;NA;NA;NA;NA;NA;NA;NA;NA;NA;NA;NA;NA;NA;NA;NA;NA;NA;NA;NA;NA;NA;NA;NA;"supermarket";NA;NA;NA;NA;NA;NA;NA;-0,3838755;39,4673306
"node/6443870728";"node/6443870728";"València";NA;NA;NA;"3";"46021";"Carrer de Campoamor";NA;NA;NA;NA;NA;NA;NA;NA;NA;NA;NA;NA;NA;NA;NA;NA;NA;NA;NA;NA;NA;NA;NA;NA;NA;NA;NA;NA;NA;"Dismarket";NA;NA;NA;NA;NA;NA;NA;"Dismarket";NA;NA;NA;NA;NA;NA;NA;NA;NA;NA;NA;NA;NA;NA;NA;NA;NA;NA;NA;"supermarket";NA;NA;NA;NA;"https://dismarket.es/";NA;NA;-0,3531132;39,4726981
"node/6444763097";"node/6444763097";"València";NA;NA;NA;"22";"46025";"Carrer del General Llorens";NA;NA;NA;NA;NA;"Consum";NA;"Q8350308";"es:Consum";NA;NA;NA;NA;NA;NA;NA;NA;NA;NA;NA;NA;NA;NA;NA;NA;NA;NA;NA;NA;"Consum";"Consum";NA;NA;NA;NA;NA;NA;NA;NA;NA;NA;NA;NA;NA;NA;NA;NA;NA;NA;NA;NA;NA;NA;NA;NA;NA;NA;"supermarket";NA;NA;NA;NA;NA;NA;NA;-0,3855803;39,4913859
"node/6445298659";"node/6445298659";NA;NA;NA;NA;NA;NA;NA;NA;NA;NA;NA;NA;"Consum";NA;"Q8350308";"es:Consum";NA;NA;NA;NA;NA;NA;NA;NA;NA;NA;NA;NA;NA;NA;NA;NA;NA;NA;NA;NA;"Consum";"Consum";NA;NA;NA;NA;NA;NA;NA;NA;NA;NA;NA;NA;NA;NA;NA;NA;NA;NA;NA;NA;NA;NA;NA;NA;NA;NA;"supermarket";NA;NA;NA;NA;NA;NA;NA;-0,3895155;39,4925861
"node/6445318707";"node/6445318707";"València";NA;NA;NA;"4";"46025";"Avinguda de l'Equador";NA;NA;NA;NA;NA;"Mercadona";NA;"Q377705";"es:Mercadona";NA;NA;NA;NA;NA;NA;NA;NA;NA;NA;NA;NA;NA;NA;NA;NA;NA;NA;NA;NA;"Mercadona";"Mercadona";NA;NA;NA;NA;NA;NA;NA;NA;NA;NA;NA;NA;NA;NA;NA;NA;NA;NA;NA;NA;NA;NA;NA;NA;NA;NA;"supermarket";NA;NA;NA;NA;NA;NA;NA;-0,3872426;39,4930174
"node/6468326586";"node/6468326586";"València";NA;NA;NA;NA;"46022";"Carrer de José Aguilar";NA;NA;NA;NA;NA;"Mercadona";NA;"Q377705";"es:Mercadona";NA;NA;NA;NA;NA;NA;NA;NA;NA;NA;NA;NA;NA;NA;NA;NA;NA;NA;NA;NA;"Mercadona";"Mercadona";NA;NA;NA;NA;NA;"09:00-21:30";"Mercadona";NA;NA;NA;NA;NA;NA;NA;NA;NA;NA;NA;NA;NA;NA;"+34 963309941";NA;NA;NA;NA;"supermarket";"https://www.mercadona.es/list_prov.php";NA;NA;NA;"https://www.mercadona.es";NA;NA;-0,340235;39,4647971
"node/6473384823";"node/6473384823";NA;NA;NA;NA;NA;NA;NA;NA;NA;NA;NA;NA;"Dia Market";NA;"Q925132";"es:Supermercados DIA";NA;NA;NA;NA;NA;NA;NA;NA;NA;NA;NA;NA;NA;NA;NA;NA;NA;NA;NA;NA;"Dia Market";NA;NA;NA;NA;NA;NA;NA;NA;NA;NA;NA;NA;NA;NA;NA;NA;NA;NA;NA;NA;NA;NA;NA;NA;NA;NA;NA;"supermarket";NA;NA;NA;NA;NA;NA;NA;-0,3471009;39,4687887
"node/6520546739";"node/6520546739";"València";NA;NA;NA;"91";"46021";"Avinguda del Cardenal Benlloch";NA;NA;NA;NA;NA;"Mercadona";NA;"Q377705";"es:Mercadona";NA;NA;NA;NA;NA;NA;NA;NA;NA;NA;NA;NA;NA;NA;NA;NA;NA;NA;NA;NA;"Mercadona";"Mercadona";NA;NA;NA;NA;NA;"Mo-Sa 09:00-21:30";NA;NA;NA;NA;NA;NA;NA;NA;NA;NA;NA;NA;NA;NA;NA;NA;NA;NA;NA;NA;"supermarket";NA;NA;NA;NA;NA;NA;NA;-0,3535618;39,4735682
"node/6625118553";"node/6625118553";"València";NA;NA;NA;NA;"46009";"C/ PROFESOR BELTRÁN BÁGUENA";NA;NA;NA;NA;NA;"Mercadona";NA;"Q377705";"es:Mercadona";NA;NA;NA;NA;NA;NA;NA;NA;NA;NA;NA;NA;NA;NA;NA;NA;NA;"-1";NA;"indoor";"Mercadona";"Mercadona";NA;NA;NA;NA;NA;NA;NA;NA;NA;NA;NA;NA;NA;NA;NA;NA;NA;NA;NA;NA;NA;NA;NA;NA;NA;NA;"supermarket";NA;NA;NA;NA;NA;NA;NA;-0,3903765;39,4816864
"node/6638503684";"node/6638503684";"València";NA;NA;NA;"235";NA;"Carrer d'Alejandra Soler (Mestra)";NA;NA;NA;NA;NA;"Consum";NA;"Q8350308";"es:Consum";NA;NA;NA;NA;NA;NA;NA;NA;NA;NA;NA;NA;NA;NA;NA;NA;NA;NA;NA;NA;"Consum";"Consum";NA;NA;NA;NA;NA;NA;NA;NA;NA;NA;NA;NA;NA;NA;NA;NA;NA;NA;NA;NA;NA;"+34 963 915025";NA;NA;NA;NA;"supermarket";NA;NA;NA;NA;NA;NA;NA;-0,3829178;39,4775607
"node/6732268387";"node/6732268387";NA;NA;NA;NA;NA;NA;NA;NA;NA;NA;NA;NA;NA;NA;NA;NA;NA;NA;NA;NA;NA;NA;NA;NA;NA;NA;NA;NA;NA;NA;NA;NA;NA;NA;NA;NA;"Herbolario Navarro";NA;NA;NA;NA;NA;NA;NA;NA;NA;NA;NA;NA;NA;NA;NA;NA;NA;NA;NA;NA;NA;NA;NA;NA;NA;NA;NA;"supermarket";NA;NA;NA;NA;NA;NA;NA;-0,3587836;39,4709043
"node/6761092925";"node/6761092925";"València";"València";NA;NA;NA;"46005";"Gran Via del Marqués del Túria";NA;NA;NA;NA;NA;"Lidl";NA;"Q151954";NA;NA;NA;NA;NA;2024-10-10;NA;NA;NA;NA;NA;NA;NA;NA;NA;NA;NA;NA;NA;NA;NA;"Lidl";NA;NA;NA;NA;NA;NA;"Mo-Sa 09:00-21:30; Su off";NA;NA;NA;NA;NA;NA;NA;"yes";"yes";NA;NA;NA;NA;NA;NA;NA;NA;NA;NA;NA;"supermarket";"survey";NA;NA;NA;NA;NA;NA;-0,368154;39,4670018
"node/6822206462";"node/6822206462";NA;NA;NA;NA;NA;NA;NA;NA;NA;NA;NA;NA;NA;NA;NA;NA;NA;NA;NA;NA;NA;NA;NA;NA;NA;NA;NA;NA;NA;NA;NA;NA;NA;NA;NA;NA;"Supermercado Taj Mahal";NA;NA;NA;NA;NA;NA;NA;NA;NA;NA;NA;NA;NA;NA;NA;NA;NA;NA;NA;NA;NA;NA;NA;NA;NA;NA;NA;"supermarket";NA;NA;NA;NA;NA;NA;NA;-0,3503244;39,4672652
"node/6997447769";"node/6997447769";"València";NA;NA;NA;"79";"46007";"Carrer de Sant Vicent Màrtir";NA;NA;NA;NA;NA;"Mercadona";NA;"Q377705";"es:Mercadona";NA;NA;NA;NA;NA;NA;NA;NA;NA;NA;NA;NA;NA;NA;NA;NA;NA;NA;NA;NA;"Mercadona";"Mercadona";NA;NA;NA;NA;NA;"Mo-Sa 09:00-21:30";NA;NA;NA;NA;NA;NA;NA;NA;NA;NA;NA;NA;NA;NA;NA;"+34 96 352 00 86";NA;NA;NA;NA;"supermarket";NA;NA;NA;NA;"https://www.mercadona.es";NA;NA;-0,3801377;39,4674936
"node/7007615513";"node/7007615513";NA;NA;NA;NA;NA;NA;NA;NA;NA;NA;NA;NA;"Mercadona";NA;"Q377705";"es:Mercadona";NA;NA;NA;NA;NA;NA;NA;NA;NA;NA;NA;NA;NA;NA;NA;NA;NA;NA;NA;NA;"Mercadona";"Mercadona";NA;NA;NA;NA;NA;NA;NA;NA;NA;NA;NA;NA;NA;NA;NA;NA;NA;NA;NA;NA;NA;NA;NA;NA;NA;NA;"supermarket";NA;NA;NA;NA;NA;NA;NA;-0,3888356;39,4483975
"node/7010619306";"node/7010619306";NA;NA;NA;NA;NA;NA;NA;NA;NA;NA;NA;NA;"Consum";NA;"Q8350308";"es:Consum";NA;NA;NA;NA;NA;NA;NA;NA;NA;NA;NA;NA;NA;NA;NA;NA;NA;NA;NA;NA;"Consum";"Consum";NA;NA;NA;NA;NA;NA;NA;NA;NA;NA;NA;NA;NA;NA;NA;NA;NA;NA;NA;NA;NA;NA;NA;NA;NA;NA;"supermarket";NA;NA;NA;NA;NA;NA;NA;-0,3888771;39,449606
"node/7012002431";"node/7012002431";NA;NA;NA;NA;NA;NA;NA;NA;NA;NA;NA;NA;"Consum";NA;"Q8350308";"es:Consum";NA;NA;NA;NA;NA;NA;NA;NA;NA;NA;NA;NA;NA;NA;NA;NA;NA;NA;NA;NA;"Consum";"Consum";NA;NA;NA;NA;NA;NA;"Consum";NA;NA;NA;NA;NA;NA;NA;NA;NA;NA;NA;NA;NA;NA;NA;NA;NA;NA;NA;"supermarket";NA;NA;NA;NA;NA;NA;NA;-0,3915162;39,4492014
"node/7037829545";"node/7037829545";NA;NA;NA;NA;NA;NA;NA;NA;NA;NA;NA;NA;"Consum";NA;"Q8350308";"es:Consum";NA;NA;NA;NA;2026-02-11;NA;NA;NA;NA;NA;NA;NA;NA;NA;NA;NA;NA;NA;NA;NA;"Consum";"Consum";NA;NA;NA;NA;NA;"Mo-Sa 09:00-21:30";"Consum";NA;NA;NA;NA;NA;NA;NA;NA;NA;NA;NA;NA;NA;NA;NA;NA;NA;NA;NA;"supermarket";NA;NA;NA;NA;NA;NA;NA;-0,3919188;39,4527579
"node/7048720801";"node/7048720801";NA;NA;NA;NA;NA;NA;NA;NA;NA;NA;NA;NA;"Consum";NA;"Q8350308";"es:Consum";NA;NA;NA;NA;NA;NA;NA;NA;NA;NA;NA;NA;NA;NA;NA;NA;NA;NA;NA;NA;"Consum";"Consum";NA;NA;NA;NA;NA;NA;"Consum";NA;NA;NA;NA;NA;NA;NA;NA;NA;NA;NA;NA;NA;NA;NA;NA;NA;NA;NA;"supermarket";NA;NA;NA;NA;NA;NA;NA;-0,3894512;39,4527045
"node/7229695329";"node/7229695329";NA;NA;NA;NA;NA;NA;NA;NA;NA;NA;NA;NA;"Consum";NA;"Q8350308";"es:Consum";NA;NA;NA;NA;NA;NA;NA;NA;NA;NA;NA;NA;NA;NA;NA;NA;NA;NA;NA;NA;"Consum";"Consum";NA;NA;NA;NA;NA;NA;NA;NA;NA;NA;NA;NA;NA;NA;NA;NA;NA;NA;NA;NA;NA;NA;NA;NA;NA;NA;"supermarket";NA;NA;NA;NA;NA;NA;NA;-0,3867191;39,4578518
"node/7229695333";"node/7229695333";NA;NA;NA;NA;NA;NA;NA;NA;NA;NA;NA;NA;"Consum";NA;"Q8350308";"es:Consum";NA;NA;NA;NA;NA;NA;NA;NA;NA;NA;NA;NA;NA;NA;NA;NA;NA;NA;NA;NA;"Consum";"Consum";NA;NA;NA;NA;NA;"Mo-Sa 09:00-21:30";NA;NA;NA;NA;NA;NA;NA;NA;NA;NA;NA;NA;NA;NA;NA;NA;NA;NA;NA;NA;"supermarket";NA;NA;NA;NA;NA;NA;NA;-0,3860603;39,4574628
"node/7246953333";"node/7246953333";NA;NA;NA;NA;NA;NA;NA;NA;NA;NA;NA;NA;"Consum";NA;"Q8350308";"es:Consum";NA;NA;NA;NA;NA;NA;NA;NA;NA;NA;NA;NA;NA;NA;NA;NA;NA;NA;NA;NA;"Consum";"Consum";NA;NA;NA;NA;NA;NA;NA;NA;NA;NA;NA;NA;NA;NA;NA;NA;NA;NA;NA;NA;NA;NA;NA;NA;NA;NA;"supermarket";NA;NA;NA;NA;NA;NA;NA;-0,3833803;39,4639196
"node/7472366410";"node/7472366410";NA;NA;NA;NA;NA;NA;NA;NA;NA;NA;NA;NA;"Consum";NA;"Q8350308";"es:Consum";NA;NA;NA;NA;NA;NA;NA;NA;NA;NA;NA;NA;NA;NA;NA;NA;NA;NA;NA;NA;"Consum";"Consum";NA;NA;NA;NA;NA;"Mo-Sa 09:00-21:30";NA;NA;NA;NA;NA;NA;NA;NA;NA;NA;NA;NA;NA;NA;NA;NA;NA;NA;NA;NA;"supermarket";NA;NA;NA;NA;NA;NA;NA;-0,3964244;39,46336
"node/7500302811";"node/7500302811";NA;NA;NA;NA;NA;NA;NA;NA;NA;NA;NA;NA;NA;NA;NA;NA;NA;NA;NA;NA;NA;NA;NA;NA;NA;NA;NA;NA;NA;NA;NA;NA;NA;NA;NA;NA;"Blat Market";NA;NA;NA;NA;NA;NA;NA;NA;NA;NA;NA;NA;NA;NA;NA;NA;NA;NA;NA;NA;NA;NA;NA;NA;NA;NA;NA;"supermarket";NA;NA;NA;NA;NA;NA;NA;-0,3591693;39,4887294
"node/7502644727";"node/7502644727";NA;NA;NA;NA;NA;NA;NA;NA;NA;NA;NA;NA;"Masymas";NA;"Q6135987";"es:Supermercados Masymas";NA;NA;NA;NA;NA;NA;NA;NA;NA;NA;NA;NA;NA;NA;NA;NA;NA;NA;NA;NA;"Masymas";NA;NA;NA;NA;NA;NA;NA;NA;NA;NA;NA;NA;NA;NA;NA;NA;NA;NA;NA;NA;NA;NA;NA;NA;NA;NA;NA;"supermarket";NA;NA;NA;NA;NA;NA;NA;-0,3567406;39,4661391
"node/8016700985";"node/8016700985";NA;NA;NA;NA;"19";NA;"Carrer del Doctor Lluch";NA;NA;NA;NA;NA;"Suma";NA;"Q58012362";NA;NA;NA;NA;NA;NA;NA;NA;NA;NA;NA;NA;NA;NA;NA;NA;NA;NA;NA;NA;NA;"Suma";"Suma";NA;NA;NA;NA;NA;"Mo-Sa 09:00-21:00; Su,PH 09:00-14:00, 18:00-21:00";NA;NA;NA;NA;NA;NA;NA;NA;NA;NA;NA;NA;NA;NA;NA;NA;NA;NA;NA;NA;"supermarket";NA;NA;NA;NA;"https://www.sumasupermercados.es/es/content/suma-express-la-reina-valencia-19";NA;NA;-0,3291837;39,4643129
"node/8752457390";"node/8752457390";NA;NA;NA;NA;NA;NA;NA;NA;NA;NA;NA;NA;NA;NA;NA;NA;NA;NA;NA;NA;NA;NA;NA;NA;NA;NA;NA;NA;NA;NA;NA;NA;NA;NA;NA;NA;"Coaliment";NA;NA;NA;NA;NA;NA;"Mo-Su,PH 10:00-15:00,17:00-21:30";NA;NA;NA;NA;NA;NA;NA;NA;NA;NA;NA;NA;NA;NA;NA;NA;NA;NA;NA;NA;"supermarket";NA;NA;NA;NA;NA;NA;NA;-0,3400408;39,4721634
"node/8758336403";"node/8758336403";NA;NA;NA;NA;"66";"46021";"Avinguda de Blasco Ibáñez";NA;NA;NA;NA;NA;NA;NA;NA;NA;NA;NA;NA;NA;NA;NA;NA;NA;NA;NA;NA;NA;NA;NA;NA;NA;NA;NA;NA;NA;"Veritas";NA;NA;NA;NA;NA;NA;"Mo-Sa 09:00-21:30";NA;NA;"only";NA;NA;NA;NA;NA;NA;NA;NA;NA;NA;NA;NA;NA;NA;NA;NA;NA;"supermarket";NA;NA;NA;NA;"https://shop.veritas.es/";NA;NA;-0,3538977;39,4752631
"node/8930327503";"node/8930327503";NA;NA;NA;NA;NA;NA;NA;NA;NA;NA;NA;NA;"Consum";NA;"Q8350308";"es:Consum";NA;NA;NA;NA;NA;NA;NA;NA;NA;NA;NA;NA;NA;NA;NA;NA;NA;NA;NA;NA;"Consum";"Consum";NA;NA;NA;NA;NA;"Mo-Sa 09:00-21:30";NA;NA;NA;NA;NA;NA;NA;NA;NA;NA;NA;NA;NA;NA;NA;NA;NA;NA;NA;NA;"supermarket";NA;NA;NA;NA;NA;NA;NA;-0,3750575;39,4612087
"node/8945668838";"node/8945668838";NA;NA;NA;NA;"12";"46018";"Carrer de Llorca";NA;NA;NA;NA;NA;"Consum";NA;"Q8350308";"es:Consum";NA;NA;NA;NA;NA;NA;NA;NA;NA;"Supermercado Consum";NA;NA;NA;NA;NA;NA;NA;NA;NA;NA;"Consum";"Consum";NA;NA;NA;NA;NA;"Mo-Sa 09:00-21:30";NA;NA;NA;NA;NA;NA;NA;NA;NA;NA;NA;NA;NA;NA;NA;"+34 963852939";NA;NA;NA;NA;"supermarket";NA;NA;NA;NA;"https://consum.es/";NA;NA;-0,3924169;39,4680068
"node/9378941027";"node/9378941027";"València";NA;NA;NA;"49";"46018";"Carrer de la Democràcia";NA;NA;NA;NA;NA;"Mercadona";NA;"Q377705";"en:Mercadona";NA;NA;NA;NA;NA;NA;NA;NA;NA;NA;NA;NA;NA;NA;NA;NA;NA;NA;NA;NA;"Mercadona";"Mercadona";NA;NA;NA;NA;NA;"Mo-Sa 09:00-21:30";NA;NA;NA;NA;"yes";NA;NA;"yes";NA;NA;NA;NA;NA;NA;NA;"+34 963 79 09 13";NA;NA;NA;NA;"supermarket";NA;NA;NA;NA;"https://mercadona.es";NA;NA;-0,3999753;39,4733742
"node/9422617622";"node/9422617622";NA;NA;NA;NA;NA;NA;NA;NA;NA;NA;NA;NA;NA;NA;NA;NA;NA;NA;NA;NA;NA;NA;NA;NA;NA;NA;NA;NA;NA;NA;NA;NA;NA;NA;NA;NA;"Bazar Jin Li Lai";NA;NA;NA;NA;NA;NA;NA;NA;NA;NA;NA;NA;NA;NA;NA;NA;NA;NA;NA;NA;NA;NA;NA;NA;NA;NA;NA;"supermarket";NA;NA;NA;NA;NA;NA;NA;-0,3745218;39,454476
"node/9422824207";"node/9422824207";NA;NA;NA;NA;NA;NA;NA;NA;NA;NA;NA;NA;NA;NA;NA;NA;NA;NA;NA;NA;NA;NA;NA;NA;NA;NA;NA;NA;NA;NA;NA;NA;NA;NA;NA;NA;"La botiga se sempre";NA;NA;NA;NA;NA;NA;NA;NA;NA;NA;NA;NA;NA;NA;NA;NA;NA;NA;NA;NA;NA;NA;NA;NA;NA;NA;NA;"supermarket";NA;NA;NA;NA;NA;NA;NA;-0,3730073;39,4507373
"node/9422824209";"node/9422824209";NA;NA;NA;NA;NA;NA;NA;NA;NA;NA;NA;NA;NA;NA;NA;NA;NA;NA;NA;NA;NA;NA;NA;NA;NA;NA;NA;NA;NA;NA;NA;NA;NA;NA;NA;NA;"Hiper Huan";NA;NA;NA;NA;NA;NA;NA;NA;NA;NA;NA;NA;NA;NA;NA;NA;NA;NA;NA;NA;NA;NA;NA;NA;NA;NA;NA;"supermarket";NA;NA;NA;NA;NA;NA;NA;-0,3729518;39,4506555
"node/9422824213";"node/9422824213";NA;NA;NA;NA;NA;NA;NA;NA;NA;NA;NA;NA;NA;NA;NA;NA;NA;NA;NA;NA;NA;NA;NA;NA;NA;NA;NA;NA;NA;NA;NA;NA;NA;NA;NA;NA;"Alimentación Salamanca (frutería)";NA;NA;NA;NA;NA;NA;NA;NA;NA;NA;NA;NA;NA;NA;NA;NA;NA;NA;NA;NA;NA;NA;NA;NA;NA;NA;NA;"supermarket";NA;NA;NA;NA;NA;NA;NA;-0,3728287;39,4504787
"node/9556107317";"node/9556107317";NA;NA;NA;NA;"105";"46018";"Avinguda de Pérez Galdós";NA;NA;NA;NA;NA;"Consum";NA;"Q8350308";"es:Consum";NA;NA;NA;NA;NA;NA;NA;NA;NA;NA;NA;NA;NA;NA;NA;NA;NA;NA;NA;NA;"Consum";"Consum";NA;NA;NA;NA;NA;"Mo-Sa 09:00-21:30";NA;NA;NA;NA;NA;NA;NA;NA;NA;NA;NA;NA;NA;NA;NA;NA;NA;NA;NA;NA;"supermarket";NA;NA;NA;NA;NA;NA;NA;-0,3929659;39,4707589
"node/9560676317";"node/9560676317";NA;NA;NA;NA;NA;NA;"Carrer d'Àngel Guimerà";NA;NA;NA;NA;NA;"Consum";NA;"Q8350308";"es:Consum";NA;NA;NA;NA;NA;NA;NA;NA;NA;NA;NA;NA;NA;NA;"wlan";NA;NA;NA;NA;NA;"Consum";"Consum";NA;NA;NA;NA;NA;"Mo-Sa 09:00-21:30";NA;NA;NA;NA;NA;NA;NA;NA;NA;NA;NA;NA;NA;NA;NA;NA;NA;NA;NA;NA;"supermarket";NA;NA;NA;NA;NA;NA;NA;-0,390803;39,4693083
"node/9611461292";"node/9611461292";NA;NA;NA;NA;"312";NA;"Avinguda del Port";NA;NA;NA;NA;NA;"Suma";NA;"Q58012362";NA;NA;NA;NA;NA;NA;NA;NA;NA;NA;NA;NA;NA;NA;NA;NA;NA;NA;NA;NA;NA;"Suma Express";NA;NA;NA;NA;NA;NA;"Su-Th 09:30-23:00; Fr, Sa 09:30-00:00";NA;NA;NA;NA;NA;NA;NA;NA;NA;NA;NA;NA;NA;NA;NA;NA;NA;NA;NA;NA;"supermarket";NA;NA;NA;NA;"https://www.sumasupermercados.es";NA;NA;-0,3349263;39,4604994
"node/9689803280";"node/9689803280";NA;NA;NA;NA;NA;NA;NA;NA;NA;NA;NA;NA;"Charter";NA;"Q95916752";NA;NA;NA;NA;NA;NA;NA;NA;NA;NA;NA;NA;NA;NA;NA;NA;NA;NA;NA;NA;NA;"Charter";NA;NA;NA;NA;NA;NA;"Mo-Su 09:00-21:30";NA;NA;NA;NA;NA;NA;NA;NA;NA;NA;NA;NA;NA;NA;NA;NA;NA;NA;NA;NA;"supermarket";NA;NA;NA;NA;NA;NA;NA;-0,3391609;39,4596147
"node/9862537305";"node/9862537305";NA;NA;NA;NA;NA;NA;NA;NA;NA;NA;NA;NA;NA;NA;NA;NA;NA;NA;NA;NA;NA;NA;NA;NA;NA;NA;NA;NA;NA;NA;NA;NA;NA;NA;NA;NA;"Baltika";NA;NA;NA;NA;NA;NA;NA;NA;NA;NA;NA;NA;NA;NA;NA;NA;NA;NA;NA;NA;NA;NA;NA;NA;NA;NA;NA;"supermarket";NA;NA;NA;NA;NA;NA;NA;-0,3385853;39,4667692
"node/9876962948";"node/9876962948";"València";NA;NA;NA;"19";"46010";"Avinguda de Suècia";NA;NA;NA;NA;NA;NA;NA;NA;NA;NA;NA;NA;NA;NA;NA;NA;NA;NA;NA;NA;NA;NA;NA;NA;NA;NA;NA;NA;NA;"Kuups Supermercados";NA;NA;NA;NA;NA;NA;NA;NA;NA;NA;NA;NA;NA;NA;NA;NA;NA;NA;NA;NA;NA;NA;NA;NA;NA;NA;NA;"supermarket";NA;NA;NA;NA;NA;NA;NA;-0,3592975;39,4751423
"node/9876962966";"node/9876962966";"València";NA;NA;NA;"6";"46010";"Plaça de Polo de Bernabé";NA;NA;NA;NA;NA;NA;NA;NA;NA;NA;NA;NA;NA;NA;NA;NA;NA;NA;NA;NA;NA;NA;NA;NA;NA;NA;NA;NA;NA;"blanc-markt";NA;NA;NA;NA;NA;NA;NA;NA;NA;NA;NA;NA;NA;NA;NA;NA;NA;NA;NA;NA;NA;NA;"+34962071613";NA;NA;NA;NA;"supermarket";NA;NA;NA;NA;"https://blancmarkt.com/";NA;NA;-0,3627922;39,4746609
"node/9878417505";"node/9878417505";"València";NA;NA;NA;"9";"46004";"Carrer de l'Escultor Josep Capuz";NA;NA;NA;NA;NA;"Suma";NA;"Q58012362";NA;NA;NA;NA;NA;NA;NA;NA;NA;NA;NA;NA;NA;NA;NA;NA;NA;NA;NA;NA;NA;"SUMA Express";NA;NA;NA;NA;NA;NA;"Mo-Su 09:00-21:00";NA;NA;NA;NA;NA;NA;NA;NA;NA;NA;NA;NA;NA;NA;NA;"+34631335875";NA;NA;NA;NA;"supermarket";NA;NA;NA;NA;"https://www.sumasupermercados.es/es";NA;NA;-0,3623997;39,4616091
"node/10287933573";"node/10287933573";NA;NA;NA;NA;"31";NA;"Av. Dr. Waksman";NA;NA;NA;NA;NA;NA;NA;NA;NA;NA;NA;NA;NA;NA;NA;NA;NA;NA;NA;NA;NA;NA;NA;NA;NA;NA;NA;NA;NA;"Kuups";NA;NA;NA;NA;NA;NA;"Mo-Su 09:00-21:30";NA;NA;NA;NA;NA;NA;NA;NA;NA;NA;NA;NA;NA;NA;NA;NA;NA;NA;NA;NA;"supermarket";NA;NA;NA;NA;NA;NA;NA;-0,3721448;39,4563474
"node/10295146716";"node/10295146716";NA;NA;NA;NA;"10";"46004";"Carrera de la Fonteta de Sant Lluís";NA;NA;NA;NA;NA;"Coaliment";NA;NA;NA;NA;NA;NA;NA;NA;NA;NA;NA;NA;NA;NA;NA;NA;NA;NA;NA;NA;NA;NA;NA;"Coaliment";NA;NA;NA;NA;NA;NA;NA;NA;NA;NA;NA;"yes";NA;"yes";"yes";"yes";NA;NA;NA;NA;NA;NA;NA;NA;NA;NA;NA;"supermarket";NA;NA;NA;NA;NA;NA;NA;-0,3717818;39,457928
"node/10402123069";"node/10402123069";"València";NA;NA;NA;"11";"46006";"Avinguda del Doctor Waksman";NA;NA;NA;NA;NA;"Dia";NA;"Q925132";NA;NA;NA;NA;NA;NA;NA;NA;NA;NA;NA;NA;NA;NA;NA;NA;NA;NA;NA;NA;NA;"Dia";"Dia";NA;NA;NA;NA;NA;"Mo-Sa 09:00-21:30";NA;NA;NA;NA;NA;NA;NA;NA;NA;NA;NA;NA;NA;NA;NA;NA;NA;NA;NA;NA;"supermarket";NA;NA;NA;NA;NA;NA;NA;-0,374161;39,4567791
"node/10608291685";"node/10608291685";"València";"València";NA;NA;NA;"46002";NA;NA;NA;NA;NA;NA;NA;NA;NA;NA;NA;NA;NA;NA;2024-10-10;NA;2024-10-10;NA;NA;NA;NA;NA;NA;NA;NA;NA;NA;NA;NA;NA;"Consum";NA;NA;NA;NA;NA;NA;"Mo-Sa 09:00-21:30";NA;NA;"yes";NA;"yes";NA;NA;"yes";"yes";NA;NA;NA;NA;NA;NA;NA;NA;NA;NA;"no";"supermarket";"survey";NA;NA;NA;NA;NA;NA;-0,3687012;39,4691881
"node/10990441387";"node/10990441387";NA;NA;NA;NA;NA;NA;NA;NA;NA;NA;NA;NA;"Mercadona";NA;"Q377705";NA;NA;NA;NA;NA;NA;NA;NA;NA;NA;NA;NA;NA;NA;NA;NA;NA;NA;NA;NA;NA;"Mercadona";NA;NA;NA;NA;NA;NA;NA;NA;NA;NA;NA;NA;NA;NA;NA;NA;NA;NA;NA;NA;NA;NA;NA;NA;NA;NA;NA;"supermarket";NA;NA;NA;NA;NA;NA;NA;-0,3895535;39,4648872
"node/11028064590";"node/11028064590";NA;NA;NA;NA;NA;NA;NA;NA;NA;NA;NA;NA;NA;NA;NA;NA;NA;NA;NA;NA;NA;NA;NA;NA;NA;NA;NA;NA;NA;NA;NA;NA;NA;NA;NA;NA;"Charter";NA;NA;NA;NA;NA;NA;"Mo-Su 09:00-21:30";NA;NA;NA;NA;NA;NA;NA;NA;NA;NA;NA;NA;NA;NA;NA;NA;NA;NA;NA;NA;"supermarket";NA;NA;NA;NA;NA;NA;NA;-0,3801743;39,4806399
"node/11112459475";"node/11112459475";NA;NA;NA;NA;NA;NA;NA;NA;NA;NA;NA;NA;"Charter";NA;"Q95916752";NA;NA;NA;NA;NA;NA;NA;NA;NA;NA;NA;NA;NA;NA;NA;NA;NA;NA;NA;NA;NA;"Charter";NA;NA;NA;NA;NA;NA;NA;NA;NA;NA;NA;NA;NA;NA;NA;NA;NA;NA;NA;NA;NA;NA;NA;NA;NA;NA;NA;"supermarket";NA;NA;NA;NA;NA;NA;NA;-0,387656;39,4555032
"node/11188865653";"node/11188865653";NA;NA;NA;NA;NA;NA;NA;NA;NA;NA;NA;NA;NA;NA;NA;NA;NA;NA;NA;NA;NA;NA;NA;NA;NA;NA;NA;NA;NA;NA;NA;NA;NA;NA;NA;NA;"Consum";NA;NA;NA;NA;NA;NA;NA;NA;NA;NA;NA;NA;NA;NA;NA;NA;NA;NA;NA;NA;NA;NA;NA;NA;NA;NA;NA;"supermarket";NA;NA;NA;NA;NA;NA;NA;-0,3656334;39,428836
"node/11222090408";"node/11222090408";NA;NA;NA;NA;NA;NA;NA;NA;NA;NA;NA;NA;NA;NA;NA;NA;NA;NA;NA;NA;NA;NA;2024-10-22;NA;NA;NA;NA;NA;NA;NA;NA;NA;NA;NA;NA;NA;"Consum";NA;NA;NA;NA;NA;NA;"Mo-Sa 09:00-21:30";NA;NA;NA;NA;NA;NA;NA;"yes";"yes";NA;NA;NA;NA;NA;NA;NA;NA;NA;NA;NA;"supermarket";NA;NA;NA;NA;NA;"yes";NA;-0,3548726;39,4700077
"node/11232500537";"node/11232500537";NA;NA;NA;NA;NA;NA;NA;NA;NA;NA;NA;NA;NA;NA;NA;NA;NA;NA;NA;NA;2025-12-18;2025-12-18;NA;NA;NA;NA;"yes";NA;NA;NA;NA;NA;NA;NA;NA;NA;"Intermarché Super";NA;NA;NA;NA;NA;NA;NA;NA;NA;NA;NA;NA;NA;NA;NA;NA;NA;NA;NA;NA;NA;NA;NA;NA;NA;NA;NA;"supermarket";NA;NA;NA;NA;NA;"yes";NA;-0,3336526;39,4483289
"node/11363919479";"node/11363919479";"València";NA;NA;NA;"59";"46017";"Avinguda Real de Madrid";NA;NA;NA;NA;NA;"Consum";NA;"Q8350308";NA;NA;NA;NA;NA;NA;NA;NA;NA;NA;NA;NA;NA;NA;NA;NA;NA;NA;NA;NA;NA;"Consum";NA;NA;NA;NA;NA;NA;"Mo-Sa 09:00-21:30";NA;NA;NA;NA;NA;NA;NA;NA;NA;NA;NA;NA;NA;NA;NA;NA;NA;NA;NA;NA;"supermarket";NA;NA;NA;NA;NA;NA;NA;-0,3917127;39,4324043
"node/11371781948";"node/11371781948";NA;NA;NA;NA;NA;NA;NA;NA;NA;NA;NA;NA;NA;NA;NA;NA;NA;NA;NA;NA;NA;NA;NA;"https://www.instagram.com/sojaytofu_asian_express/";NA;NA;NA;NA;NA;NA;NA;NA;NA;NA;NA;NA;"Soja & Tofu";"Soja & Tofu";NA;"Soja & Tofu";NA;NA;NA;"Mo-Sa 10:30-21:30";NA;NA;NA;NA;NA;NA;NA;NA;NA;NA;NA;NA;NA;NA;NA;NA;NA;NA;NA;NA;"supermarket";NA;NA;NA;NA;NA;NA;NA;-0,361915;39,4848509
"node/11385772769";"node/11385772769";"València";"València";NA;NA;"60";"46006";"Carrer de Sueca";NA;NA;NA;NA;NA;NA;NA;NA;NA;NA;NA;NA;NA;NA;NA;NA;NA;NA;NA;NA;NA;NA;NA;NA;NA;NA;NA;NA;NA;"Cocó Granel";NA;NA;NA;NA;NA;NA;"Mo-Sa 10:30-14:00, 17:00-20:00";NA;NA;NA;NA;NA;NA;NA;NA;NA;NA;NA;NA;NA;NA;NA;"+34655374641";NA;NA;NA;NA;"supermarket";NA;NA;NA;NA;NA;NA;NA;-0,3739069;39,4596566
"node/11423744204";"node/11423744204";NA;NA;NA;NA;NA;NA;NA;NA;NA;NA;NA;NA;NA;NA;NA;NA;NA;NA;NA;NA;NA;NA;NA;NA;NA;NA;NA;NA;NA;NA;NA;NA;NA;NA;NA;NA;"Suma";NA;NA;NA;NA;NA;NA;"Mo-Su 09:00-21:30";NA;NA;NA;NA;NA;NA;NA;NA;NA;NA;NA;NA;NA;NA;NA;NA;NA;NA;NA;NA;"supermarket";NA;NA;NA;NA;NA;NA;NA;-0,3671389;39,463893
"node/11514088214";"node/11514088214";NA;NA;NA;NA;NA;NA;NA;NA;NA;NA;NA;NA;NA;NA;NA;NA;NA;NA;NA;NA;NA;NA;NA;NA;NA;NA;NA;NA;NA;NA;NA;NA;NA;NA;NA;NA;"Mercadona";NA;NA;NA;NA;NA;NA;"Mo-Sa 09:00-21:30";NA;NA;NA;NA;NA;NA;NA;NA;NA;NA;NA;NA;NA;NA;NA;NA;NA;NA;NA;NA;"supermarket";NA;NA;NA;NA;NA;NA;NA;-0,3626041;39,457857
"node/11657225619";"node/11657225619";NA;NA;NA;NA;NA;NA;NA;NA;NA;NA;NA;NA;"Charter";NA;"Q95916752";NA;NA;NA;NA;NA;NA;NA;NA;NA;NA;NA;NA;NA;NA;NA;NA;NA;NA;NA;NA;NA;"Charter";NA;NA;NA;NA;NA;NA;NA;NA;NA;NA;NA;NA;NA;NA;NA;NA;NA;NA;NA;NA;NA;NA;NA;NA;NA;NA;NA;"supermarket";NA;NA;NA;NA;NA;NA;NA;-0,3503132;39,4708793
"node/11657241190";"node/11657241190";NA;NA;NA;NA;NA;NA;NA;NA;NA;NA;NA;NA;NA;NA;NA;NA;NA;NA;NA;NA;NA;NA;NA;NA;NA;NA;NA;NA;NA;NA;NA;NA;NA;NA;NA;NA;"Kuups";NA;NA;NA;NA;NA;NA;"Mo-Su 09:00-21:30";NA;NA;NA;NA;NA;NA;NA;NA;NA;NA;NA;NA;NA;NA;NA;NA;NA;NA;NA;NA;"supermarket";NA;NA;NA;NA;NA;NA;NA;-0,34104;39,4674518
"node/11700296754";"node/11700296754";NA;NA;NA;NA;NA;NA;NA;NA;NA;NA;NA;NA;NA;NA;NA;NA;NA;NA;NA;NA;2024-03-07;NA;NA;NA;NA;NA;NA;NA;NA;NA;NA;NA;NA;NA;NA;NA;"Primaprix";NA;NA;NA;NA;NA;NA;NA;NA;NA;NA;NA;"yes";NA;NA;"yes";"yes";NA;NA;NA;NA;NA;NA;NA;NA;NA;NA;NA;"supermarket";NA;NA;NA;NA;NA;"yes";NA;-0,3798813;39,4715226
"node/11731569643";"node/11731569643";NA;NA;NA;NA;NA;NA;NA;NA;NA;NA;NA;NA;NA;NA;NA;NA;NA;NA;NA;NA;NA;NA;NA;NA;NA;NA;NA;NA;NA;NA;NA;NA;NA;NA;NA;NA;"Consum";NA;NA;NA;NA;NA;NA;"Mo-Sa 09:00-21:30";NA;NA;NA;NA;NA;NA;NA;NA;NA;NA;NA;NA;NA;NA;NA;NA;NA;NA;NA;NA;"supermarket";NA;NA;NA;NA;NA;NA;NA;-0,3821601;39,4636354
"node/11804872286";"node/11804872286";NA;NA;NA;NA;NA;NA;NA;NA;NA;NA;NA;NA;"Consum";NA;"Q8350308";"es:Consum";NA;NA;NA;NA;NA;NA;NA;NA;NA;NA;NA;NA;NA;NA;NA;NA;NA;NA;NA;NA;"Consum";"Consum";NA;NA;NA;NA;NA;NA;NA;NA;NA;NA;NA;NA;NA;NA;NA;NA;NA;NA;NA;NA;NA;NA;NA;NA;NA;NA;"supermarket";NA;NA;NA;NA;NA;NA;NA;-0,3717257;39,4893165
"node/11804872287";"node/11804872287";NA;NA;NA;NA;NA;NA;NA;NA;NA;NA;NA;NA;"Consum";NA;"Q8350308";"es:Consum";NA;NA;NA;NA;NA;NA;NA;NA;NA;NA;NA;NA;NA;NA;NA;NA;NA;NA;NA;NA;"Consum";"Consum";NA;NA;NA;NA;NA;NA;NA;NA;NA;NA;NA;NA;NA;NA;NA;NA;NA;NA;NA;NA;NA;NA;NA;NA;NA;NA;"supermarket";NA;NA;NA;NA;NA;NA;NA;-0,3727906;39,4895546
"node/11866234832";"node/11866234832";NA;NA;NA;NA;NA;NA;NA;NA;NA;NA;NA;NA;NA;NA;NA;NA;NA;NA;NA;NA;NA;NA;NA;NA;NA;NA;NA;NA;NA;NA;NA;NA;NA;NA;NA;NA;"Z & L II";NA;NA;NA;NA;NA;NA;"Mo-Su 10:30-23:30";NA;NA;NA;NA;NA;NA;NA;NA;NA;NA;NA;NA;NA;NA;NA;NA;NA;NA;NA;NA;"supermarket";NA;NA;NA;NA;NA;NA;NA;-0,3511315;39,476369
"node/12063891493";"node/12063891493";NA;NA;NA;NA;NA;NA;NA;NA;NA;NA;NA;NA;"Mercadona";NA;NA;NA;NA;NA;NA;NA;NA;NA;NA;NA;NA;NA;NA;NA;NA;NA;NA;NA;NA;NA;NA;NA;"Mercadona";NA;NA;NA;NA;NA;NA;NA;NA;NA;NA;NA;NA;NA;NA;NA;NA;NA;NA;NA;NA;NA;NA;NA;NA;NA;NA;NA;"supermarket";NA;NA;NA;NA;NA;NA;NA;-0,3501865;39,4665053
"node/12085431169";"node/12085431169";"València";"València";NA;NA;"63";"46006";"Avinguda de Peris i Valero";NA;NA;NA;NA;NA;NA;NA;NA;NA;NA;NA;NA;NA;NA;NA;NA;NA;NA;NA;NA;NA;NA;NA;NA;NA;NA;NA;NA;NA;"Supermercados Charter";NA;NA;NA;NA;NA;NA;"Mo-Su 09:00-22:30";NA;NA;NA;NA;NA;NA;NA;NA;NA;NA;NA;NA;NA;NA;NA;"+34 961 81 58 83";NA;NA;NA;NA;"supermarket";NA;NA;NA;NA;"https://www.consum.es/en/directory/listing/valencia-peris-y-valero";NA;NA;-0,373489;39,4580759
"node/12097813503";"node/12097813503";NA;NA;NA;NA;NA;NA;NA;NA;NA;NA;NA;NA;"Lidl";NA;"Q151954";NA;NA;NA;NA;NA;NA;NA;NA;NA;NA;NA;NA;NA;NA;NA;NA;NA;NA;NA;NA;NA;"Lidl";NA;NA;NA;NA;NA;NA;"Mo-Sa 09:00-21:30";NA;NA;NA;NA;NA;NA;NA;NA;NA;NA;NA;NA;NA;NA;NA;NA;NA;NA;NA;NA;"supermarket";NA;NA;NA;NA;NA;NA;NA;-0,3668477;39,4609157
"node/12138540233";"node/12138540233";NA;NA;NA;NA;NA;NA;NA;NA;NA;NA;NA;NA;"Suma";NA;"Q58012362";NA;NA;NA;NA;NA;NA;NA;2026-02-04;NA;NA;NA;NA;NA;NA;NA;NA;NA;NA;NA;NA;NA;"Suma";NA;NA;NA;NA;NA;NA;"Mo-Fr 09:00-21:30; Sa,Su,PH 09:00-22:00";NA;NA;NA;NA;NA;NA;NA;NA;NA;NA;NA;NA;NA;NA;NA;NA;NA;NA;NA;NA;"supermarket";NA;NA;NA;NA;NA;NA;NA;-0,36949;39,4606516
"node/12237784781";"node/12237784781";NA;NA;NA;NA;NA;NA;NA;NA;NA;NA;NA;NA;NA;NA;NA;NA;NA;NA;NA;NA;NA;NA;NA;NA;NA;NA;NA;NA;NA;NA;NA;NA;NA;NA;NA;NA;"Suma express";NA;NA;NA;NA;NA;NA;"Mo-Fr 08:30-22:00; Sa,Su,PH 09:00-22:00";NA;NA;NA;NA;NA;NA;NA;NA;NA;NA;NA;NA;NA;NA;NA;NA;NA;NA;NA;NA;"supermarket";NA;NA;NA;NA;NA;NA;NA;-0,3626411;39,484468
"node/12311509905";"node/12311509905";NA;NA;NA;NA;NA;NA;NA;NA;NA;NA;NA;NA;"masymas";NA;"Q6135987";NA;NA;NA;NA;NA;NA;NA;NA;NA;NA;NA;NA;NA;NA;NA;NA;NA;NA;NA;NA;NA;"masymas";NA;NA;NA;NA;NA;NA;"Mo-Sa 09:00-21:30";"Juan Fornés Fornés, S.A.";"Q111519246";NA;NA;NA;NA;NA;NA;NA;NA;NA;NA;NA;NA;NA;NA;NA;NA;NA;NA;"supermarket";NA;NA;NA;NA;NA;NA;NA;-0,3604247;39,4581253
"node/12311534972";"node/12311534972";NA;NA;NA;NA;NA;NA;NA;NA;NA;NA;NA;NA;NA;NA;NA;NA;NA;NA;NA;NA;NA;NA;NA;NA;NA;NA;NA;NA;NA;NA;NA;NA;NA;NA;NA;NA;"SUMAexpress";NA;NA;NA;NA;NA;NA;NA;NA;NA;NA;NA;NA;NA;NA;NA;NA;NA;NA;NA;NA;NA;NA;NA;NA;NA;NA;NA;"supermarket";NA;NA;NA;NA;NA;NA;NA;-0,3597456;39,4546896
"node/12486617927";"node/12486617927";NA;NA;NA;NA;NA;NA;NA;NA;NA;NA;NA;NA;NA;NA;NA;NA;NA;NA;NA;NA;2025-01-09;NA;NA;NA;NA;NA;NA;NA;NA;NA;NA;NA;NA;NA;NA;NA;"Bimark";NA;NA;NA;NA;NA;NA;"Mo-Fr 08:30-21:00; Sa-Su,PH 08:30-14:30,17:00-21:00";NA;NA;NA;NA;NA;NA;NA;NA;NA;NA;NA;NA;NA;NA;NA;NA;NA;NA;NA;NA;"supermarket";NA;NA;NA;NA;NA;NA;NA;-0,3955205;39,4942934
"node/12546266179";"node/12546266179";"València";NA;NA;NA;"10";"46008";"Carrer de Joan Llorenç";NA;NA;NA;NA;NA;"Dia";NA;"Q925132";NA;NA;NA;NA;NA;NA;NA;NA;NA;NA;NA;NA;NA;NA;NA;NA;NA;NA;NA;NA;NA;"Dia";NA;NA;NA;NA;NA;NA;"Mo-Sa 09:00-21:30";NA;NA;NA;NA;NA;NA;NA;NA;NA;NA;NA;NA;NA;NA;NA;"+34912170453";NA;NA;NA;NA;"supermarket";NA;NA;NA;NA;NA;NA;NA;-0,3912931;39,4733224
"node/12655699684";"node/12655699684";"València";NA;NA;NA;"213";"46022";"Avinguda del Port";NA;NA;NA;NA;NA;"Dialprix";NA;"Q129985291";NA;NA;NA;NA;NA;NA;NA;NA;NA;NA;NA;NA;NA;NA;NA;NA;NA;NA;NA;NA;NA;"Dialprix";NA;NA;NA;NA;NA;NA;NA;NA;NA;NA;NA;NA;NA;NA;NA;NA;NA;NA;NA;NA;NA;NA;NA;NA;NA;NA;NA;"supermarket";NA;NA;NA;NA;NA;NA;NA;-0,3397471;39,4622091
"node/12655699685";"node/12655699685";"València";NA;NA;NA;"215";"46022";"Avinguda del Port";NA;NA;NA;NA;NA;NA;NA;NA;NA;NA;NA;NA;NA;NA;NA;NA;NA;NA;NA;NA;NA;NA;NA;NA;NA;NA;NA;NA;NA;"Sqrups";NA;NA;NA;NA;NA;NA;NA;NA;NA;NA;NA;NA;NA;NA;NA;NA;NA;NA;NA;NA;NA;NA;NA;NA;NA;NA;NA;"supermarket";NA;NA;NA;NA;NA;NA;NA;-0,3395892;39,4621632
"node/12724163247";"node/12724163247";NA;NA;NA;NA;NA;NA;NA;NA;NA;NA;NA;NA;NA;NA;NA;NA;NA;NA;NA;NA;NA;NA;NA;NA;NA;NA;NA;NA;NA;NA;NA;NA;NA;NA;NA;NA;"tienda de alimentación";NA;NA;NA;NA;NA;NA;"Su-Th 10:30-01:00, Fr,Sa 10:30-02:00";NA;NA;NA;NA;NA;NA;NA;NA;NA;NA;NA;NA;NA;NA;NA;NA;NA;NA;NA;NA;"supermarket";NA;NA;NA;NA;NA;NA;NA;-0,3629705;39,4861021
"node/12724178201";"node/12724178201";NA;NA;NA;NA;NA;NA;NA;NA;NA;NA;NA;NA;NA;NA;NA;NA;NA;NA;NA;NA;NA;NA;NA;NA;NA;NA;NA;NA;NA;NA;NA;NA;NA;NA;NA;NA;"productos latinos";NA;NA;NA;NA;NA;NA;"Mo-Sa 09:00-14:30,17:00-21:30";NA;NA;NA;NA;NA;NA;NA;NA;NA;NA;NA;NA;NA;NA;NA;NA;NA;NA;NA;NA;"supermarket";NA;NA;NA;NA;NA;NA;NA;-0,3626979;39,4862399
"node/12765911990";"node/12765911990";NA;NA;NA;NA;NA;NA;NA;NA;NA;NA;NA;NA;NA;NA;NA;NA;NA;NA;NA;NA;NA;NA;NA;NA;NA;NA;NA;NA;NA;NA;NA;NA;NA;NA;NA;NA;"Le escencia de la terra";NA;NA;NA;NA;NA;NA;NA;NA;NA;"only";NA;NA;NA;NA;NA;NA;NA;NA;NA;NA;NA;NA;NA;NA;NA;NA;NA;"supermarket";NA;NA;NA;NA;NA;NA;NA;-0,3871792;39,4620579
"node/12770792984";"node/12770792984";NA;NA;NA;NA;NA;NA;NA;NA;NA;NA;NA;NA;"Suma";NA;"Q58012362";NA;NA;NA;NA;NA;NA;NA;NA;NA;NA;NA;NA;NA;NA;NA;NA;NA;NA;NA;NA;NA;"Suma";NA;NA;NA;NA;NA;NA;"Mo-Su,PH 09:00-21:30";NA;NA;NA;NA;NA;NA;NA;NA;NA;NA;NA;NA;NA;NA;NA;NA;NA;NA;NA;NA;"supermarket";NA;NA;NA;NA;NA;"limited";NA;-0,3601638;39,4545328
"node/12863072890";"node/12863072890";NA;NA;NA;NA;NA;NA;NA;NA;NA;NA;NA;NA;"Aldi";NA;"Q41171373";NA;NA;NA;NA;NA;NA;NA;NA;NA;NA;NA;NA;NA;NA;NA;NA;NA;NA;NA;NA;NA;"Aldi";NA;NA;NA;NA;NA;NA;NA;NA;NA;NA;NA;NA;NA;NA;NA;NA;NA;NA;NA;NA;NA;NA;NA;NA;NA;NA;NA;"supermarket";NA;NA;NA;NA;NA;NA;NA;-0,4032223;39,4580852
"node/12907552341";"node/12907552341";NA;NA;NA;NA;NA;"46007";NA;NA;NA;NA;NA;NA;NA;NA;NA;NA;NA;NA;NA;NA;2025-06-11;NA;NA;NA;NA;NA;NA;NA;NA;NA;NA;NA;NA;NA;NA;NA;"Consum";NA;NA;NA;NA;NA;NA;"Mo-Sa 09:00-21:30; Su off";NA;NA;NA;NA;"yes";NA;NA;"yes";"yes";NA;"yes";NA;"yes";NA;NA;NA;NA;NA;NA;NA;"supermarket";"survey";NA;NA;NA;NA;"yes";NA;-0,3821365;39,4639096
"node/12923580800";"node/12923580800";NA;NA;NA;NA;NA;NA;NA;NA;NA;NA;NA;NA;NA;NA;NA;NA;NA;NA;NA;NA;2025-06-18;NA;NA;NA;NA;NA;NA;NA;NA;NA;NA;NA;NA;NA;NA;NA;"Moaiz Dhillu Frutas y Verduras";NA;NA;NA;NA;NA;NA;"09:00-23:00";NA;NA;NA;NA;NA;NA;NA;NA;NA;NA;NA;NA;NA;NA;NA;NA;NA;NA;NA;NA;"supermarket";"survey";NA;NA;NA;NA;NA;NA;-0,3808551;39,4726943
"node/13070497636";"node/13070497636";NA;NA;NA;NA;NA;NA;NA;NA;NA;NA;NA;NA;NA;NA;NA;NA;NA;NA;NA;NA;NA;NA;NA;NA;NA;NA;NA;NA;NA;NA;NA;NA;NA;NA;NA;NA;"Kuups";NA;NA;NA;NA;NA;NA;NA;NA;NA;NA;NA;NA;NA;NA;NA;NA;NA;NA;NA;NA;NA;NA;NA;NA;NA;NA;NA;"supermarket";NA;NA;NA;NA;NA;NA;NA;-0,3380141;39,4724539
"node/13179003338";"node/13179003338";NA;NA;NA;NA;NA;NA;NA;NA;NA;NA;NA;NA;NA;NA;NA;NA;NA;NA;NA;NA;NA;NA;NA;NA;NA;NA;NA;NA;NA;NA;NA;NA;NA;NA;NA;NA;"Mr Kriz";NA;NA;NA;NA;NA;NA;NA;NA;NA;NA;NA;NA;NA;NA;NA;NA;NA;NA;NA;NA;NA;NA;NA;NA;NA;NA;NA;"supermarket";NA;NA;NA;NA;NA;NA;NA;-0,372145;39,4594146
"node/13227010701";"node/13227010701";NA;NA;NA;NA;"2";"46013";"Carretera de Zorrilla";NA;NA;NA;NA;NA;NA;NA;NA;NA;NA;NA;NA;NA;NA;NA;NA;NA;NA;NA;NA;NA;NA;NA;NA;NA;NA;NA;NA;NA;"Supermercado Día";NA;NA;NA;NA;NA;NA;"Mo-Sa 09:00-21:30";NA;NA;NA;NA;NA;NA;NA;NA;NA;NA;NA;NA;NA;NA;NA;"+34 912 17 04 53";NA;NA;NA;NA;"supermarket";NA;NA;NA;NA;"http://día.es";NA;NA;-0,3669605;39,4436349
"node/13295171257";"node/13295171257";NA;NA;NA;NA;NA;NA;NA;NA;NA;NA;NA;NA;"Consum";NA;"Q8350308";NA;NA;NA;NA;NA;NA;NA;NA;NA;NA;NA;NA;NA;NA;NA;NA;NA;NA;NA;NA;NA;"Consum";NA;NA;NA;NA;NA;NA;"Mo-Sa 09:00-21:30";NA;NA;NA;NA;NA;NA;NA;NA;NA;NA;NA;NA;NA;NA;NA;NA;NA;NA;NA;NA;"supermarket";NA;NA;NA;NA;NA;NA;NA;-0,352995;39,4746347
"node/13374705644";"node/13374705644";NA;NA;NA;NA;NA;NA;NA;NA;NA;NA;NA;NA;NA;NA;NA;NA;NA;NA;NA;NA;NA;NA;NA;NA;NA;NA;NA;NA;NA;NA;NA;NA;NA;NA;NA;NA;"Charter";NA;NA;NA;NA;NA;NA;"Mo-Sa 08:30-22:00; Su,PH 09:00-22:00";NA;NA;NA;NA;NA;NA;NA;NA;NA;NA;NA;NA;NA;NA;NA;NA;NA;NA;NA;NA;"supermarket";NA;NA;NA;NA;NA;NA;NA;-0,342211;39,4699326
"node/13477872654";"node/13477872654";NA;NA;NA;NA;NA;NA;NA;NA;NA;NA;NA;NA;NA;NA;NA;NA;NA;NA;NA;NA;NA;NA;NA;NA;NA;NA;NA;NA;NA;NA;NA;NA;NA;NA;NA;NA;"Consum";NA;NA;NA;NA;NA;NA;"Mo-Sa 09:00-21:30";NA;NA;NA;NA;NA;NA;NA;NA;NA;NA;NA;NA;NA;NA;NA;NA;NA;NA;NA;NA;"supermarket";NA;NA;NA;NA;NA;NA;NA;-0,3439822;39,4608122
"node/13596767421";"node/13596767421";NA;NA;NA;NA;NA;NA;NA;NA;NA;NA;NA;NA;NA;NA;NA;NA;NA;NA;NA;NA;NA;NA;NA;NA;NA;NA;NA;NA;NA;NA;NA;NA;NA;NA;"0";NA;"PoliMarket";NA;NA;NA;NA;NA;NA;NA;NA;NA;NA;NA;"yes";NA;NA;"yes";"yes";NA;NA;NA;NA;NA;NA;NA;NA;NA;NA;NA;"supermarket";NA;NA;NA;NA;NA;"yes";"File:Fachada polimarket.jpg";-0,3407622;39,4789703
